solid OpenSCAD_Model
  facet normal 0 1 0
    outer loop
      vertex 10.5 -1.65 -0.8999999999999999
      vertex 9 -1.65 -0.8999999999999999
      vertex 9 -1.65 0.8999999999999999
    endloop
  endfacet
  facet normal -0.7071067811865477 -0.7071067811865472 0
    outer loop
      vertex 11.381677722930908 1.3635254859924315 2.1
      vertex 11.381677722930908 1.3635254859924315 -0.8999999999999999
      vertex 11.713525485992431 1.0316777229309082 2.1
    endloop
  endfacet
  facet normal -0.8910064999370186 -0.45399054733549643 0
    outer loop
      vertex 11.713525485992431 1.0316777229309082 2.1
      vertex 11.713525485992431 1.0316777229309082 -0.8999999999999999
      vertex 11.926584720611572 0.6135254859924316 2.1
    endloop
  endfacet
  facet normal -0.9876883225818828 -0.1564345787714042 0
    outer loop
      vertex 11.926584720611572 0.6135254859924316 2.1
      vertex 11.926584720611572 0.6135254859924316 -0.8999999999999999
      vertex 12 0.15 2.1
    endloop
  endfacet
  facet normal -1 0 0
    outer loop
      vertex 12 0.15 -0.8999999999999999
      vertex 12 -0.15 2.1
      vertex 12 0.15 2.1
    endloop
  endfacet
  facet normal 0 -1 0
    outer loop
      vertex 10.5 1.65 2.1
      vertex 8.942774853493466 1.65 0.99
      vertex 9 1.65 0.8999999999999999
    endloop
  endfacet
  facet normal -0.4539905473354951 -0.8910064999370194 0
    outer loop
      vertex 10.963525485992431 1.5765847206115722 2.1
      vertex 10.963525485992431 1.5765847206115722 -0.8999999999999999
      vertex 11.381677722930908 1.3635254859924315 2.1
    endloop
  endfacet
  facet normal -0.15643457877140443 -0.9876883225818828 0
    outer loop
      vertex 10.5 1.65 2.1
      vertex 10.5 1.65 -0.8999999999999999
      vertex 10.963525485992431 1.5765847206115722 2.1
    endloop
  endfacet
  facet normal 0 -1 0
    outer loop
      vertex 10.5 1.65 2.1
      vertex 1.5 1.65 2.1
      vertex 1.5 1.65 0.99
    endloop
  endfacet
  facet normal 0 -1 0
    outer loop
      vertex 8.942774853493466 1.65 0.99
      vertex 10.5 1.65 2.1
      vertex 1.5 1.65 0.99
    endloop
  endfacet
  facet normal 0.1564345787714042 -0.9876883225818827 1.7335315628494193e-18
    outer loop
      vertex 1.5 1.65 2.1
      vertex 1.0364745140075684 1.5765847206115722 2.1
      vertex 1.0364745140075684 1.5765847206115722 0.99
    endloop
  endfacet
  facet normal 0.1564345787714042 -0.9876883225818827 0
    outer loop
      vertex 1.5 1.65 0.99
      vertex 1.5 1.65 2.1
      vertex 1.0364745140075684 1.5765847206115722 0.99
    endloop
  endfacet
  facet normal 0.4539905473354953 -0.8910064999370191 0
    outer loop
      vertex 1.0364745140075684 1.5765847206115722 2.1
      vertex 0.6183222770690918 1.3635254859924315 0.99
      vertex 1.0364745140075684 1.5765847206115722 0.99
    endloop
  endfacet
  facet normal 0.4539905473354953 -0.8910064999370191 -1.0683354767661015e-17
    outer loop
      vertex 1.0364745140075684 1.5765847206115722 2.1
      vertex 0.6183222770690918 1.3635254859924315 2.1
      vertex 0.6183222770690918 1.3635254859924315 0.99
    endloop
  endfacet
  facet normal 0.7071067811865474 -0.7071067811865477 -7.806721870532328e-19
    outer loop
      vertex 0.6183222770690918 1.3635254859924315 2.1
      vertex 0.28647451400756835 1.0316777229309082 2.1
      vertex 0.28647451400756835 1.0316777229309082 0.99
    endloop
  endfacet
  facet normal 0.8910064999370191 -0.4539905473354952 -1.9614665239538235e-18
    outer loop
      vertex 0.28647451400756835 1.0316777229309082 2.1
      vertex 0.07341527938842773 0.6135254859924316 2.1
      vertex 0.07341527938842773 0.6135254859924316 0.99
    endloop
  endfacet
  facet normal 0.9876883225818827 -0.1564345787714042 1.7335315628494193e-18
    outer loop
      vertex 0.07341527938842773 0.6135254859924316 2.1
      vertex 0 0.15 2.1
      vertex 0 0.15 0.99
    endloop
  endfacet
  facet normal 0.7071067811865474 -0.7071067811865477 -7.806721870532328e-19
    outer loop
      vertex 0.28647451400756835 1.0316777229309082 0.99
      vertex 0.6183222770690918 1.3635254859924315 0.99
      vertex 0.6183222770690918 1.3635254859924315 2.1
    endloop
  endfacet
  facet normal 0.8910064999370191 -0.4539905473354952 -1.9614665239538235e-18
    outer loop
      vertex 0.07341527938842773 0.6135254859924316 0.99
      vertex 0.28647451400756835 1.0316777229309082 0.99
      vertex 0.28647451400756835 1.0316777229309082 2.1
    endloop
  endfacet
  facet normal 0.9876883225818827 -0.1564345787714042 0
    outer loop
      vertex 0.07341527938842773 0.6135254859924316 0.99
      vertex 0.07341527938842773 0.6135254859924316 2.1
      vertex 0 0.15 0.99
    endloop
  endfacet
  facet normal 1 0 0
    outer loop
      vertex 0 0.15 2.1
      vertex 0 -0.15 0.99
      vertex 0 0.15 0.99
    endloop
  endfacet
  facet normal -0.7071067811865477 -0.7071067811865472 3.1645061693977846e-18
    outer loop
      vertex 11.381677722930908 1.3635254859924315 -0.8999999999999999
      vertex 11.713525485992431 1.0316777229309082 -0.8999999999999999
      vertex 11.713525485992431 1.0316777229309082 2.1
    endloop
  endfacet
  facet normal -0.8910064999370186 -0.45399054733549643 3.249963388392795e-18
    outer loop
      vertex 11.713525485992431 1.0316777229309082 -0.8999999999999999
      vertex 11.926584720611572 0.6135254859924316 -0.8999999999999999
      vertex 11.926584720611572 0.6135254859924316 2.1
    endloop
  endfacet
  facet normal -0.9876883225818828 -0.1564345787714042 -6.414066782542853e-19
    outer loop
      vertex 11.926584720611572 0.6135254859924316 -0.8999999999999999
      vertex 12 0.15 -0.8999999999999999
      vertex 12 0.15 2.1
    endloop
  endfacet
  facet normal 0 -1 0
    outer loop
      vertex 9 1.65 -0.8999999999999999
      vertex 10.5 1.65 2.1
      vertex 9 1.65 0.8999999999999999
    endloop
  endfacet
  facet normal 0 -1 0
    outer loop
      vertex 8.942774853493466 1.65 0.99
      vertex 8.942774853493466 1.65 0.8999999999999999
      vertex 9 1.65 0.8999999999999999
    endloop
  endfacet
  facet normal -0.15643457877140443 -0.9876883225818828 -4.054947601298055e-19
    outer loop
      vertex 10.5 1.65 -0.8999999999999999
      vertex 10.963525485992431 1.5765847206115722 -0.8999999999999999
      vertex 10.963525485992431 1.5765847206115722 2.1
    endloop
  endfacet
  facet normal 0 -1 0
    outer loop
      vertex 10.5 1.65 2.1
      vertex 9 1.65 -0.8999999999999999
      vertex 10.5 1.65 -0.8999999999999999
    endloop
  endfacet
  facet normal -0.4539905473354951 -0.8910064999370194 2.8348424997573257e-18
    outer loop
      vertex 10.963525485992431 1.5765847206115722 -0.8999999999999999
      vertex 11.381677722930908 1.3635254859924315 -0.8999999999999999
      vertex 11.381677722930908 1.3635254859924315 2.1
    endloop
  endfacet
  facet normal -0.9876883225818828 0.1564345787714042 0
    outer loop
      vertex 12 -0.15 2.1
      vertex 12 -0.15 -0.8999999999999999
      vertex 11.926584720611572 -0.6135254859924316 2.1
    endloop
  endfacet
  facet normal -0.8910064999370186 0.45399054733549643 0
    outer loop
      vertex 11.926584720611572 -0.6135254859924316 2.1
      vertex 11.926584720611572 -0.6135254859924316 -0.8999999999999999
      vertex 11.713525485992431 -1.0316777229309082 2.1
    endloop
  endfacet
  facet normal -0.7071067811865477 0.7071067811865472 0
    outer loop
      vertex 11.713525485992431 -1.0316777229309082 2.1
      vertex 11.713525485992431 -1.0316777229309082 -0.8999999999999999
      vertex 11.381677722930908 -1.3635254859924315 2.1
    endloop
  endfacet
  facet normal -0.4539905473354951 0.8910064999370194 0
    outer loop
      vertex 11.381677722930908 -1.3635254859924315 2.1
      vertex 11.381677722930908 -1.3635254859924315 -0.8999999999999999
      vertex 10.963525485992431 -1.5765847206115722 2.1
    endloop
  endfacet
  facet normal -0.15643457877140443 0.9876883225818828 0
    outer loop
      vertex 10.963525485992431 -1.5765847206115722 2.1
      vertex 10.963525485992431 -1.5765847206115722 -0.8999999999999999
      vertex 10.5 -1.65 2.1
    endloop
  endfacet
  facet normal 0 1 0
    outer loop
      vertex 8.942774853493466 -1.65 0.99
      vertex 1.5 -1.65 2.1
      vertex 10.5 -1.65 2.1
    endloop
  endfacet
  facet normal 0 1 0
    outer loop
      vertex 8.942774853493466 -1.65 0.99
      vertex 1.5 -1.65 0.99
      vertex 1.5 -1.65 2.1
    endloop
  endfacet
  facet normal 1 0 0
    outer loop
      vertex 0 0.15 2.1
      vertex 0 -0.15 2.1
      vertex 0 -0.15 0.99
    endloop
  endfacet
  facet normal 0.9876883225818827 0.1564345787714042 -1.7335315628494193e-18
    outer loop
      vertex 0 -0.15 2.1
      vertex 0.07341527938842773 -0.6135254859924316 2.1
      vertex 0.07341527938842773 -0.6135254859924316 0.99
    endloop
  endfacet
  facet normal 0.8910064999370191 0.4539905473354952 1.9614665239538235e-18
    outer loop
      vertex 0.07341527938842773 -0.6135254859924316 2.1
      vertex 0.28647451400756835 -1.0316777229309082 2.1
      vertex 0.28647451400756835 -1.0316777229309082 0.99
    endloop
  endfacet
  facet normal 0.7071067811865474 0.7071067811865477 7.806721870532328e-19
    outer loop
      vertex 0.28647451400756835 -1.0316777229309082 2.1
      vertex 0.6183222770690918 -1.3635254859924315 2.1
      vertex 0.6183222770690918 -1.3635254859924315 0.99
    endloop
  endfacet
  facet normal 0.9876883225818827 0.1564345787714042 -1.7335315628494193e-18
    outer loop
      vertex 0.07341527938842773 -0.6135254859924316 0.99
      vertex 0 -0.15 0.99
      vertex 0 -0.15 2.1
    endloop
  endfacet
  facet normal 0.8910064999370191 0.4539905473354952 0
    outer loop
      vertex 0.07341527938842773 -0.6135254859924316 0.99
      vertex 0.07341527938842773 -0.6135254859924316 2.1
      vertex 0.28647451400756835 -1.0316777229309082 0.99
    endloop
  endfacet
  facet normal 0.4539905473354953 0.8910064999370191 0
    outer loop
      vertex 0.6183222770690918 -1.3635254859924315 2.1
      vertex 1.0364745140075684 -1.5765847206115722 0.99
      vertex 0.6183222770690918 -1.3635254859924315 0.99
    endloop
  endfacet
  facet normal 0.7071067811865474 0.7071067811865477 7.806721870532328e-19
    outer loop
      vertex 0.6183222770690918 -1.3635254859924315 0.99
      vertex 0.28647451400756835 -1.0316777229309082 0.99
      vertex 0.28647451400756835 -1.0316777229309082 2.1
    endloop
  endfacet
  facet normal 0.1564345787714042 0.9876883225818827 0
    outer loop
      vertex 1.5 -1.65 0.99
      vertex 1.0364745140075684 -1.5765847206115722 2.1
      vertex 1.5 -1.65 2.1
    endloop
  endfacet
  facet normal 0.4539905473354953 0.8910064999370191 1.0683354767661015e-17
    outer loop
      vertex 0.6183222770690918 -1.3635254859924315 2.1
      vertex 1.0364745140075684 -1.5765847206115722 2.1
      vertex 1.0364745140075684 -1.5765847206115722 0.99
    endloop
  endfacet
  facet normal 0.1564345787714042 0.9876883225818827 -1.7335315628494193e-18
    outer loop
      vertex 1.5 -1.65 0.99
      vertex 1.0364745140075684 -1.5765847206115722 0.99
      vertex 1.0364745140075684 -1.5765847206115722 2.1
    endloop
  endfacet
  facet normal -1 0 0
    outer loop
      vertex 12 0.15 -0.8999999999999999
      vertex 12 -0.15 -0.8999999999999999
      vertex 12 -0.15 2.1
    endloop
  endfacet
  facet normal -0.9876883225818828 0.1564345787714042 6.414066782542853e-19
    outer loop
      vertex 12 -0.15 -0.8999999999999999
      vertex 11.926584720611572 -0.6135254859924316 -0.8999999999999999
      vertex 11.926584720611572 -0.6135254859924316 2.1
    endloop
  endfacet
  facet normal -0.8910064999370186 0.45399054733549643 -3.249963388392795e-18
    outer loop
      vertex 11.926584720611572 -0.6135254859924316 -0.8999999999999999
      vertex 11.713525485992431 -1.0316777229309082 -0.8999999999999999
      vertex 11.713525485992431 -1.0316777229309082 2.1
    endloop
  endfacet
  facet normal -0.7071067811865477 0.7071067811865472 -3.1645061693977846e-18
    outer loop
      vertex 11.713525485992431 -1.0316777229309082 -0.8999999999999999
      vertex 11.381677722930908 -1.3635254859924315 -0.8999999999999999
      vertex 11.381677722930908 -1.3635254859924315 2.1
    endloop
  endfacet
  facet normal 0 1 0
    outer loop
      vertex 10.5 -1.65 2.1
      vertex 10.5 -1.65 -0.8999999999999999
      vertex 8.942774853493466 -1.65 0.99
    endloop
  endfacet
  facet normal 0 1 0
    outer loop
      vertex 9 -1.65 0.8999999999999999
      vertex 8.942774853493466 -1.65 0.8999999999999999
      vertex 8.942774853493466 -1.65 0.99
    endloop
  endfacet
  facet normal 0 1 0
    outer loop
      vertex 8.942774853493466 -1.65 0.99
      vertex 10.5 -1.65 -0.8999999999999999
      vertex 9 -1.65 0.8999999999999999
    endloop
  endfacet
  facet normal -0.4539905473354951 0.8910064999370194 -2.8348424997573257e-18
    outer loop
      vertex 11.381677722930908 -1.3635254859924315 -0.8999999999999999
      vertex 10.963525485992431 -1.5765847206115722 -0.8999999999999999
      vertex 10.963525485992431 -1.5765847206115722 2.1
    endloop
  endfacet
  facet normal -0.15643457877140443 0.9876883225818828 4.054947601298055e-19
    outer loop
      vertex 10.963525485992431 -1.5765847206115722 -0.8999999999999999
      vertex 10.5 -1.65 -0.8999999999999999
      vertex 10.5 -1.65 2.1
    endloop
  endfacet
  facet normal 0 0 1
    outer loop
      vertex 15 6 2.1
      vertex 10.5 1.65 2.1
      vertex 10.963525485992431 1.5765847206115722 2.1
    endloop
  endfacet
  facet normal 0 -1 0
    outer loop
      vertex -15 -6 2.1
      vertex -15 -6 -0.8999999999999999
      vertex 15 -6 2.1
    endloop
  endfacet
  facet normal 0 0 -1
    outer loop
      vertex -2.0475 3.0261156634559767 -0.8999999999999999
      vertex -15 6 -0.8999999999999999
      vertex -1.8900000000000001 3.0954195674263536 -0.8999999999999999
    endloop
  endfacet
  facet normal 0 0 -1
    outer loop
      vertex -1.7936340459088937 3.1350000000000002 -0.8999999999999999
      vertex -15 6 -0.8999999999999999
      vertex -1.7325000000000002 3.1610311488052854 -0.8999999999999999
    endloop
  endfacet
  facet normal 0 0 1
    outer loop
      vertex 11.713525485992431 1.0316777229309082 2.1
      vertex 11.926584720611572 0.6135254859924316 2.1
      vertex 15 6 2.1
    endloop
  endfacet
  facet normal 0 0 1
    outer loop
      vertex 11.926584720611572 0.6135254859924316 2.1
      vertex 12 0.15 2.1
      vertex 15 6 2.1
    endloop
  endfacet
  facet normal 0 0 1
    outer loop
      vertex 12 0.15 2.1
      vertex 12 -0.15 2.1
      vertex 15 6 2.1
    endloop
  endfacet
  facet normal 0 0 1
    outer loop
      vertex 12 -0.15 2.1
      vertex 11.926584720611572 -0.6135254859924316 2.1
      vertex 15 6 2.1
    endloop
  endfacet
  facet normal 1 0 0
    outer loop
      vertex 15 6 2.1
      vertex 15 -6 2.1
      vertex 15 6 -0.8999999999999999
    endloop
  endfacet
  facet normal 0 0 -1
    outer loop
      vertex -15 -6 -0.8999999999999999
      vertex -7.0874999999999995 -3.185064709006955 -0.8999999999999999
      vertex -6.930000000000001 -3.2323971641253753 -0.8999999999999999
    endloop
  endfacet
  facet normal 0 0 -1
    outer loop
      vertex -15 -6 -0.8999999999999999
      vertex -6.930000000000001 -3.2323971641253753 -0.8999999999999999
      vertex -6.7725 -3.268825014549791 -0.8999999999999999
    endloop
  endfacet
  facet normal 0 0 -1
    outer loop
      vertex -15 -6 -0.8999999999999999
      vertex -6.7725 -3.268825014549791 -0.8999999999999999
      vertex -6.615 -3.296035956983753 -0.8999999999999999
    endloop
  endfacet
  facet normal 0 0 -1
    outer loop
      vertex -15 -6 -0.8999999999999999
      vertex -6.615 -3.296035956983753 -0.8999999999999999
      vertex -6.583344889949578 -3.3 -0.8999999999999999
    endloop
  endfacet
  facet normal 0 0 -1
    outer loop
      vertex -15 -6 -0.8999999999999999
      vertex -7.7175 -2.9053742011843156 -0.8999999999999999
      vertex -7.592425148724197 -2.97 -0.8999999999999999
    endloop
  endfacet
  facet normal 0 0 -1
    outer loop
      vertex -15 -6 -0.8999999999999999
      vertex -7.4025 -3.0659073482655077 -0.8999999999999999
      vertex -7.245 -3.126897756383538 -0.8999999999999999
    endloop
  endfacet
  facet normal 0 0 -1
    outer loop
      vertex -15 -6 -0.8999999999999999
      vertex -7.592425148724197 -2.97 -0.8999999999999999
      vertex -7.5600000000000005 -2.98825503964976 -0.8999999999999999
    endloop
  endfacet
  facet normal 0 0 1
    outer loop
      vertex 15 6 2.1
      vertex -15 6 2.1
      vertex 10.5 1.65 2.1
    endloop
  endfacet
  facet normal 0 1 0
    outer loop
      vertex 15 6 -0.8999999999999999
      vertex -15 6 2.1
      vertex 15 6 2.1
    endloop
  endfacet
  facet normal 0 0 -1
    outer loop
      vertex -7.4025 -3.0659073482655077 -0.8999999999999999
      vertex -15 -6 -0.8999999999999999
      vertex -7.5600000000000005 -2.98825503964976 -0.8999999999999999
    endloop
  endfacet
  facet normal 0 0 -1
    outer loop
      vertex -7.7175 -2.9053742011843156 -0.8999999999999999
      vertex -15 -6 -0.8999999999999999
      vertex -7.873047814591288 -2.805 -0.8999999999999999
    endloop
  endfacet
  facet normal 0 0 -1
    outer loop
      vertex -7.873047814591288 -2.805 -0.8999999999999999
      vertex -15 -6 -0.8999999999999999
      vertex -7.875 -2.8038151944859417 -0.8999999999999999
    endloop
  endfacet
  facet normal 0 0 -1
    outer loop
      vertex -7.875 -2.8038151944859417 -0.8999999999999999
      vertex -15 -6 -0.8999999999999999
      vertex -8.0325 -2.696549613019818 -0.8999999999999999
    endloop
  endfacet
  facet normal 0 0 -1
    outer loop
      vertex -15 -6 -0.8999999999999999
      vertex -7.245 -3.126897756383538 -0.8999999999999999
      vertex -7.2200160590425515 -3.1350000000000002 -0.8999999999999999
    endloop
  endfacet
  facet normal 0 0 -1
    outer loop
      vertex -7.0874999999999995 -3.185064709006955 -0.8999999999999999
      vertex -15 -6 -0.8999999999999999
      vertex -7.2200160590425515 -3.1350000000000002 -0.8999999999999999
    endloop
  endfacet
  facet normal 0 0 -1
    outer loop
      vertex -15 -6 -0.8999999999999999
      vertex -8.3475 -2.427481600847447 -0.8999999999999999
      vertex -8.296366628056623 -2.475 -0.8999999999999999
    endloop
  endfacet
  facet normal 0 0 -1
    outer loop
      vertex -8.3475 -2.427481600847447 -0.8999999999999999
      vertex -15 -6 -0.8999999999999999
      vertex -8.462437124604365 -2.31 -0.8999999999999999
    endloop
  endfacet
  facet normal 0 0 -1
    outer loop
      vertex -8.103278710919977 -2.64 -0.8999999999999999
      vertex -15 -6 -0.8999999999999999
      vertex -8.19 -2.5711522162367886 -0.8999999999999999
    endloop
  endfacet
  facet normal 0 0 -1
    outer loop
      vertex -8.19 -2.5711522162367886 -0.8999999999999999
      vertex -15 -6 -0.8999999999999999
      vertex -8.296366628056623 -2.475 -0.8999999999999999
    endloop
  endfacet
  facet normal 0 0 -1
    outer loop
      vertex -15 -6 -0.8999999999999999
      vertex -8.60752987044666 -2.145 -0.8999999999999999
      vertex -8.505 -2.26360417770149 -0.8999999999999999
    endloop
  endfacet
  facet normal 0 0 -1
    outer loop
      vertex -8.462437124604365 -2.31 -0.8999999999999999
      vertex -15 -6 -0.8999999999999999
      vertex -8.505 -2.26360417770149 -0.8999999999999999
    endloop
  endfacet
  facet normal 0 0 -1
    outer loop
      vertex -8.60752987044666 -2.145 -0.8999999999999999
      vertex -15 -6 -0.8999999999999999
      vertex -8.6625 -2.074570018804785 -0.8999999999999999
    endloop
  endfacet
  facet normal 0 0 -1
    outer loop
      vertex 15 6 -0.8999999999999999
      vertex 10.963525485992431 1.5765847206115722 -0.8999999999999999
      vertex 10.5 1.65 -0.8999999999999999
    endloop
  endfacet
  facet normal 0 0 -1
    outer loop
      vertex 10.5 1.65 -0.8999999999999999
      vertex 8.844074937857114 1.8150000000000002 -0.8999999999999999
      vertex 15 6 -0.8999999999999999
    endloop
  endfacet
  facet normal 0 0 -1
    outer loop
      vertex 8.103278710919977 2.64 -0.8999999999999999
      vertex 8.0325 2.696549613019818 -0.8999999999999999
      vertex 15 6 -0.8999999999999999
    endloop
  endfacet
  facet normal 0 0 -1
    outer loop
      vertex 7.0874999999999995 3.185064709006955 -0.8999999999999999
      vertex 6.930000000000001 3.2323971641253753 -0.8999999999999999
      vertex 15 6 -0.8999999999999999
    endloop
  endfacet
  facet normal 0 0 -1
    outer loop
      vertex 6.930000000000001 3.2323971641253753 -0.8999999999999999
      vertex 6.7725 3.268825014549791 -0.8999999999999999
      vertex 15 6 -0.8999999999999999
    endloop
  endfacet
  facet normal 0 0 -1
    outer loop
      vertex 6.7725 3.268825014549791 -0.8999999999999999
      vertex 6.615 3.296035956983753 -0.8999999999999999
      vertex 15 6 -0.8999999999999999
    endloop
  endfacet
  facet normal 0 0 -1
    outer loop
      vertex 6.615 3.296035956983753 -0.8999999999999999
      vertex 6.583344889949579 3.3 -0.8999999999999999
      vertex 15 6 -0.8999999999999999
    endloop
  endfacet
  facet normal 0 0 -1
    outer loop
      vertex 15 6 -0.8999999999999999
      vertex 7.7175 2.9053742011843156 -0.8999999999999999
      vertex 7.592425148724197 2.97 -0.8999999999999999
    endloop
  endfacet
  facet normal 0 0 -1
    outer loop
      vertex 7.4025 3.0659073482655077 -0.8999999999999999
      vertex 7.245 3.126897756383538 -0.8999999999999999
      vertex 15 6 -0.8999999999999999
    endloop
  endfacet
  facet normal 0 0 -1
    outer loop
      vertex 7.592425148724197 2.97 -0.8999999999999999
      vertex 7.5600000000000005 2.98825503964976 -0.8999999999999999
      vertex 15 6 -0.8999999999999999
    endloop
  endfacet
  facet normal 0 0 -1
    outer loop
      vertex 15 6 -0.8999999999999999
      vertex 7.5600000000000005 2.98825503964976 -0.8999999999999999
      vertex 7.536178026279728 3 -0.8999999999999999
    endloop
  endfacet
  facet normal 0 0 -1
    outer loop
      vertex 7.4025 3.0659073482655077 -0.8999999999999999
      vertex 15 6 -0.8999999999999999
      vertex 7.536178026279728 3 -0.8999999999999999
    endloop
  endfacet
  facet normal 0 0 -1
    outer loop
      vertex 15 6 -0.8999999999999999
      vertex 7.873047814591288 2.805 -0.8999999999999999
      vertex 7.7175 2.9053742011843156 -0.8999999999999999
    endloop
  endfacet
  facet normal 0 0 -1
    outer loop
      vertex 7.875 2.8038151944859417 -0.8999999999999999
      vertex 7.873047814591288 2.805 -0.8999999999999999
      vertex 15 6 -0.8999999999999999
    endloop
  endfacet
  facet normal 0 0 -1
    outer loop
      vertex 8.0325 2.696549613019818 -0.8999999999999999
      vertex 7.875 2.8038151944859417 -0.8999999999999999
      vertex 15 6 -0.8999999999999999
    endloop
  endfacet
  facet normal 0 0 -1
    outer loop
      vertex 7.245 3.126897756383538 -0.8999999999999999
      vertex 7.2200160590425515 3.1350000000000002 -0.8999999999999999
      vertex 15 6 -0.8999999999999999
    endloop
  endfacet
  facet normal 0 0 -1
    outer loop
      vertex 7.2200160590425515 3.1350000000000002 -0.8999999999999999
      vertex 7.0874999999999995 3.185064709006955 -0.8999999999999999
      vertex 15 6 -0.8999999999999999
    endloop
  endfacet
  facet normal 0 0 -1
    outer loop
      vertex 15 6 -0.8999999999999999
      vertex 8.3475 2.427481600847447 -0.8999999999999999
      vertex 8.296366628056623 2.475 -0.8999999999999999
    endloop
  endfacet
  facet normal 0 0 -1
    outer loop
      vertex 8.462437124604365 2.31 -0.8999999999999999
      vertex 8.3475 2.427481600847447 -0.8999999999999999
      vertex 15 6 -0.8999999999999999
    endloop
  endfacet
  facet normal 0 0 -1
    outer loop
      vertex 15 6 -0.8999999999999999
      vertex 8.19 2.5711522162367886 -0.8999999999999999
      vertex 8.103278710919977 2.64 -0.8999999999999999
    endloop
  endfacet
  facet normal 0 0 -1
    outer loop
      vertex 8.296366628056623 2.475 -0.8999999999999999
      vertex 8.19 2.5711522162367886 -0.8999999999999999
      vertex 15 6 -0.8999999999999999
    endloop
  endfacet
  facet normal 0 0 -1
    outer loop
      vertex 15 6 -0.8999999999999999
      vertex 8.60752987044666 2.145 -0.8999999999999999
      vertex 8.505 2.26360417770149 -0.8999999999999999
    endloop
  endfacet
  facet normal 0 0 -1
    outer loop
      vertex 8.505 2.26360417770149 -0.8999999999999999
      vertex 8.462437124604365 2.31 -0.8999999999999999
      vertex 15 6 -0.8999999999999999
    endloop
  endfacet
  facet normal 0 0 -1
    outer loop
      vertex 15 6 -0.8999999999999999
      vertex 8.6625 2.074570018804785 -0.8999999999999999
      vertex 8.60752987044666 2.145 -0.8999999999999999
    endloop
  endfacet
  facet normal 0 0 -1
    outer loop
      vertex 15 6 -0.8999999999999999
      vertex 8.734547844985961 1.98 -0.8999999999999999
      vertex 8.6625 2.074570018804785 -0.8999999999999999
    endloop
  endfacet
  facet normal 0 0 -1
    outer loop
      vertex 15 6 -0.8999999999999999
      vertex 8.82 1.8510199582010838 -0.8999999999999999
      vertex 8.734547844985961 1.98 -0.8999999999999999
    endloop
  endfacet
  facet normal 0 0 -1
    outer loop
      vertex 8.844074937857114 1.8150000000000002 -0.8999999999999999
      vertex 8.82 1.8510199582010838 -0.8999999999999999
      vertex 15 6 -0.8999999999999999
    endloop
  endfacet
  facet normal 0 0 -1
    outer loop
      vertex 6.583344889949579 3.3 -0.8999999999999999
      vertex 5.515771732045114 3.3 -0.8999999999999999
      vertex 15 6 -0.8999999999999999
    endloop
  endfacet
  facet normal 0 0 -1
    outer loop
      vertex -8.6625 -2.074570018804785 -0.8999999999999999
      vertex -15 -6 -0.8999999999999999
      vertex -8.734547844985961 -1.98 -0.8999999999999999
    endloop
  endfacet
  facet normal 0 0 -1
    outer loop
      vertex -8.734547844985961 -1.98 -0.8999999999999999
      vertex -15 -6 -0.8999999999999999
      vertex -8.82 -1.8510199582010831 -0.8999999999999999
    endloop
  endfacet
  facet normal 0 0 -1
    outer loop
      vertex -8.82 -1.8510199582010831 -0.8999999999999999
      vertex -15 -6 -0.8999999999999999
      vertex -8.844074937857114 -1.8150000000000002 -0.8999999999999999
    endloop
  endfacet
  facet normal 0 0 -1
    outer loop
      vertex -8.844074937857114 -1.8150000000000002 -0.8999999999999999
      vertex -15 -6 -0.8999999999999999
      vertex -8.942774853493466 -1.65 -0.8999999999999999
    endloop
  endfacet
  facet normal 0 0 -1
    outer loop
      vertex -8.942774853493466 -1.65 -0.8999999999999999
      vertex -15 -6 -0.8999999999999999
      vertex -8.9775 -1.580960655258357 -0.8999999999999999
    endloop
  endfacet
  facet normal 0 0 -1
    outer loop
      vertex -8.9775 -1.580960655258357 -0.8999999999999999
      vertex -15 -6 -0.8999999999999999
      vertex -9.028874679335836 -1.485 -0.8999999999999999
    endloop
  endfacet
  facet normal 0 0 -1
    outer loop
      vertex -15 -6 -0.8999999999999999
      vertex -6.583344889949578 -3.3 -0.8999999999999999
      vertex -5.515771732045114 -3.3 -0.8999999999999999
    endloop
  endfacet
  facet normal 0 0 -1
    outer loop
      vertex -15 -6 -0.8999999999999999
      vertex -5.515771732045114 -3.3 -0.8999999999999999
      vertex -5.5125 -3.2996081997448408 -0.8999999999999999
    endloop
  endfacet
  facet normal 0 0 -1
    outer loop
      vertex 15 6 -0.8999999999999999
      vertex 11.713525485992431 1.0316777229309082 -0.8999999999999999
      vertex 11.381677722930908 1.3635254859924315 -0.8999999999999999
    endloop
  endfacet
  facet normal 0 0 -1
    outer loop
      vertex 10.963525485992431 1.5765847206115722 -0.8999999999999999
      vertex 15 6 -0.8999999999999999
      vertex 11.381677722930908 1.3635254859924315 -0.8999999999999999
    endloop
  endfacet
  facet normal 0 0 -1
    outer loop
      vertex 15 6 -0.8999999999999999
      vertex 11.926584720611572 0.6135254859924316 -0.8999999999999999
      vertex 11.713525485992431 1.0316777229309082 -0.8999999999999999
    endloop
  endfacet
  facet normal 0 0 -1
    outer loop
      vertex 15 6 -0.8999999999999999
      vertex 15 -6 -0.8999999999999999
      vertex 11.926584720611572 0.6135254859924316 -0.8999999999999999
    endloop
  endfacet
  facet normal 0 0 -1
    outer loop
      vertex 9 1.65 -0.8999999999999999
      vertex 8.844074937857114 1.8150000000000002 -0.8999999999999999
      vertex 10.5 1.65 -0.8999999999999999
    endloop
  endfacet
  facet normal 0 0 -1
    outer loop
      vertex 8.844074937857114 1.8150000000000002 -0.8999999999999999
      vertex 9 1.65 -0.8999999999999999
      vertex 8.942774853493466 1.65 -0.8999999999999999
    endloop
  endfacet
  facet normal 0 0 -1
    outer loop
      vertex 5.515771732045114 3.3 -0.8999999999999999
      vertex -15 6 -0.8999999999999999
      vertex 15 6 -0.8999999999999999
    endloop
  endfacet
  facet normal 0 0 -1
    outer loop
      vertex 1.7936340459088942 3.1350000000000002 -0.8999999999999999
      vertex 4.095 2.868271803812274 -0.8999999999999999
      vertex 1.8900000000000001 3.095419567426354 -0.8999999999999999
    endloop
  endfacet
  facet normal 0 0 -1
    outer loop
      vertex 1.4175000000000002 3.2798754537895842 -0.8999999999999999
      vertex 4.095 2.868271803812274 -0.8999999999999999
      vertex 1.575 3.2245377604225376 -0.8999999999999999
    endloop
  endfacet
  facet normal 0 0 -1
    outer loop
      vertex 1.7325000000000002 3.1610311488052854 -0.8999999999999999
      vertex 4.095 2.868271803812274 -0.8999999999999999
      vertex 1.7936340459088942 3.1350000000000002 -0.8999999999999999
    endloop
  endfacet
  facet normal 0 0 -1
    outer loop
      vertex 4.095 2.868271803812274 -0.8999999999999999
      vertex 1.7325000000000002 3.1610311488052854 -0.8999999999999999
      vertex 1.575 3.2245377604225376 -0.8999999999999999
    endloop
  endfacet
  facet normal 0 0 -1
    outer loop
      vertex 1.353553262104925 3.3 -0.8999999999999999
      vertex 4.095 2.868271803812274 -0.8999999999999999
      vertex 1.4175000000000002 3.2798754537895842 -0.8999999999999999
    endloop
  endfacet
  facet normal 0 0 -1
    outer loop
      vertex 3.9375 2.8051659371824265 -0.8999999999999999
      vertex 2.3625 2.883654939242748 -0.8999999999999999
      vertex 4.095 2.868271803812274 -0.8999999999999999
    endloop
  endfacet
  facet normal 0 0 -1
    outer loop
      vertex 3.9370235096496855 2.805 -0.8999999999999999
      vertex 2.3625 2.883654939242748 -0.8999999999999999
      vertex 3.9375 2.8051659371824265 -0.8999999999999999
    endloop
  endfacet
  facet normal 0 0 -1
    outer loop
      vertex 3.7800000000000002 2.750244248213755 -0.8999999999999999
      vertex 2.543436429377236 2.805 -0.8999999999999999
      vertex 3.9370235096496855 2.805 -0.8999999999999999
    endloop
  endfacet
  facet normal 0 0 -1
    outer loop
      vertex 3.6225 2.7020346693370016 -0.8999999999999999
      vertex 2.6775 2.7533199732440874 -0.8999999999999999
      vertex 3.7800000000000002 2.750244248213755 -0.8999999999999999
    endloop
  endfacet
  facet normal 0 0 -1
    outer loop
      vertex 3.4650000000000003 2.6657620636587454 -0.8999999999999999
      vertex 2.8350000000000004 2.702044146248437 -0.8999999999999999
      vertex 3.6225 2.7020346693370016 -0.8999999999999999
    endloop
  endfacet
  facet normal 0 0 -1
    outer loop
      vertex 4.095 2.868271803812274 -0.8999999999999999
      vertex 2.205 2.953575648801461 -0.8999999999999999
      vertex 2.1690309482965686 2.97 -0.8999999999999999
    endloop
  endfacet
  facet normal 0 0 -1
    outer loop
      vertex 3.9370235096496855 2.805 -0.8999999999999999
      vertex 2.52 2.8140511416313903 -0.8999999999999999
      vertex 2.3625 2.883654939242748 -0.8999999999999999
    endloop
  endfacet
  facet normal 0 0 -1
    outer loop
      vertex 2.205 2.953575648801461 -0.8999999999999999
      vertex 4.095 2.868271803812274 -0.8999999999999999
      vertex 2.3625 2.883654939242748 -0.8999999999999999
    endloop
  endfacet
  facet normal 0 0 -1
    outer loop
      vertex 3.3075 2.64593306184701 -0.8999999999999999
      vertex 2.9924999999999997 2.6647490640826077 -0.8999999999999999
      vertex 3.4650000000000003 2.6657620636587454 -0.8999999999999999
    endloop
  endfacet
  facet normal 0 0 -1
    outer loop
      vertex 2.8350000000000004 2.702044146248437 -0.8999999999999999
      vertex 3.4650000000000003 2.6657620636587454 -0.8999999999999999
      vertex 2.9924999999999997 2.6647490640826077 -0.8999999999999999
    endloop
  endfacet
  facet normal 0 0 -1
    outer loop
      vertex 2.543436429377236 2.805 -0.8999999999999999
      vertex 2.52 2.8140511416313903 -0.8999999999999999
      vertex 3.9370235096496855 2.805 -0.8999999999999999
    endloop
  endfacet
  facet normal 0 0 -1
    outer loop
      vertex 2.543436429377236 2.805 -0.8999999999999999
      vertex 3.7800000000000002 2.750244248213755 -0.8999999999999999
      vertex 2.6775 2.7533199732440874 -0.8999999999999999
    endloop
  endfacet
  facet normal 0 0 -1
    outer loop
      vertex 2.6775 2.7533199732440874 -0.8999999999999999
      vertex 3.6225 2.7020346693370016 -0.8999999999999999
      vertex 2.8350000000000004 2.702044146248437 -0.8999999999999999
    endloop
  endfacet
  facet normal 0 0 -1
    outer loop
      vertex 2.0475 3.0261156634559776 -0.8999999999999999
      vertex 4.095 2.868271803812274 -0.8999999999999999
      vertex 2.104059276853046 3 -0.8999999999999999
    endloop
  endfacet
  facet normal 0 0 -1
    outer loop
      vertex 4.095 2.868271803812274 -0.8999999999999999
      vertex 2.1690309482965686 2.97 -0.8999999999999999
      vertex 2.104059276853046 3 -0.8999999999999999
    endloop
  endfacet
  facet normal 0 0 -1
    outer loop
      vertex 4.095 2.868271803812274 -0.8999999999999999
      vertex 2.0475 3.0261156634559776 -0.8999999999999999
      vertex 1.8900000000000001 3.095419567426354 -0.8999999999999999
    endloop
  endfacet
  facet normal 0 0 1
    outer loop
      vertex 11.926584720611572 -0.6135254859924316 2.1
      vertex 15 -6 2.1
      vertex 15 6 2.1
    endloop
  endfacet
  facet normal 0 0 1
    outer loop
      vertex 11.926584720611572 -0.6135254859924316 2.1
      vertex 11.713525485992431 -1.0316777229309082 2.1
      vertex 15 -6 2.1
    endloop
  endfacet
  facet normal 0 0 1
    outer loop
      vertex 11.713525485992431 -1.0316777229309082 2.1
      vertex 11.381677722930908 -1.3635254859924315 2.1
      vertex 15 -6 2.1
    endloop
  endfacet
  facet normal 0 0 1
    outer loop
      vertex 10.963525485992431 -1.5765847206115722 2.1
      vertex 15 -6 2.1
      vertex 11.381677722930908 -1.3635254859924315 2.1
    endloop
  endfacet
  facet normal 0 0 -1
    outer loop
      vertex -15 -6 -0.8999999999999999
      vertex -15 6 -0.8999999999999999
      vertex -9.266344811230214 -0.825 -0.8999999999999999
    endloop
  endfacet
  facet normal 0 0 -1
    outer loop
      vertex -9.028874679335836 -1.485 -0.8999999999999999
      vertex -15 -6 -0.8999999999999999
      vertex -9.10271188034301 -1.32 -0.8999999999999999
    endloop
  endfacet
  facet normal 0 0 -1
    outer loop
      vertex -9.10271188034301 -1.32 -0.8999999999999999
      vertex -15 -6 -0.8999999999999999
      vertex -9.135 -1.2317270920492107 -0.8999999999999999
    endloop
  endfacet
  facet normal 0 0 1
    outer loop
      vertex 10.5 -1.65 2.1
      vertex 15 -6 2.1
      vertex 10.963525485992431 -1.5765847206115722 2.1
    endloop
  endfacet
  facet normal 0 0 1
    outer loop
      vertex 10.5 -1.65 2.1
      vertex 1.5 -1.65 2.1
      vertex 15 -6 2.1
    endloop
  endfacet
  facet normal 0 0 -1
    outer loop
      vertex -9.135 -1.2317270920492107 -0.8999999999999999
      vertex -15 -6 -0.8999999999999999
      vertex -9.166411398703707 -1.155 -0.8999999999999999
    endloop
  endfacet
  facet normal 0 0 -1
    outer loop
      vertex -9.166411398703707 -1.155 -0.8999999999999999
      vertex -15 -6 -0.8999999999999999
      vertex -9.222844674297779 -0.99 -0.8999999999999999
    endloop
  endfacet
  facet normal 0 0 -1
    outer loop
      vertex -9.222844674297779 -0.99 -0.8999999999999999
      vertex -15 -6 -0.8999999999999999
      vertex -9.266344811230214 -0.825 -0.8999999999999999
    endloop
  endfacet
  facet normal 0 0 1
    outer loop
      vertex 1.5 -1.65 2.1
      vertex -15 -6 2.1
      vertex 15 -6 2.1
    endloop
  endfacet
  facet normal 1 0 0
    outer loop
      vertex 15 -6 2.1
      vertex 15 -6 -0.8999999999999999
      vertex 15 6 -0.8999999999999999
    endloop
  endfacet
  facet normal 0 0 -1
    outer loop
      vertex 12 0.15 -0.8999999999999999
      vertex 11.926584720611572 0.6135254859924316 -0.8999999999999999
      vertex 15 -6 -0.8999999999999999
    endloop
  endfacet
  facet normal 0 0 -1
    outer loop
      vertex 12 -0.15 -0.8999999999999999
      vertex 12 0.15 -0.8999999999999999
      vertex 15 -6 -0.8999999999999999
    endloop
  endfacet
  facet normal 0 0 -1
    outer loop
      vertex 11.926584720611572 -0.6135254859924316 -0.8999999999999999
      vertex 12 -0.15 -0.8999999999999999
      vertex 15 -6 -0.8999999999999999
    endloop
  endfacet
  facet normal 0 0 -1
    outer loop
      vertex 11.713525485992431 -1.0316777229309082 -0.8999999999999999
      vertex 11.926584720611572 -0.6135254859924316 -0.8999999999999999
      vertex 15 -6 -0.8999999999999999
    endloop
  endfacet
  facet normal 0 0 -1
    outer loop
      vertex 11.381677722930908 -1.3635254859924315 -0.8999999999999999
      vertex 11.713525485992431 -1.0316777229309082 -0.8999999999999999
      vertex 15 -6 -0.8999999999999999
    endloop
  endfacet
  facet normal 0 0 -1
    outer loop
      vertex 10.963525485992431 -1.5765847206115722 -0.8999999999999999
      vertex 11.381677722930908 -1.3635254859924315 -0.8999999999999999
      vertex 15 -6 -0.8999999999999999
    endloop
  endfacet
  facet normal 0 0 -1
    outer loop
      vertex 10.5 -1.65 -0.8999999999999999
      vertex 8.844074937857114 -1.8150000000000002 -0.8999999999999999
      vertex 9 -1.65 -0.8999999999999999
    endloop
  endfacet
  facet normal 0 0 -1
    outer loop
      vertex 10.5 -1.65 -0.8999999999999999
      vertex 8.82 -1.8510199582010838 -0.8999999999999999
      vertex 8.844074937857114 -1.8150000000000002 -0.8999999999999999
    endloop
  endfacet
  facet normal 0 0 -1
    outer loop
      vertex -15 -6 -0.8999999999999999
      vertex -5.5125 -3.2996081997448408 -0.8999999999999999
      vertex -1.353553262104925 -3.3 -0.8999999999999999
    endloop
  endfacet
  facet normal 0 0 -1
    outer loop
      vertex -15 -6 -0.8999999999999999
      vertex -1.353553262104925 -3.3 -0.8999999999999999
      vertex 1.353553262104925 -3.3 -0.8999999999999999
    endloop
  endfacet
  facet normal 0 0 -1
    outer loop
      vertex -1.353553262104925 -3.3 -0.8999999999999999
      vertex -5.5125 -3.2996081997448408 -0.8999999999999999
      vertex -5.355 -3.275099579214023 -0.8999999999999999
    endloop
  endfacet
  facet normal 0 0 -1
    outer loop
      vertex -1.353553262104925 -3.3 -0.8999999999999999
      vertex -5.355 -3.275099579214023 -0.8999999999999999
      vertex -5.1975 -3.243363967312743 -0.8999999999999999
    endloop
  endfacet
  facet normal 0 0 -1
    outer loop
      vertex -1.353553262104925 -3.3 -0.8999999999999999
      vertex -5.1975 -3.243363967312743 -0.8999999999999999
      vertex -5.04 -3.20400067340022 -0.8999999999999999
    endloop
  endfacet
  facet normal 0 0 -1
    outer loop
      vertex -5.04 -3.20400067340022 -0.8999999999999999
      vertex -4.8825 -3.1568063025356348 -0.8999999999999999
      vertex -1.4175000000000002 -3.2798754537895842 -0.8999999999999999
    endloop
  endfacet
  facet normal 0 0 -1
    outer loop
      vertex -4.8825 -3.1568063025356348 -0.8999999999999999
      vertex -4.816431120384157 -3.1350000000000002 -0.8999999999999999
      vertex -1.575 -3.2245377604225376 -0.8999999999999999
    endloop
  endfacet
  facet normal 0 0 -1
    outer loop
      vertex 8.844074937857114 -1.8150000000000002 -0.8999999999999999
      vertex 8.942774853493466 -1.65 -0.8999999999999999
      vertex 9 -1.65 -0.8999999999999999
    endloop
  endfacet
  facet normal 0 0 -1
    outer loop
      vertex 10.5 -1.65 -0.8999999999999999
      vertex 10.963525485992431 -1.5765847206115722 -0.8999999999999999
      vertex 15 -6 -0.8999999999999999
    endloop
  endfacet
  facet normal 0 0 -1
    outer loop
      vertex 8.82 -1.8510199582010838 -0.8999999999999999
      vertex 10.5 -1.65 -0.8999999999999999
      vertex 15 -6 -0.8999999999999999
    endloop
  endfacet
  facet normal 0 0 -1
    outer loop
      vertex 8.734547844985961 -1.98 -0.8999999999999999
      vertex 8.82 -1.8510199582010838 -0.8999999999999999
      vertex 15 -6 -0.8999999999999999
    endloop
  endfacet
  facet normal 0 0 -1
    outer loop
      vertex 8.6625 -2.074570018804785 -0.8999999999999999
      vertex 8.734547844985961 -1.98 -0.8999999999999999
      vertex 15 -6 -0.8999999999999999
    endloop
  endfacet
  facet normal 0 0 -1
    outer loop
      vertex 8.60752987044666 -2.145 -0.8999999999999999
      vertex 8.6625 -2.074570018804785 -0.8999999999999999
      vertex 15 -6 -0.8999999999999999
    endloop
  endfacet
  facet normal 0 0 -1
    outer loop
      vertex 8.505 -2.26360417770149 -0.8999999999999999
      vertex 8.60752987044666 -2.145 -0.8999999999999999
      vertex 15 -6 -0.8999999999999999
    endloop
  endfacet
  facet normal 0 0 -1
    outer loop
      vertex 8.462437124604365 -2.31 -0.8999999999999999
      vertex 8.505 -2.26360417770149 -0.8999999999999999
      vertex 15 -6 -0.8999999999999999
    endloop
  endfacet
  facet normal 0 0 -1
    outer loop
      vertex 8.3475 -2.427481600847447 -0.8999999999999999
      vertex 8.462437124604365 -2.31 -0.8999999999999999
      vertex 15 -6 -0.8999999999999999
    endloop
  endfacet
  facet normal 0 0 -1
    outer loop
      vertex 8.296366628056623 -2.475 -0.8999999999999999
      vertex 8.3475 -2.427481600847447 -0.8999999999999999
      vertex 15 -6 -0.8999999999999999
    endloop
  endfacet
  facet normal 0 0 -1
    outer loop
      vertex 8.19 -2.5711522162367886 -0.8999999999999999
      vertex 8.296366628056623 -2.475 -0.8999999999999999
      vertex 15 -6 -0.8999999999999999
    endloop
  endfacet
  facet normal 0 0 -1
    outer loop
      vertex 8.103278710919977 -2.64 -0.8999999999999999
      vertex 8.19 -2.5711522162367886 -0.8999999999999999
      vertex 15 -6 -0.8999999999999999
    endloop
  endfacet
  facet normal 0 0 -1
    outer loop
      vertex 8.0325 -2.696549613019818 -0.8999999999999999
      vertex 8.103278710919977 -2.64 -0.8999999999999999
      vertex 15 -6 -0.8999999999999999
    endloop
  endfacet
  facet normal 0 0 -1
    outer loop
      vertex 7.875 -2.8038151944859417 -0.8999999999999999
      vertex 8.0325 -2.696549613019818 -0.8999999999999999
      vertex 15 -6 -0.8999999999999999
    endloop
  endfacet
  facet normal 0 0 -1
    outer loop
      vertex 7.873047814591288 -2.805 -0.8999999999999999
      vertex 7.875 -2.8038151944859417 -0.8999999999999999
      vertex 15 -6 -0.8999999999999999
    endloop
  endfacet
  facet normal 0 0 -1
    outer loop
      vertex 7.7175 -2.9053742011843156 -0.8999999999999999
      vertex 7.873047814591288 -2.805 -0.8999999999999999
      vertex 15 -6 -0.8999999999999999
    endloop
  endfacet
  facet normal 0 0 -1
    outer loop
      vertex 7.592425148724197 -2.97 -0.8999999999999999
      vertex 7.7175 -2.9053742011843156 -0.8999999999999999
      vertex 15 -6 -0.8999999999999999
    endloop
  endfacet
  facet normal 0 0 -1
    outer loop
      vertex -15 -6 -0.8999999999999999
      vertex 1.353553262104925 -3.3 -0.8999999999999999
      vertex 4.095 -2.868271803812274 -0.8999999999999999
    endloop
  endfacet
  facet normal 0 0 -1
    outer loop
      vertex 4.2525 -2.930638597839275 -0.8999999999999999
      vertex 4.354829324922547 -2.97 -0.8999999999999999
      vertex -15 -6 -0.8999999999999999
    endloop
  endfacet
  facet normal 0 0 -1
    outer loop
      vertex 4.5675 -3.052631469275909 -0.8999999999999999
      vertex 4.725 -3.106792986298981 -0.8999999999999999
      vertex -15 -6 -0.8999999999999999
    endloop
  endfacet
  facet normal 0 0 -1
    outer loop
      vertex -15 -6 -0.8999999999999999
      vertex 4.41 -2.9916707438415977 -0.8999999999999999
      vertex 4.4315197216831335 -3 -0.8999999999999999
    endloop
  endfacet
  facet normal 0 0 -1
    outer loop
      vertex 4.354829324922547 -2.97 -0.8999999999999999
      vertex 4.41 -2.9916707438415977 -0.8999999999999999
      vertex -15 -6 -0.8999999999999999
    endloop
  endfacet
  facet normal 0 0 -1
    outer loop
      vertex 4.5675 -3.052631469275909 -0.8999999999999999
      vertex -15 -6 -0.8999999999999999
      vertex 4.4315197216831335 -3 -0.8999999999999999
    endloop
  endfacet
  facet normal 0 0 -1
    outer loop
      vertex 4.2525 -2.930638597839275 -0.8999999999999999
      vertex -15 -6 -0.8999999999999999
      vertex 4.095 -2.868271803812274 -0.8999999999999999
    endloop
  endfacet
  facet normal 0 0 -1
    outer loop
      vertex -1.575 -3.2245377604225376 -0.8999999999999999
      vertex -4.816431120384157 -3.1350000000000002 -0.8999999999999999
      vertex -4.725 -3.106792986298981 -0.8999999999999999
    endloop
  endfacet
  facet normal 0 0 -1
    outer loop
      vertex -4.725 -3.106792986298981 -0.8999999999999999
      vertex -4.5675 -3.052631469275909 -0.8999999999999999
      vertex -1.7325000000000002 -3.1610311488052854 -0.8999999999999999
    endloop
  endfacet
  facet normal 0 0 -1
    outer loop
      vertex -4.5675 -3.052631469275909 -0.8999999999999999
      vertex -4.41 -2.9916707438415977 -0.8999999999999999
      vertex -1.8900000000000001 -3.0954195674263536 -0.8999999999999999
    endloop
  endfacet
  facet normal 0 0 -1
    outer loop
      vertex -1.353553262104925 -3.3 -0.8999999999999999
      vertex -5.04 -3.20400067340022 -0.8999999999999999
      vertex -1.4175000000000002 -3.2798754537895842 -0.8999999999999999
    endloop
  endfacet
  facet normal 0 0 -1
    outer loop
      vertex -1.4175000000000002 -3.2798754537895842 -0.8999999999999999
      vertex -4.8825 -3.1568063025356348 -0.8999999999999999
      vertex -1.575 -3.2245377604225376 -0.8999999999999999
    endloop
  endfacet
  facet normal 0 0 -1
    outer loop
      vertex -4.5675 -3.052631469275909 -0.8999999999999999
      vertex -1.8900000000000001 -3.0954195674263536 -0.8999999999999999
      vertex -1.7936340459088937 -3.1350000000000002 -0.8999999999999999
    endloop
  endfacet
  facet normal 0 0 -1
    outer loop
      vertex -1.7325000000000002 -3.1610311488052854 -0.8999999999999999
      vertex -4.5675 -3.052631469275909 -0.8999999999999999
      vertex -1.7936340459088937 -3.1350000000000002 -0.8999999999999999
    endloop
  endfacet
  facet normal 0 0 -1
    outer loop
      vertex -1.575 -3.2245377604225376 -0.8999999999999999
      vertex -4.725 -3.106792986298981 -0.8999999999999999
      vertex -1.7325000000000002 -3.1610311488052854 -0.8999999999999999
    endloop
  endfacet
  facet normal 0 0 -1
    outer loop
      vertex -1.8900000000000001 -3.0954195674263536 -0.8999999999999999
      vertex -4.41 -2.9916707438415977 -0.8999999999999999
      vertex -2.0475 -3.0261156634559767 -0.8999999999999999
    endloop
  endfacet
  facet normal 0 0 -1
    outer loop
      vertex 5.04 -3.20400067340022 -0.8999999999999999
      vertex 5.1975 -3.243363967312743 -0.8999999999999999
      vertex -15 -6 -0.8999999999999999
    endloop
  endfacet
  facet normal 0 0 -1
    outer loop
      vertex 5.1975 -3.243363967312743 -0.8999999999999999
      vertex 5.355 -3.275099579214023 -0.8999999999999999
      vertex -15 -6 -0.8999999999999999
    endloop
  endfacet
  facet normal 0 0 -1
    outer loop
      vertex 5.355 -3.275099579214023 -0.8999999999999999
      vertex 5.5125 -3.2996081997448408 -0.8999999999999999
      vertex -15 -6 -0.8999999999999999
    endloop
  endfacet
  facet normal 0 0 -1
    outer loop
      vertex 5.5125 -3.2996081997448408 -0.8999999999999999
      vertex 5.515771732045114 -3.3 -0.8999999999999999
      vertex -15 -6 -0.8999999999999999
    endloop
  endfacet
  facet normal 0 0 -1
    outer loop
      vertex 4.725 -3.106792986298981 -0.8999999999999999
      vertex 4.816431120384157 -3.1350000000000002 -0.8999999999999999
      vertex -15 -6 -0.8999999999999999
    endloop
  endfacet
  facet normal 0 0 -1
    outer loop
      vertex -15 -6 -0.8999999999999999
      vertex 4.816431120384157 -3.1350000000000002 -0.8999999999999999
      vertex 4.8825 -3.1568063025356348 -0.8999999999999999
    endloop
  endfacet
  facet normal 0 0 -1
    outer loop
      vertex 5.04 -3.20400067340022 -0.8999999999999999
      vertex -15 -6 -0.8999999999999999
      vertex 4.8825 -3.1568063025356348 -0.8999999999999999
    endloop
  endfacet
  facet normal 0 0 -1
    outer loop
      vertex 7.5600000000000005 -2.98825503964976 -0.8999999999999999
      vertex 7.592425148724197 -2.97 -0.8999999999999999
      vertex 15 -6 -0.8999999999999999
    endloop
  endfacet
  facet normal 0 0 -1
    outer loop
      vertex 15 -6 -0.8999999999999999
      vertex 7.536178026279728 -3 -0.8999999999999999
      vertex 7.5600000000000005 -2.98825503964976 -0.8999999999999999
    endloop
  endfacet
  facet normal 0 0 -1
    outer loop
      vertex 7.536178026279728 -3 -0.8999999999999999
      vertex 15 -6 -0.8999999999999999
      vertex 7.4025 -3.0659073482655077 -0.8999999999999999
    endloop
  endfacet
  facet normal -1 0 0
    outer loop
      vertex -15 -6 -0.8999999999999999
      vertex -15 -6 2.1
      vertex -15 6 2.1
    endloop
  endfacet
  facet normal 0 0 -1
    outer loop
      vertex 15 -6 -0.8999999999999999
      vertex 7.2200160590425515 -3.1350000000000002 -0.8999999999999999
      vertex 7.245 -3.126897756383538 -0.8999999999999999
    endloop
  endfacet
  facet normal 0 0 -1
    outer loop
      vertex 15 -6 -0.8999999999999999
      vertex 7.0874999999999995 -3.185064709006955 -0.8999999999999999
      vertex 7.2200160590425515 -3.1350000000000002 -0.8999999999999999
    endloop
  endfacet
  facet normal 0 0 -1
    outer loop
      vertex 15 -6 -0.8999999999999999
      vertex 6.930000000000001 -3.2323971641253753 -0.8999999999999999
      vertex 7.0874999999999995 -3.185064709006955 -0.8999999999999999
    endloop
  endfacet
  facet normal 0 0 -1
    outer loop
      vertex 15 -6 -0.8999999999999999
      vertex 6.7725 -3.268825014549791 -0.8999999999999999
      vertex 6.930000000000001 -3.2323971641253753 -0.8999999999999999
    endloop
  endfacet
  facet normal 0 0 -1
    outer loop
      vertex 15 -6 -0.8999999999999999
      vertex 6.615 -3.296035956983753 -0.8999999999999999
      vertex 6.7725 -3.268825014549791 -0.8999999999999999
    endloop
  endfacet
  facet normal 0 0 -1
    outer loop
      vertex 15 -6 -0.8999999999999999
      vertex 6.583344889949579 -3.3 -0.8999999999999999
      vertex 6.615 -3.296035956983753 -0.8999999999999999
    endloop
  endfacet
  facet normal 0 0 -1
    outer loop
      vertex 15 -6 -0.8999999999999999
      vertex 5.515771732045114 -3.3 -0.8999999999999999
      vertex 6.583344889949579 -3.3 -0.8999999999999999
    endloop
  endfacet
  facet normal 0 0 -1
    outer loop
      vertex 3.6225 -2.7020346693370016 -0.8999999999999999
      vertex 2.8350000000000004 -2.702044146248437 -0.8999999999999999
      vertex 3.4650000000000003 -2.6657620636587454 -0.8999999999999999
    endloop
  endfacet
  facet normal 0 0 -1
    outer loop
      vertex 3.9375 -2.8051659371824265 -0.8999999999999999
      vertex 2.52 -2.8140511416313903 -0.8999999999999999
      vertex 3.9370235096496855 -2.805 -0.8999999999999999
    endloop
  endfacet
  facet normal 0 0 -1
    outer loop
      vertex 3.9370235096496855 -2.805 -0.8999999999999999
      vertex 2.543436429377236 -2.805 -0.8999999999999999
      vertex 3.7800000000000002 -2.750244248213755 -0.8999999999999999
    endloop
  endfacet
  facet normal 0 0 -1
    outer loop
      vertex 3.7800000000000002 -2.750244248213755 -0.8999999999999999
      vertex 2.6775 -2.7533199732440874 -0.8999999999999999
      vertex 3.6225 -2.7020346693370016 -0.8999999999999999
    endloop
  endfacet
  facet normal 0 0 -1
    outer loop
      vertex 4.095 -2.868271803812274 -0.8999999999999999
      vertex 2.3625 -2.883654939242748 -0.8999999999999999
      vertex 3.9375 -2.8051659371824265 -0.8999999999999999
    endloop
  endfacet
  facet normal 0 0 -1
    outer loop
      vertex 3.4650000000000003 -2.6657620636587454 -0.8999999999999999
      vertex 2.9924999999999997 -2.6647490640826077 -0.8999999999999999
      vertex 3.3075 -2.64593306184701 -0.8999999999999999
    endloop
  endfacet
  facet normal 0 0 -1
    outer loop
      vertex 2.9924999999999997 -2.6647490640826077 -0.8999999999999999
      vertex 3.15 -2.645409273167823 -0.8999999999999999
      vertex 3.3075 -2.64593306184701 -0.8999999999999999
    endloop
  endfacet
  facet normal 0 0 -1
    outer loop
      vertex 2.8350000000000004 -2.702044146248437 -0.8999999999999999
      vertex 2.9924999999999997 -2.6647490640826077 -0.8999999999999999
      vertex 3.4650000000000003 -2.6657620636587454 -0.8999999999999999
    endloop
  endfacet
  facet normal 0 0 -1
    outer loop
      vertex 2.6775 -2.7533199732440874 -0.8999999999999999
      vertex 2.8350000000000004 -2.702044146248437 -0.8999999999999999
      vertex 3.6225 -2.7020346693370016 -0.8999999999999999
    endloop
  endfacet
  facet normal 0 0 -1
    outer loop
      vertex 2.543436429377236 -2.805 -0.8999999999999999
      vertex 2.6775 -2.7533199732440874 -0.8999999999999999
      vertex 3.7800000000000002 -2.750244248213755 -0.8999999999999999
    endloop
  endfacet
  facet normal 0 0 -1
    outer loop
      vertex 2.52 -2.8140511416313903 -0.8999999999999999
      vertex 2.543436429377236 -2.805 -0.8999999999999999
      vertex 3.9370235096496855 -2.805 -0.8999999999999999
    endloop
  endfacet
  facet normal 0 0 -1
    outer loop
      vertex 2.3625 -2.883654939242748 -0.8999999999999999
      vertex 2.52 -2.8140511416313903 -0.8999999999999999
      vertex 3.9375 -2.8051659371824265 -0.8999999999999999
    endloop
  endfacet
  facet normal 0 0 -1
    outer loop
      vertex 4.095 -2.868271803812274 -0.8999999999999999
      vertex 2.205 -2.953575648801461 -0.8999999999999999
      vertex 2.3625 -2.883654939242748 -0.8999999999999999
    endloop
  endfacet
  facet normal 0 0 -1
    outer loop
      vertex 4.095 -2.868271803812274 -0.8999999999999999
      vertex 2.1690309482965686 -2.97 -0.8999999999999999
      vertex 2.205 -2.953575648801461 -0.8999999999999999
    endloop
  endfacet
  facet normal 0 0 -1
    outer loop
      vertex 4.095 -2.868271803812274 -0.8999999999999999
      vertex 2.104059276853046 -3 -0.8999999999999999
      vertex 2.1690309482965686 -2.97 -0.8999999999999999
    endloop
  endfacet
  facet normal 0 0 -1
    outer loop
      vertex 2.104059276853046 -3 -0.8999999999999999
      vertex 4.095 -2.868271803812274 -0.8999999999999999
      vertex 2.0475 -3.0261156634559776 -0.8999999999999999
    endloop
  endfacet
  facet normal 0 0 -1
    outer loop
      vertex 4.095 -2.868271803812274 -0.8999999999999999
      vertex 1.8900000000000001 -3.095419567426354 -0.8999999999999999
      vertex 2.0475 -3.0261156634559776 -0.8999999999999999
    endloop
  endfacet
  facet normal 0 -1 0
    outer loop
      vertex 15 -6 2.1
      vertex -15 -6 -0.8999999999999999
      vertex 15 -6 -0.8999999999999999
    endloop
  endfacet
  facet normal 0 0 -1
    outer loop
      vertex 4.095 -2.868271803812274 -0.8999999999999999
      vertex 1.7936340459088942 -3.1350000000000002 -0.8999999999999999
      vertex 1.8900000000000001 -3.095419567426354 -0.8999999999999999
    endloop
  endfacet
  facet normal 0 0 -1
    outer loop
      vertex 4.095 -2.868271803812274 -0.8999999999999999
      vertex 1.7325000000000002 -3.1610311488052854 -0.8999999999999999
      vertex 1.7936340459088942 -3.1350000000000002 -0.8999999999999999
    endloop
  endfacet
  facet normal 0 0 -1
    outer loop
      vertex 4.095 -2.868271803812274 -0.8999999999999999
      vertex 1.575 -3.2245377604225376 -0.8999999999999999
      vertex 1.7325000000000002 -3.1610311488052854 -0.8999999999999999
    endloop
  endfacet
  facet normal 0 0 -1
    outer loop
      vertex 4.095 -2.868271803812274 -0.8999999999999999
      vertex 1.4175000000000002 -3.2798754537895842 -0.8999999999999999
      vertex 1.575 -3.2245377604225376 -0.8999999999999999
    endloop
  endfacet
  facet normal 0 0 -1
    outer loop
      vertex 4.095 -2.868271803812274 -0.8999999999999999
      vertex 1.353553262104925 -3.3 -0.8999999999999999
      vertex 1.4175000000000002 -3.2798754537895842 -0.8999999999999999
    endloop
  endfacet
  facet normal 0 0 -1
    outer loop
      vertex 5.515771732045114 -3.3 -0.8999999999999999
      vertex 15 -6 -0.8999999999999999
      vertex -15 -6 -0.8999999999999999
    endloop
  endfacet
  facet normal 0 0 1
    outer loop
      vertex 1.5 1.65 2.1
      vertex 10.5 1.65 2.1
      vertex -15 6 2.1
    endloop
  endfacet
  facet normal 0 0 1
    outer loop
      vertex -15 6 2.1
      vertex 1.0364745140075684 1.5765847206115722 2.1
      vertex 1.5 1.65 2.1
    endloop
  endfacet
  facet normal 0 0 1
    outer loop
      vertex -15 6 2.1
      vertex 0.6183222770690918 1.3635254859924315 2.1
      vertex 1.0364745140075684 1.5765847206115722 2.1
    endloop
  endfacet
  facet normal 0 0 1
    outer loop
      vertex -15 6 2.1
      vertex 0.28647451400756835 1.0316777229309082 2.1
      vertex 0.6183222770690918 1.3635254859924315 2.1
    endloop
  endfacet
  facet normal 0 0 1
    outer loop
      vertex -15 6 2.1
      vertex 0.07341527938842773 0.6135254859924316 2.1
      vertex 0.28647451400756835 1.0316777229309082 2.1
    endloop
  endfacet
  facet normal 0 0 1
    outer loop
      vertex -15 6 2.1
      vertex 0 0.15 2.1
      vertex 0.07341527938842773 0.6135254859924316 2.1
    endloop
  endfacet
  facet normal 0 0 1
    outer loop
      vertex -15 6 2.1
      vertex -15 -6 2.1
      vertex 0 0.15 2.1
    endloop
  endfacet
  facet normal 0 1 0
    outer loop
      vertex -15 6 -0.8999999999999999
      vertex -15 6 2.1
      vertex 15 6 -0.8999999999999999
    endloop
  endfacet
  facet normal 0 0 -1
    outer loop
      vertex 5.5125 3.2996081997448408 -0.8999999999999999
      vertex -15 6 -0.8999999999999999
      vertex 5.515771732045114 3.3 -0.8999999999999999
    endloop
  endfacet
  facet normal 0 0 -1
    outer loop
      vertex 5.355 3.275099579214023 -0.8999999999999999
      vertex -15 6 -0.8999999999999999
      vertex 5.5125 3.2996081997448408 -0.8999999999999999
    endloop
  endfacet
  facet normal 0 0 -1
    outer loop
      vertex 5.1975 3.243363967312743 -0.8999999999999999
      vertex -15 6 -0.8999999999999999
      vertex 5.355 3.275099579214023 -0.8999999999999999
    endloop
  endfacet
  facet normal 0 0 -1
    outer loop
      vertex 5.04 3.20400067340022 -0.8999999999999999
      vertex -15 6 -0.8999999999999999
      vertex 5.1975 3.243363967312743 -0.8999999999999999
    endloop
  endfacet
  facet normal 0 0 -1
    outer loop
      vertex 4.8825 3.1568063025356348 -0.8999999999999999
      vertex -15 6 -0.8999999999999999
      vertex 5.04 3.20400067340022 -0.8999999999999999
    endloop
  endfacet
  facet normal 0 0 -1
    outer loop
      vertex 4.816431120384157 3.1350000000000002 -0.8999999999999999
      vertex -15 6 -0.8999999999999999
      vertex 4.8825 3.1568063025356348 -0.8999999999999999
    endloop
  endfacet
  facet normal 0 0 -1
    outer loop
      vertex 4.725 3.106792986298981 -0.8999999999999999
      vertex -15 6 -0.8999999999999999
      vertex 4.816431120384157 3.1350000000000002 -0.8999999999999999
    endloop
  endfacet
  facet normal 0 0 -1
    outer loop
      vertex 4.5675 3.052631469275909 -0.8999999999999999
      vertex -15 6 -0.8999999999999999
      vertex 4.725 3.106792986298981 -0.8999999999999999
    endloop
  endfacet
  facet normal 0 0 -1
    outer loop
      vertex 4.4315197216831335 3 -0.8999999999999999
      vertex -15 6 -0.8999999999999999
      vertex 4.5675 3.052631469275909 -0.8999999999999999
    endloop
  endfacet
  facet normal 0 0 -1
    outer loop
      vertex 4.41 2.9916707438415977 -0.8999999999999999
      vertex -15 6 -0.8999999999999999
      vertex 4.4315197216831335 3 -0.8999999999999999
    endloop
  endfacet
  facet normal 0 0 -1
    outer loop
      vertex 4.354829324922547 2.97 -0.8999999999999999
      vertex -15 6 -0.8999999999999999
      vertex 4.41 2.9916707438415977 -0.8999999999999999
    endloop
  endfacet
  facet normal 0 0 -1
    outer loop
      vertex 4.2525 2.930638597839275 -0.8999999999999999
      vertex -15 6 -0.8999999999999999
      vertex 4.354829324922547 2.97 -0.8999999999999999
    endloop
  endfacet
  facet normal 0 0 -1
    outer loop
      vertex 4.095 2.868271803812274 -0.8999999999999999
      vertex -15 6 -0.8999999999999999
      vertex 4.2525 2.930638597839275 -0.8999999999999999
    endloop
  endfacet
  facet normal 0 0 -1
    outer loop
      vertex 1.353553262104925 3.3 -0.8999999999999999
      vertex -15 6 -0.8999999999999999
      vertex 4.095 2.868271803812274 -0.8999999999999999
    endloop
  endfacet
  facet normal 0 0 -1
    outer loop
      vertex -1.353553262104925 3.3 -0.8999999999999999
      vertex -15 6 -0.8999999999999999
      vertex 1.353553262104925 3.3 -0.8999999999999999
    endloop
  endfacet
  facet normal 0 0 -1
    outer loop
      vertex -5.04 3.20400067340022 -0.8999999999999999
      vertex -2.9924999999999997 2.6647490640826077 -0.8999999999999999
      vertex -4.8825 3.1568063025356348 -0.8999999999999999
    endloop
  endfacet
  facet normal 0 0 -1
    outer loop
      vertex -1.4175000000000002 3.2798754537895842 -0.8999999999999999
      vertex -15 6 -0.8999999999999999
      vertex -1.353553262104925 3.3 -0.8999999999999999
    endloop
  endfacet
  facet normal 0 0 -1
    outer loop
      vertex -1.575 3.2245377604225376 -0.8999999999999999
      vertex -15 6 -0.8999999999999999
      vertex -1.4175000000000002 3.2798754537895842 -0.8999999999999999
    endloop
  endfacet
  facet normal 0 0 -1
    outer loop
      vertex -1.7325000000000002 3.1610311488052854 -0.8999999999999999
      vertex -15 6 -0.8999999999999999
      vertex -1.575 3.2245377604225376 -0.8999999999999999
    endloop
  endfacet
  facet normal 0 0 -1
    outer loop
      vertex -1.8900000000000001 3.0954195674263536 -0.8999999999999999
      vertex -15 6 -0.8999999999999999
      vertex -1.7936340459088937 3.1350000000000002 -0.8999999999999999
    endloop
  endfacet
  facet normal 0 0 -1
    outer loop
      vertex -2.1690309482965686 2.97 -0.8999999999999999
      vertex -15 6 -0.8999999999999999
      vertex -2.0475 3.0261156634559767 -0.8999999999999999
    endloop
  endfacet
  facet normal 0 0 -1
    outer loop
      vertex -2.1690309482965686 2.97 -0.8999999999999999
      vertex -2.205 2.9535756488014617 -0.8999999999999999
      vertex -15 6 -0.8999999999999999
    endloop
  endfacet
  facet normal 0 0 -1
    outer loop
      vertex -2.205 2.9535756488014617 -0.8999999999999999
      vertex -2.3625 2.883654939242748 -0.8999999999999999
      vertex -15 6 -0.8999999999999999
    endloop
  endfacet
  facet normal 0 0 -1
    outer loop
      vertex -2.3625 2.883654939242748 -0.8999999999999999
      vertex -2.52 2.8140511416313903 -0.8999999999999999
      vertex -15 6 -0.8999999999999999
    endloop
  endfacet
  facet normal 0 0 -1
    outer loop
      vertex -2.52 2.8140511416313903 -0.8999999999999999
      vertex -2.543436429377236 2.805 -0.8999999999999999
      vertex -15 6 -0.8999999999999999
    endloop
  endfacet
  facet normal 0 0 -1
    outer loop
      vertex -2.543436429377236 2.805 -0.8999999999999999
      vertex -2.6775 2.753319973244088 -0.8999999999999999
      vertex -15 6 -0.8999999999999999
    endloop
  endfacet
  facet normal 0 0 -1
    outer loop
      vertex -2.6775 2.753319973244088 -0.8999999999999999
      vertex -2.8350000000000004 2.702044146248437 -0.8999999999999999
      vertex -15 6 -0.8999999999999999
    endloop
  endfacet
  facet normal 0 0 -1
    outer loop
      vertex -2.9924999999999997 2.6647490640826077 -0.8999999999999999
      vertex -15 6 -0.8999999999999999
      vertex -2.8350000000000004 2.702044146248437 -0.8999999999999999
    endloop
  endfacet
  facet normal 0 0 1
    outer loop
      vertex 10.963525485992431 1.5765847206115722 2.1
      vertex 11.381677722930908 1.3635254859924315 2.1
      vertex 15 6 2.1
    endloop
  endfacet
  facet normal 0 0 -1
    outer loop
      vertex -8.103278710919977 -2.64 -0.8999999999999999
      vertex -8.0325 -2.696549613019818 -0.8999999999999999
      vertex -15 -6 -0.8999999999999999
    endloop
  endfacet
  facet normal 0 0 1
    outer loop
      vertex 11.381677722930908 1.3635254859924315 2.1
      vertex 11.713525485992431 1.0316777229309082 2.1
      vertex 15 6 2.1
    endloop
  endfacet
  facet normal 0 0 -1
    outer loop
      vertex -3.018785860985028 2.6615213621431444 -0.8999999999999999
      vertex -3.3075 2.64593306184701 -0.8999999999999999
      vertex -2.9924999999999997 2.6647490640826077 -0.8999999999999999
    endloop
  endfacet
  facet normal 0 0 -1
    outer loop
      vertex -3.3075 2.64593306184701 -0.8999999999999999
      vertex -3.018785860985028 2.6615213621431444 -0.8999999999999999
      vertex -3.15 2.645409273167823 -0.8999999999999999
    endloop
  endfacet
  facet normal 0 0 -1
    outer loop
      vertex -3.4650000000000003 2.6657620636587454 -0.8999999999999999
      vertex -2.9924999999999997 2.6647490640826077 -0.8999999999999999
      vertex -3.3075 2.64593306184701 -0.8999999999999999
    endloop
  endfacet
  facet normal 0 0 -1
    outer loop
      vertex -3.6225 2.7020346693370016 -0.8999999999999999
      vertex -2.9924999999999997 2.6647490640826077 -0.8999999999999999
      vertex -3.4650000000000003 2.6657620636587454 -0.8999999999999999
    endloop
  endfacet
  facet normal 0 0 -1
    outer loop
      vertex -3.7800000000000002 2.7502442482137552 -0.8999999999999999
      vertex -2.9924999999999997 2.6647490640826077 -0.8999999999999999
      vertex -3.6225 2.7020346693370016 -0.8999999999999999
    endloop
  endfacet
  facet normal 0 0 -1
    outer loop
      vertex -3.7800000000000002 2.7502442482137552 -0.8999999999999999
      vertex -3.9370235096496855 2.805 -0.8999999999999999
      vertex -2.9924999999999997 2.6647490640826077 -0.8999999999999999
    endloop
  endfacet
  facet normal 0 0 -1
    outer loop
      vertex -3.9370235096496855 2.805 -0.8999999999999999
      vertex -3.9375 2.8051659371824265 -0.8999999999999999
      vertex -2.9924999999999997 2.6647490640826077 -0.8999999999999999
    endloop
  endfacet
  facet normal 0 0 -1
    outer loop
      vertex -2.9924999999999997 2.6647490640826077 -0.8999999999999999
      vertex -3.9375 2.8051659371824265 -0.8999999999999999
      vertex -3.9480452418634897 2.809391122113327 -0.8999999999999999
    endloop
  endfacet
  facet normal 0 0 -1
    outer loop
      vertex -3.9480452418634897 2.809391122113327 -0.8999999999999999
      vertex -4.095 2.868271803812274 -0.8999999999999999
      vertex -2.9924999999999997 2.6647490640826077 -0.8999999999999999
    endloop
  endfacet
  facet normal 0 0 -1
    outer loop
      vertex -4.2525 2.930638597839275 -0.8999999999999999
      vertex -2.9924999999999997 2.6647490640826077 -0.8999999999999999
      vertex -4.095 2.868271803812274 -0.8999999999999999
    endloop
  endfacet
  facet normal 0 0 -1
    outer loop
      vertex -4.354829324922547 2.97 -0.8999999999999999
      vertex -2.9924999999999997 2.6647490640826077 -0.8999999999999999
      vertex -4.2525 2.930638597839275 -0.8999999999999999
    endloop
  endfacet
  facet normal 0 0 -1
    outer loop
      vertex -4.41 2.9916707438415977 -0.8999999999999999
      vertex -2.9924999999999997 2.6647490640826077 -0.8999999999999999
      vertex -4.354829324922547 2.97 -0.8999999999999999
    endloop
  endfacet
  facet normal 0 0 -1
    outer loop
      vertex -4.725 3.106792986298981 -0.8999999999999999
      vertex -2.9924999999999997 2.6647490640826077 -0.8999999999999999
      vertex -4.5675 3.052631469275909 -0.8999999999999999
    endloop
  endfacet
  facet normal 0 0 -1
    outer loop
      vertex -4.816431120384157 3.1350000000000002 -0.8999999999999999
      vertex -2.9924999999999997 2.6647490640826077 -0.8999999999999999
      vertex -4.725 3.106792986298981 -0.8999999999999999
    endloop
  endfacet
  facet normal 0 0 -1
    outer loop
      vertex -4.41 2.9916707438415977 -0.8999999999999999
      vertex -4.5675 3.052631469275909 -0.8999999999999999
      vertex -2.9924999999999997 2.6647490640826077 -0.8999999999999999
    endloop
  endfacet
  facet normal 0 0 -1
    outer loop
      vertex -2.9924999999999997 2.6647490640826077 -0.8999999999999999
      vertex -4.816431120384157 3.1350000000000002 -0.8999999999999999
      vertex -4.8825 3.1568063025356348 -0.8999999999999999
    endloop
  endfacet
  facet normal 0 0 -1
    outer loop
      vertex -5.1975 3.243363967312743 -0.8999999999999999
      vertex -15 6 -0.8999999999999999
      vertex -5.04 3.20400067340022 -0.8999999999999999
    endloop
  endfacet
  facet normal 0 0 -1
    outer loop
      vertex -15 6 -0.8999999999999999
      vertex -2.9924999999999997 2.6647490640826077 -0.8999999999999999
      vertex -5.04 3.20400067340022 -0.8999999999999999
    endloop
  endfacet
  facet normal 0 0 -1
    outer loop
      vertex -5.355 3.275099579214023 -0.8999999999999999
      vertex -15 6 -0.8999999999999999
      vertex -5.1975 3.243363967312743 -0.8999999999999999
    endloop
  endfacet
  facet normal 0 0 -1
    outer loop
      vertex -5.5125 3.2996081997448408 -0.8999999999999999
      vertex -15 6 -0.8999999999999999
      vertex -5.355 3.275099579214023 -0.8999999999999999
    endloop
  endfacet
  facet normal 0 0 -1
    outer loop
      vertex -5.515771732045114 3.3 -0.8999999999999999
      vertex -15 6 -0.8999999999999999
      vertex -5.5125 3.2996081997448408 -0.8999999999999999
    endloop
  endfacet
  facet normal 0 0 -1
    outer loop
      vertex -4.41 -2.9916707438415977 -0.8999999999999999
      vertex -4.354829324922547 -2.97 -0.8999999999999999
      vertex -2.0475 -3.0261156634559767 -0.8999999999999999
    endloop
  endfacet
  facet normal 0 0 -1
    outer loop
      vertex -4.354829324922547 -2.97 -0.8999999999999999
      vertex -4.2525 -2.930638597839275 -0.8999999999999999
      vertex -2.0475 -3.0261156634559767 -0.8999999999999999
    endloop
  endfacet
  facet normal 0 0 -1
    outer loop
      vertex -4.2525 -2.930638597839275 -0.8999999999999999
      vertex -4.095 -2.868271803812274 -0.8999999999999999
      vertex -2.205 -2.9535756488014617 -0.8999999999999999
    endloop
  endfacet
  facet normal 0 0 -1
    outer loop
      vertex -3.9480452418634897 -2.809391122113327 -0.8999999999999999
      vertex -2.3625 -2.883654939242748 -0.8999999999999999
      vertex -4.095 -2.868271803812274 -0.8999999999999999
    endloop
  endfacet
  facet normal 0 0 -1
    outer loop
      vertex -3.9480452418634897 -2.809391122113327 -0.8999999999999999
      vertex -3.9375 -2.8051659371824265 -0.8999999999999999
      vertex -2.3625 -2.883654939242748 -0.8999999999999999
    endloop
  endfacet
  facet normal 0 0 -1
    outer loop
      vertex -2.3625 -2.883654939242748 -0.8999999999999999
      vertex -3.9375 -2.8051659371824265 -0.8999999999999999
      vertex -3.9370235096496855 -2.805 -0.8999999999999999
    endloop
  endfacet
  facet normal 0 0 -1
    outer loop
      vertex -2.543436429377236 -2.805 -0.8999999999999999
      vertex -3.9370235096496855 -2.805 -0.8999999999999999
      vertex -3.804185101102091 -2.7586778477163123 -0.8999999999999999
    endloop
  endfacet
  facet normal 0 0 -1
    outer loop
      vertex -3.804185101102091 -2.7586778477163123 -0.8999999999999999
      vertex -3.7800000000000002 -2.7502442482137552 -0.8999999999999999
      vertex -2.543436429377236 -2.805 -0.8999999999999999
    endloop
  endfacet
  facet normal 0 0 -1
    outer loop
      vertex -3.7800000000000002 -2.7502442482137552 -0.8999999999999999
      vertex -3.6225 -2.7020346693370016 -0.8999999999999999
      vertex -2.6775 -2.753319973244088 -0.8999999999999999
    endloop
  endfacet
  facet normal 0 0 -1
    outer loop
      vertex -3.6225 -2.7020346693370016 -0.8999999999999999
      vertex -3.4650000000000003 -2.6657620636587454 -0.8999999999999999
      vertex -2.8350000000000004 -2.702044146248437 -0.8999999999999999
    endloop
  endfacet
  facet normal 0 0 -1
    outer loop
      vertex -4.2525 -2.930638597839275 -0.8999999999999999
      vertex -2.1690309482965686 -2.97 -0.8999999999999999
      vertex -2.0475 -3.0261156634559767 -0.8999999999999999
    endloop
  endfacet
  facet normal 0 0 -1
    outer loop
      vertex -2.1690309482965686 -2.97 -0.8999999999999999
      vertex -4.2525 -2.930638597839275 -0.8999999999999999
      vertex -2.205 -2.9535756488014617 -0.8999999999999999
    endloop
  endfacet
  facet normal 0 0 -1
    outer loop
      vertex -2.3625 -2.883654939242748 -0.8999999999999999
      vertex -3.9370235096496855 -2.805 -0.8999999999999999
      vertex -2.52 -2.8140511416313903 -0.8999999999999999
    endloop
  endfacet
  facet normal 0 0 -1
    outer loop
      vertex -2.205 -2.9535756488014617 -0.8999999999999999
      vertex -4.095 -2.868271803812274 -0.8999999999999999
      vertex -2.3625 -2.883654939242748 -0.8999999999999999
    endloop
  endfacet
  facet normal 0 0 -1
    outer loop
      vertex -3.4650000000000003 -2.6657620636587454 -0.8999999999999999
      vertex -3.3075 -2.64593306184701 -0.8999999999999999
      vertex -2.9924999999999997 -2.6647490640826077 -0.8999999999999999
    endloop
  endfacet
  facet normal 0 0 -1
    outer loop
      vertex -2.8350000000000004 -2.702044146248437 -0.8999999999999999
      vertex -3.4650000000000003 -2.6657620636587454 -0.8999999999999999
      vertex -2.9924999999999997 -2.6647490640826077 -0.8999999999999999
    endloop
  endfacet
  facet normal 0 0 -1
    outer loop
      vertex -3.3075 -2.64593306184701 -0.8999999999999999
      vertex -3.15 -2.645409273167823 -0.8999999999999999
      vertex -3.018785860985028 -2.6615213621431444 -0.8999999999999999
    endloop
  endfacet
  facet normal 0 0 -1
    outer loop
      vertex -2.9924999999999997 -2.6647490640826077 -0.8999999999999999
      vertex -3.3075 -2.64593306184701 -0.8999999999999999
      vertex -3.018785860985028 -2.6615213621431444 -0.8999999999999999
    endloop
  endfacet
  facet normal 0 0 -1
    outer loop
      vertex -2.52 -2.8140511416313903 -0.8999999999999999
      vertex -3.9370235096496855 -2.805 -0.8999999999999999
      vertex -2.543436429377236 -2.805 -0.8999999999999999
    endloop
  endfacet
  facet normal 0 0 -1
    outer loop
      vertex -2.543436429377236 -2.805 -0.8999999999999999
      vertex -3.7800000000000002 -2.7502442482137552 -0.8999999999999999
      vertex -2.6775 -2.753319973244088 -0.8999999999999999
    endloop
  endfacet
  facet normal 0 0 -1
    outer loop
      vertex -2.6775 -2.753319973244088 -0.8999999999999999
      vertex -3.6225 -2.7020346693370016 -0.8999999999999999
      vertex -2.8350000000000004 -2.702044146248437 -0.8999999999999999
    endloop
  endfacet
  facet normal 0 0 -1
    outer loop
      vertex -6.583344889949578 3.3 -0.8999999999999999
      vertex -15 6 -0.8999999999999999
      vertex -5.515771732045114 3.3 -0.8999999999999999
    endloop
  endfacet
  facet normal 0 0 -1
    outer loop
      vertex -6.615 3.296035956983753 -0.8999999999999999
      vertex -15 6 -0.8999999999999999
      vertex -6.583344889949578 3.3 -0.8999999999999999
    endloop
  endfacet
  facet normal 0 0 -1
    outer loop
      vertex -6.7725 3.268825014549791 -0.8999999999999999
      vertex -15 6 -0.8999999999999999
      vertex -6.615 3.296035956983753 -0.8999999999999999
    endloop
  endfacet
  facet normal 0 0 -1
    outer loop
      vertex -6.930000000000001 3.2323971641253753 -0.8999999999999999
      vertex -15 6 -0.8999999999999999
      vertex -6.7725 3.268825014549791 -0.8999999999999999
    endloop
  endfacet
  facet normal 0 0 -1
    outer loop
      vertex -7.0874999999999995 3.185064709006955 -0.8999999999999999
      vertex -15 6 -0.8999999999999999
      vertex -6.930000000000001 3.2323971641253753 -0.8999999999999999
    endloop
  endfacet
  facet normal 0 0 -1
    outer loop
      vertex -7.2200160590425515 3.1350000000000002 -0.8999999999999999
      vertex -15 6 -0.8999999999999999
      vertex -7.0874999999999995 3.185064709006955 -0.8999999999999999
    endloop
  endfacet
  facet normal 0 0 -1
    outer loop
      vertex -7.245 3.126897756383538 -0.8999999999999999
      vertex -15 6 -0.8999999999999999
      vertex -7.2200160590425515 3.1350000000000002 -0.8999999999999999
    endloop
  endfacet
  facet normal 0 0 -1
    outer loop
      vertex -7.4025 3.0659073482655077 -0.8999999999999999
      vertex -15 6 -0.8999999999999999
      vertex -7.245 3.126897756383538 -0.8999999999999999
    endloop
  endfacet
  facet normal 0 0 -1
    outer loop
      vertex -7.5600000000000005 2.98825503964976 -0.8999999999999999
      vertex -15 6 -0.8999999999999999
      vertex -7.4025 3.0659073482655077 -0.8999999999999999
    endloop
  endfacet
  facet normal 0 0 -1
    outer loop
      vertex -7.5600000000000005 2.98825503964976 -0.8999999999999999
      vertex -7.592425148724197 2.97 -0.8999999999999999
      vertex -15 6 -0.8999999999999999
    endloop
  endfacet
  facet normal 0 0 -1
    outer loop
      vertex -7.592425148724197 2.97 -0.8999999999999999
      vertex -7.7175 2.9053742011843156 -0.8999999999999999
      vertex -15 6 -0.8999999999999999
    endloop
  endfacet
  facet normal 0 0 -1
    outer loop
      vertex -7.7175 2.9053742011843156 -0.8999999999999999
      vertex -7.873047814591288 2.805 -0.8999999999999999
      vertex -15 6 -0.8999999999999999
    endloop
  endfacet
  facet normal 0 0 -1
    outer loop
      vertex -7.873047814591288 2.805 -0.8999999999999999
      vertex -7.875 2.8038151944859417 -0.8999999999999999
      vertex -15 6 -0.8999999999999999
    endloop
  endfacet
  facet normal 0 0 -1
    outer loop
      vertex -7.875 2.8038151944859417 -0.8999999999999999
      vertex -8.0325 2.696549613019818 -0.8999999999999999
      vertex -15 6 -0.8999999999999999
    endloop
  endfacet
  facet normal 0 0 -1
    outer loop
      vertex -8.0325 2.696549613019818 -0.8999999999999999
      vertex -8.103278710919977 2.64 -0.8999999999999999
      vertex -15 6 -0.8999999999999999
    endloop
  endfacet
  facet normal 0 0 -1
    outer loop
      vertex -8.103278710919977 2.64 -0.8999999999999999
      vertex -8.19 2.5711522162367886 -0.8999999999999999
      vertex -15 6 -0.8999999999999999
    endloop
  endfacet
  facet normal 0 0 -1
    outer loop
      vertex -8.19 2.5711522162367886 -0.8999999999999999
      vertex -8.296366628056623 2.475 -0.8999999999999999
      vertex -15 6 -0.8999999999999999
    endloop
  endfacet
  facet normal 0 0 -1
    outer loop
      vertex -8.296366628056623 2.475 -0.8999999999999999
      vertex -8.3475 2.427481600847447 -0.8999999999999999
      vertex -15 6 -0.8999999999999999
    endloop
  endfacet
  facet normal 0 0 -1
    outer loop
      vertex -8.3475 2.427481600847447 -0.8999999999999999
      vertex -8.462437124604365 2.31 -0.8999999999999999
      vertex -15 6 -0.8999999999999999
    endloop
  endfacet
  facet normal 0 0 -1
    outer loop
      vertex -8.462437124604365 2.31 -0.8999999999999999
      vertex -8.505 2.26360417770149 -0.8999999999999999
      vertex -15 6 -0.8999999999999999
    endloop
  endfacet
  facet normal 0 0 -1
    outer loop
      vertex -8.505 2.26360417770149 -0.8999999999999999
      vertex -8.60752987044666 2.145 -0.8999999999999999
      vertex -15 6 -0.8999999999999999
    endloop
  endfacet
  facet normal 0 0 -1
    outer loop
      vertex -8.60752987044666 2.145 -0.8999999999999999
      vertex -8.6625 2.074570018804785 -0.8999999999999999
      vertex -15 6 -0.8999999999999999
    endloop
  endfacet
  facet normal 0 0 -1
    outer loop
      vertex -8.6625 2.074570018804785 -0.8999999999999999
      vertex -8.734547844985961 1.98 -0.8999999999999999
      vertex -15 6 -0.8999999999999999
    endloop
  endfacet
  facet normal 0 0 -1
    outer loop
      vertex -8.734547844985961 1.98 -0.8999999999999999
      vertex -8.82 1.8510199582010831 -0.8999999999999999
      vertex -15 6 -0.8999999999999999
    endloop
  endfacet
  facet normal 0 0 -1
    outer loop
      vertex -8.82 1.8510199582010831 -0.8999999999999999
      vertex -8.844074937857114 1.8150000000000002 -0.8999999999999999
      vertex -15 6 -0.8999999999999999
    endloop
  endfacet
  facet normal 0 0 -1
    outer loop
      vertex -8.844074937857114 1.8150000000000002 -0.8999999999999999
      vertex -8.942774853493466 1.65 -0.8999999999999999
      vertex -15 6 -0.8999999999999999
    endloop
  endfacet
  facet normal 0 0 -1
    outer loop
      vertex -8.942774853493466 1.65 -0.8999999999999999
      vertex -8.9775 1.580960655258357 -0.8999999999999999
      vertex -15 6 -0.8999999999999999
    endloop
  endfacet
  facet normal 0 0 -1
    outer loop
      vertex -8.9775 1.580960655258357 -0.8999999999999999
      vertex -9.028874679335836 1.485 -0.8999999999999999
      vertex -15 6 -0.8999999999999999
    endloop
  endfacet
  facet normal -1 0 0
    outer loop
      vertex -15 6 -0.8999999999999999
      vertex -15 -6 -0.8999999999999999
      vertex -15 6 2.1
    endloop
  endfacet
  facet normal 0 0 -1
    outer loop
      vertex -9.028874679335836 1.485 -0.8999999999999999
      vertex -9.10271188034301 1.32 -0.8999999999999999
      vertex -15 6 -0.8999999999999999
    endloop
  endfacet
  facet normal 0 0 -1
    outer loop
      vertex -9.10271188034301 1.32 -0.8999999999999999
      vertex -9.135 1.2317270920492107 -0.8999999999999999
      vertex -15 6 -0.8999999999999999
    endloop
  endfacet
  facet normal 0 0 -1
    outer loop
      vertex -9.135 1.2317270920492107 -0.8999999999999999
      vertex -9.166411398703707 1.155 -0.8999999999999999
      vertex -15 6 -0.8999999999999999
    endloop
  endfacet
  facet normal 0 0 -1
    outer loop
      vertex -9.166411398703707 1.155 -0.8999999999999999
      vertex -9.222844674297779 0.99 -0.8999999999999999
      vertex -15 6 -0.8999999999999999
    endloop
  endfacet
  facet normal 0 0 -1
    outer loop
      vertex -9.222844674297779 0.99 -0.8999999999999999
      vertex -9.266344811230214 0.825 -0.8999999999999999
      vertex -15 6 -0.8999999999999999
    endloop
  endfacet
  facet normal 0 0 -1
    outer loop
      vertex -9.266344811230214 0.825 -0.8999999999999999
      vertex -9.2925 0.694872983288176 -0.8999999999999999
      vertex -15 6 -0.8999999999999999
    endloop
  endfacet
  facet normal 0 0 -1
    outer loop
      vertex -9.2925 0.694872983288176 -0.8999999999999999
      vertex -9.300877597461408 0.66 -0.8999999999999999
      vertex -15 6 -0.8999999999999999
    endloop
  endfacet
  facet normal 0 0 -1
    outer loop
      vertex -9.300877597461408 0.66 -0.8999999999999999
      vertex -9.331671628161534 0.495 -0.8999999999999999
      vertex -15 6 -0.8999999999999999
    endloop
  endfacet
  facet normal 0 0 -1
    outer loop
      vertex -9.331671628161534 0.495 -0.8999999999999999
      vertex -9.352758480592964 0.33 -0.8999999999999999
      vertex -15 6 -0.8999999999999999
    endloop
  endfacet
  facet normal 0 0 -1
    outer loop
      vertex -9.352758480592964 0.33 -0.8999999999999999
      vertex -9.365044070246888 0.165 -0.8999999999999999
      vertex -15 6 -0.8999999999999999
    endloop
  endfacet
  facet normal 0 0 -1
    outer loop
      vertex -9.365044070246888 0.165 -0.8999999999999999
      vertex -9.369077884522179 0 -0.8999999999999999
      vertex -15 6 -0.8999999999999999
    endloop
  endfacet
  facet normal 0 0 -1
    outer loop
      vertex -9.369077884522179 0 -0.8999999999999999
      vertex -9.365044070246888 -0.165 -0.8999999999999999
      vertex -15 6 -0.8999999999999999
    endloop
  endfacet
  facet normal 0 0 -1
    outer loop
      vertex -9.365044070246888 -0.165 -0.8999999999999999
      vertex -9.352758480592964 -0.33 -0.8999999999999999
      vertex -15 6 -0.8999999999999999
    endloop
  endfacet
  facet normal 0 0 -1
    outer loop
      vertex -9.352758480592964 -0.33 -0.8999999999999999
      vertex -9.331671628161534 -0.495 -0.8999999999999999
      vertex -15 6 -0.8999999999999999
    endloop
  endfacet
  facet normal 0 0 -1
    outer loop
      vertex -9.331671628161534 -0.495 -0.8999999999999999
      vertex -9.300877597461408 -0.66 -0.8999999999999999
      vertex -15 6 -0.8999999999999999
    endloop
  endfacet
  facet normal 0 0 -1
    outer loop
      vertex -9.300877597461408 -0.66 -0.8999999999999999
      vertex -9.2925 -0.694872983288176 -0.8999999999999999
      vertex -15 6 -0.8999999999999999
    endloop
  endfacet
  facet normal 0 0 -1
    outer loop
      vertex -9.2925 -0.694872983288176 -0.8999999999999999
      vertex -9.266344811230214 -0.825 -0.8999999999999999
      vertex -15 6 -0.8999999999999999
    endloop
  endfacet
  facet normal 0 0 1
    outer loop
      vertex 0 -0.15 2.1
      vertex 0 0.15 2.1
      vertex -15 -6 2.1
    endloop
  endfacet
  facet normal 0 0 1
    outer loop
      vertex 0.6183222770690918 -1.3635254859924315 2.1
      vertex -15 -6 2.1
      vertex 1.0364745140075684 -1.5765847206115722 2.1
    endloop
  endfacet
  facet normal 0 0 1
    outer loop
      vertex 0.07341527938842773 -0.6135254859924316 2.1
      vertex 0 -0.15 2.1
      vertex -15 -6 2.1
    endloop
  endfacet
  facet normal 0 0 1
    outer loop
      vertex 0.28647451400756835 -1.0316777229309082 2.1
      vertex 0.07341527938842773 -0.6135254859924316 2.1
      vertex -15 -6 2.1
    endloop
  endfacet
  facet normal 0 0 1
    outer loop
      vertex 0.6183222770690918 -1.3635254859924315 2.1
      vertex 0.28647451400756835 -1.0316777229309082 2.1
      vertex -15 -6 2.1
    endloop
  endfacet
  facet normal 0 0 1
    outer loop
      vertex -15 -6 2.1
      vertex 1.5 -1.65 2.1
      vertex 1.0364745140075684 -1.5765847206115722 2.1
    endloop
  endfacet
  facet normal 0 0 -1
    outer loop
      vertex 15 -6 -0.8999999999999999
      vertex 7.245 -3.126897756383538 -0.8999999999999999
      vertex 7.4025 -3.0659073482655077 -0.8999999999999999
    endloop
  endfacet
  facet normal 0.6807388399512168 0.7325261986999998 1.3058046843635223e-18
    outer loop
      vertex -8.296366628056623 -2.475 -0.8999999999999999
      vertex -8.3475 -2.427481600847447 -0.8999999999999999
      vertex -8.3475 -2.427481600847447 0.99
    endloop
  endfacet
  facet normal 0 0 -1
    outer loop
      vertex 2.1690309482965686 -2.97 0.99
      vertex 2.0475 -3.0261156634559776 0.99
      vertex -2.1690309482965686 -2.97 0.99
    endloop
  endfacet
  facet normal -0.308482093463812 0.9512301498649967 0
    outer loop
      vertex 7.245 -3.126897756383538 0.99
      vertex 7.245 -3.126897756383538 -0.8999999999999999
      vertex 7.2200160590425515 -3.1350000000000002 0.99
    endloop
  endfacet
  facet normal -0.3611108125189227 0.9325229118267945 0
    outer loop
      vertex 7.4025 -3.0659073482655077 0.99
      vertex 7.4025 -3.0659073482655077 -0.8999999999999999
      vertex 7.245 -3.126897756383538 0.99
    endloop
  endfacet
  facet normal 0.7148052174244168 0.6993236025924137 1.676447996064555e-18
    outer loop
      vertex -8.3475 -2.427481600847447 -0.8999999999999999
      vertex -8.462437124604365 -2.31 -0.8999999999999999
      vertex -8.462437124604365 -2.31 0.99
    endloop
  endfacet
  facet normal 0.7565105835055262 0.6539814500764746 -2.6665680082110255e-18
    outer loop
      vertex -8.505 -2.26360417770149 -0.8999999999999999
      vertex -8.60752987044666 -2.145 -0.8999999999999999
      vertex -8.60752987044666 -2.145 0.99
    endloop
  endfacet
  facet normal 0.7883136763652987 0.6152735551406602 5.272316708178939e-19
    outer loop
      vertex -8.60752987044666 -2.145 -0.8999999999999999
      vertex -8.6625 -2.074570018804785 -0.8999999999999999
      vertex -8.6625 -2.074570018804785 0.99
    endloop
  endfacet
  facet normal -0.3656019506415903 0.9307713004208199 0
    outer loop
      vertex -4.354829324922547 -2.97 0.99
      vertex -4.354829324922547 -2.97 -0.8999999999999999
      vertex -4.41 -2.9916707438415977 0.99
    endloop
  endfacet
  facet normal -0.3590106187864968 0.9333334750230148 0
    outer loop
      vertex -4.2525 -2.930638597839275 0.99
      vertex -4.2525 -2.930638597839275 -0.8999999999999999
      vertex -4.354829324922547 -2.97 0.99
    endloop
  endfacet
  facet normal -0.37192850075338735 0.928261380392041 0
    outer loop
      vertex -3.9480452418634897 -2.809391122113327 0.8999999999999999
      vertex -3.9480452418634897 -2.809391122113327 -0.8999999999999999
      vertex -4.095 -2.868271803812274 0.99
    endloop
  endfacet
  facet normal -0.36816605527706653 0.9297600527779863 0
    outer loop
      vertex -4.095 -2.868271803812274 0.99
      vertex -4.095 -2.868271803812274 -0.8999999999999999
      vertex -4.2525 -2.930638597839275 0.99
    endloop
  endfacet
  facet normal 0.7954540316711575 0.6060139301188555 -1.4137010701520658e-18
    outer loop
      vertex -8.6625 -2.074570018804785 -0.8999999999999999
      vertex -8.734547844985961 -1.98 -0.8999999999999999
      vertex -8.734547844985961 -1.98 0.99
    endloop
  endfacet
  facet normal 0.8336414297587943 0.5523060443175623 -2.554381139117546e-19
    outer loop
      vertex -8.734547844985961 -1.98 -0.8999999999999999
      vertex -8.82 -1.8510199582010831 -0.8999999999999999
      vertex -8.82 -1.8510199582010831 0.99
    endloop
  endfacet
  facet normal 0.8581807316001431 0.513347671573801 1.074277010883272e-18
    outer loop
      vertex -8.844074937857114 -1.8150000000000002 -0.8999999999999999
      vertex -8.942774853493466 -1.65 -0.8999999999999999
      vertex -8.942774853493466 -1.65 0.99
    endloop
  endfacet
  facet normal 0.8933611371922715 0.4493393801510517 -8.39564747701004e-19
    outer loop
      vertex -8.942774853493466 -1.65 -0.8999999999999999
      vertex -8.9775 -1.580960655258357 -0.8999999999999999
      vertex -8.9775 -1.580960655258357 0.99
    endloop
  endfacet
  facet normal 0.8816054279051988 0.47198714970652667 1.997425271921634e-18
    outer loop
      vertex -8.9775 -1.580960655258357 -0.8999999999999999
      vertex -9.028874679335836 -1.485 -0.8999999999999999
      vertex -9.028874679335836 -1.485 0.99
    endloop
  endfacet
  facet normal 0 0 -1
    outer loop
      vertex -7.592425148724197 -2.97 0.99
      vertex -7.873047814591288 -2.805 0.99
      vertex -4.2525 -2.930638597839275 0.99
    endloop
  endfacet
  facet normal 0 0 -1
    outer loop
      vertex -7.873047814591288 -2.805 0.99
      vertex -8.103278710919977 -2.64 0.99
      vertex -3.7800000000000002 -2.7502442482137552 0.99
    endloop
  endfacet
  facet normal 0 0 -1
    outer loop
      vertex -8.296366628056623 -2.475 0.99
      vertex -8.462437124604365 -2.31 0.99
      vertex -3.15 -2.645409273167823 0.99
    endloop
  endfacet
  facet normal 0 0 -1
    outer loop
      vertex -8.60752987044666 -2.145 0.99
      vertex -8.734547844985961 -1.98 0.99
      vertex -3.15 -2.645409273167823 0.99
    endloop
  endfacet
  facet normal 0 0 -1
    outer loop
      vertex -3.15 -2.645409273167823 0.99
      vertex -8.462437124604365 -2.31 0.99
      vertex -8.60752987044666 -2.145 0.99
    endloop
  endfacet
  facet normal 0.8313931428335425 0.5556846606209 2.8441136075774853e-19
    outer loop
      vertex -8.82 -1.8510199582010831 -0.8999999999999999
      vertex -8.844074937857114 -1.8150000000000002 -0.8999999999999999
      vertex -8.844074937857114 -1.8150000000000002 0.99
    endloop
  endfacet
  facet normal 0.9127740934707792 0.40846475281056666 2.2737651158136478e-18
    outer loop
      vertex -9.028874679335836 -1.485 -0.8999999999999999
      vertex -9.10271188034301 -1.32 -0.8999999999999999
      vertex -9.10271188034301 -1.32 0.99
    endloop
  endfacet
  facet normal 0.9254495259714459 0.3788709211317568 -1.0052683690292957e-18
    outer loop
      vertex -9.135 -1.2317270920492107 -0.8999999999999999
      vertex -9.166411398703707 -1.155 -0.8999999999999999
      vertex -9.166411398703707 -1.155 0.99
    endloop
  endfacet
  facet normal 0.939146353677015 0.34351728686511124 7.9354911732347315e-19
    outer loop
      vertex -9.10271188034301 -1.32 -0.8999999999999999
      vertex -9.135 -1.2317270920492107 -0.8999999999999999
      vertex -9.135 -1.2317270920492107 0.99
    endloop
  endfacet
  facet normal 0.9461887327188495 0.323615330409265 -1.8724552262058182e-18
    outer loop
      vertex -9.166411398703707 -1.155 -0.8999999999999999
      vertex -9.222844674297779 -0.99 -0.8999999999999999
      vertex -9.222844674297779 -0.99 0.99
    endloop
  endfacet
  facet normal 0.9669603754132886 0.2549267196285869 4.904045133922011e-20
    outer loop
      vertex -9.222844674297779 -0.99 -0.8999999999999999
      vertex -9.266344811230214 -0.825 -0.8999999999999999
      vertex -9.266344811230214 -0.825 0.99
    endloop
  endfacet
  facet normal 0 0 -1
    outer loop
      vertex -8.103278710919977 -2.64 0.99
      vertex -8.296366628056623 -2.475 0.99
      vertex -3.15 -2.645409273167823 0.99
    endloop
  endfacet
  facet normal 0 0 -1
    outer loop
      vertex -3.15 -2.645409273167823 0.99
      vertex -8.734547844985961 -1.98 0.99
      vertex -8.82 -1.8510199582010831 0.99
    endloop
  endfacet
  facet normal 0 0 -1
    outer loop
      vertex -8.82 -1.8510199582010831 0.99
      vertex -8.942774853493466 -1.65 0.99
      vertex -2.9924999999999997 -2.6647490640826077 0.99
    endloop
  endfacet
  facet normal 0.9803921828996996 0.19705625518912578 -7.696276149324513e-19
    outer loop
      vertex -9.266344811230214 -0.825 -0.8999999999999999
      vertex -9.2925 -0.694872983288176 -0.8999999999999999
      vertex -9.2925 -0.694872983288176 0.99
    endloop
  endfacet
  facet normal 0.9723361448928264 0.2335860041504126 -5.945175393879212e-20
    outer loop
      vertex -9.2925 -0.694872983288176 -0.8999999999999999
      vertex -9.300877597461408 -0.66 -0.8999999999999999
      vertex -9.300877597461408 -0.66 0.99
    endloop
  endfacet
  facet normal 0 0 -1
    outer loop
      vertex -8.942774853493466 -1.65 0.99
      vertex -8.9775 -1.580960655258357 0.99
      vertex 1.0364745140075684 -1.5765847206115722 0.99
    endloop
  endfacet
  facet normal 0.9830266631616331 0.1834627469360065 -1.6766666478980103e-19
    outer loop
      vertex -9.300877597461408 -0.66 -0.8999999999999999
      vertex -9.331671628161534 -0.495 -0.8999999999999999
      vertex -9.331671628161534 -0.495 0.99
    endloop
  endfacet
  facet normal 0.991932384799118 0.12676807163767365 1.8164921583254916e-19
    outer loop
      vertex -9.331671628161534 -0.495 -0.8999999999999999
      vertex -9.352758480592964 -0.33 -0.8999999999999999
      vertex -9.352758480592964 -0.33 0.99
    endloop
  endfacet
  facet normal 0.9972394672794718 0.07425257504056722 -5.826883968579787e-19
    outer loop
      vertex -9.352758480592964 -0.33 -0.8999999999999999
      vertex -9.365044070246888 -0.165 -0.8999999999999999
      vertex -9.365044070246888 -0.165 0.99
    endloop
  endfacet
  facet normal 0.9997012972013583 0.024440056749559097 3.852962121653738e-20
    outer loop
      vertex -9.365044070246888 -0.165 -0.8999999999999999
      vertex -9.369077884522179 0 -0.8999999999999999
      vertex -9.369077884522179 0 0.99
    endloop
  endfacet
  facet normal 0.7368900685710655 0.6760125937002432 0
    outer loop
      vertex -8.462437124604365 -2.31 0.99
      vertex -8.462437124604365 -2.31 -0.8999999999999999
      vertex -8.505 -2.26360417770149 0.99
    endloop
  endfacet
  facet normal 0.6242011977370341 0.7812636333169822 0
    outer loop
      vertex -8.0325 -2.696549613019818 0.99
      vertex -8.0325 -2.696549613019818 -0.8999999999999999
      vertex -8.103278710919977 -2.64 0.99
    endloop
  endfacet
  facet normal 0.5422060983076872 0.8402455277821803 0
    outer loop
      vertex -7.7175 -2.9053742011843156 0.99
      vertex -7.7175 -2.9053742011843156 -0.8999999999999999
      vertex -7.873047814591288 -2.805 0.99
    endloop
  endfacet
  facet normal 0.4590413132310934 0.8884149215018132 0
    outer loop
      vertex -7.592425148724197 -2.97 0.99
      vertex -7.592425148724197 -2.97 -0.8999999999999999
      vertex -7.7175 -2.9053742011843156 0.99
    endloop
  endfacet
  facet normal 0.4905856658954349 0.871392967849714 0
    outer loop
      vertex -7.5600000000000005 -2.98825503964976 0.99
      vertex -7.5600000000000005 -2.98825503964976 -0.8999999999999999
      vertex -7.592425148724197 -2.97 0.99
    endloop
  endfacet
  facet normal 0.5629040583039806 0.8265222447973852 0
    outer loop
      vertex -7.875 -2.8038151944859417 0.99
      vertex -7.875 -2.8038151944859417 -0.8999999999999999
      vertex -8.0325 -2.696549613019818 0.99
    endloop
  endfacet
  facet normal 0.5188341721122536 0.8548749042103134 0
    outer loop
      vertex -7.873047814591288 -2.805 0.99
      vertex -7.873047814591288 -2.805 -0.8999999999999999
      vertex -7.875 -2.8038151944859417 0.99
    endloop
  endfacet
  facet normal 0 0 -1
    outer loop
      vertex -4.354829324922547 -2.97 0.99
      vertex -4.41 -2.9916707438415977 0.99
      vertex -7.592425148724197 -2.97 0.99
    endloop
  endfacet
  facet normal 0 0 -1
    outer loop
      vertex -4.2525 -2.930638597839275 0.99
      vertex -4.354829324922547 -2.97 0.99
      vertex -7.592425148724197 -2.97 0.99
    endloop
  endfacet
  facet normal 0 0 -1
    outer loop
      vertex -4.095 -2.868271803812274 0.99
      vertex -4.2525 -2.930638597839275 0.99
      vertex -7.873047814591288 -2.805 0.99
    endloop
  endfacet
  facet normal 0 0 -1
    outer loop
      vertex -3.9375 -2.8051659371824265 0.99
      vertex -4.095 -2.868271803812274 0.99
      vertex -7.873047814591288 -2.805 0.99
    endloop
  endfacet
  facet normal 0 0 -1
    outer loop
      vertex -3.9370235096496855 -2.805 0.99
      vertex -3.9375 -2.8051659371824265 0.99
      vertex -7.873047814591288 -2.805 0.99
    endloop
  endfacet
  facet normal 0 0 -1
    outer loop
      vertex -3.7800000000000002 -2.7502442482137552 0.99
      vertex -3.9370235096496855 -2.805 0.99
      vertex -7.873047814591288 -2.805 0.99
    endloop
  endfacet
  facet normal 0 0 -1
    outer loop
      vertex -3.6225 -2.7020346693370016 0.99
      vertex -3.7800000000000002 -2.7502442482137552 0.99
      vertex -8.103278710919977 -2.64 0.99
    endloop
  endfacet
  facet normal 0 0 -1
    outer loop
      vertex -3.4650000000000003 -2.6657620636587454 0.99
      vertex -3.6225 -2.7020346693370016 0.99
      vertex -8.103278710919977 -2.64 0.99
    endloop
  endfacet
  facet normal 0 0 -1
    outer loop
      vertex -3.3075 -2.64593306184701 0.99
      vertex -3.4650000000000003 -2.6657620636587454 0.99
      vertex -8.103278710919977 -2.64 0.99
    endloop
  endfacet
  facet normal 0 0 -1
    outer loop
      vertex -3.15 -2.645409273167823 0.99
      vertex -3.3075 -2.64593306184701 0.99
      vertex -8.103278710919977 -2.64 0.99
    endloop
  endfacet
  facet normal 0.67059013801643 0.7418280574331935 0
    outer loop
      vertex -8.19 -2.5711522162367886 0.99
      vertex -8.19 -2.5711522162367886 -0.8999999999999999
      vertex -8.296366628056623 -2.475 0.99
    endloop
  endfacet
  facet normal 0.6807388399512168 0.7325261986999998 0
    outer loop
      vertex -8.296366628056623 -2.475 0.99
      vertex -8.296366628056623 -2.475 -0.8999999999999999
      vertex -8.3475 -2.427481600847447 0.99
    endloop
  endfacet
  facet normal 0.6217762295901204 0.7831949440060846 0
    outer loop
      vertex -8.103278710919977 -2.64 0.99
      vertex -8.103278710919977 -2.64 -0.8999999999999999
      vertex -8.19 -2.5711522162367886 0.99
    endloop
  endfacet
  facet normal 0.7148052174244168 0.6993236025924137 0
    outer loop
      vertex -8.3475 -2.427481600847447 0.99
      vertex -8.3475 -2.427481600847447 -0.8999999999999999
      vertex -8.462437124604365 -2.31 0.99
    endloop
  endfacet
  facet normal 0 0 -1
    outer loop
      vertex -2.9924999999999997 -2.6647490640826077 0.99
      vertex -3.15 -2.645409273167823 0.99
      vertex -8.82 -1.8510199582010831 0.99
    endloop
  endfacet
  facet normal -0.3719285007533873 0.9282613803920411 1.4073483863975734e-16
    outer loop
      vertex -4.095 -2.868271803812274 0.99
      vertex -3.9375 -2.8051659371824265 0.99
      vertex -3.9480452418634897 -2.809391122113327 0.8999999999999999
    endloop
  endfacet
  facet normal -0.37192850075338624 0.9282613803920414 0
    outer loop
      vertex -3.9375 -2.8051659371824265 0.99
      vertex -3.9375 -2.8051659371824265 0.8999999999999999
      vertex -3.9480452418634897 -2.809391122113327 0.8999999999999999
    endloop
  endfacet
  facet normal -0.32887669830015753 0.9443728698534215 0
    outer loop
      vertex -3.9370235096496855 -2.805 0.99
      vertex -3.9370235096496855 -2.805 0.8999999999999999
      vertex -3.9375 -2.8051659371824265 0.8999999999999999
    endloop
  endfacet
  facet normal -0.3292655182316213 0.944237374023959 0
    outer loop
      vertex -3.7800000000000002 -2.7502442482137552 0.99
      vertex -3.7800000000000002 -2.7502442482137552 0.8999999999999999
      vertex -3.9370235096496855 -2.805 0.8999999999999999
    endloop
  endfacet
  facet normal -0.32887669830015753 0.9443728698534215 0
    outer loop
      vertex -3.9375 -2.8051659371824265 0.99
      vertex -3.9370235096496855 -2.805 0.99
      vertex -3.9375 -2.8051659371824265 0.8999999999999999
    endloop
  endfacet
  facet normal -0.3292655182316213 0.944237374023959 0
    outer loop
      vertex -3.9370235096496855 -2.805 0.99
      vertex -3.7800000000000002 -2.7502442482137552 0.99
      vertex -3.9370235096496855 -2.805 0.8999999999999999
    endloop
  endfacet
  facet normal -0.7368900685710656 -0.6760125937002434 3.5914147776673795e-17
    outer loop
      vertex 8.462437124604365 2.31 0.99
      vertex 8.505 2.26360417770149 0.8999999999999999
      vertex 8.505 2.26360417770149 0.99
    endloop
  endfacet
  facet normal 0 0 -1
    outer loop
      vertex -8.9775 -1.580960655258357 0.99
      vertex -9.10271188034301 -1.32 0.99
      vertex 0.6183222770690918 -1.3635254859924315 0.99
    endloop
  endfacet
  facet normal 0 0 -1
    outer loop
      vertex 0.6183222770690918 -1.3635254859924315 0.99
      vertex -9.10271188034301 -1.32 0.99
      vertex -9.135 -1.2317270920492107 0.99
    endloop
  endfacet
  facet normal 0 0 -1
    outer loop
      vertex -9.135 -1.2317270920492107 0.99
      vertex -9.222844674297779 -0.99 0.99
      vertex 0.07341527938842773 -0.6135254859924316 0.99
    endloop
  endfacet
  facet normal 0 0 -1
    outer loop
      vertex 0.07341527938842773 -0.6135254859924316 0.99
      vertex -9.222844674297779 -0.99 0.99
      vertex -9.266344811230214 -0.825 0.99
    endloop
  endfacet
  facet normal 0 0 -1
    outer loop
      vertex 0.07341527938842773 -0.6135254859924316 0.99
      vertex -9.266344811230214 -0.825 0.99
      vertex -9.2925 -0.694872983288176 0.99
    endloop
  endfacet
  facet normal 0 0 -1
    outer loop
      vertex 0.07341527938842773 -0.6135254859924316 0.99
      vertex -9.2925 -0.694872983288176 0.99
      vertex -9.331671628161534 -0.495 0.99
    endloop
  endfacet
  facet normal 0 0 -1
    outer loop
      vertex 0.07341527938842773 -0.6135254859924316 0.99
      vertex -9.331671628161534 -0.495 0.99
      vertex -9.352758480592964 -0.33 0.99
    endloop
  endfacet
  facet normal 0 0 -1
    outer loop
      vertex -9.352758480592964 -0.33 0.99
      vertex -9.365044070246888 -0.165 0.99
      vertex 0 -0.15 0.99
    endloop
  endfacet
  facet normal 0 0 -1
    outer loop
      vertex -9.365044070246888 -0.165 0.99
      vertex -9.369077884522179 0 0.99
      vertex 0 0.15 0.99
    endloop
  endfacet
  facet normal -0.7368900685710656 -0.6760125937002434 0
    outer loop
      vertex 8.462437124604365 2.31 0.99
      vertex 8.462437124604365 2.31 0.8999999999999999
      vertex 8.505 2.26360417770149 0.8999999999999999
    endloop
  endfacet
  facet normal -0.5629040583039806 -0.8265222447973852 0
    outer loop
      vertex 8.0325 2.696549613019818 0.8999999999999999
      vertex 8.0325 2.696549613019818 0.99
      vertex 7.875 2.8038151944859417 0.99
    endloop
  endfacet
  facet normal -0.6242011977370341 -0.7812636333169822 0
    outer loop
      vertex 8.103278710919977 2.64 0.8999999999999999
      vertex 8.103278710919977 2.64 0.99
      vertex 8.0325 2.696549613019818 0.99
    endloop
  endfacet
  facet normal -0.6242011977370341 -0.7812636333169822 0
    outer loop
      vertex 8.0325 2.696549613019818 0.99
      vertex 8.0325 2.696549613019818 0.8999999999999999
      vertex 8.103278710919977 2.64 0.8999999999999999
    endloop
  endfacet
  facet normal -0.5422060983076871 -0.8402455277821803 0
    outer loop
      vertex 7.873047814591288 2.805 0.99
      vertex 7.7175 2.9053742011843156 0.99
      vertex 7.873047814591288 2.805 0.8999999999999999
    endloop
  endfacet
  facet normal -0.5422060983076871 -0.8402455277821803 0
    outer loop
      vertex 7.7175 2.9053742011843156 0.99
      vertex 7.7175 2.9053742011843156 0.8999999999999999
      vertex 7.873047814591288 2.805 0.8999999999999999
    endloop
  endfacet
  facet normal -0.4590413132310935 -0.8884149215018134 0
    outer loop
      vertex 7.7175 2.9053742011843156 0.99
      vertex 7.592425148724197 2.97 0.99
      vertex 7.7175 2.9053742011843156 0.8999999999999999
    endloop
  endfacet
  facet normal -0.4905856658954349 -0.871392967849714 0
    outer loop
      vertex 7.592425148724197 2.97 0.99
      vertex 7.5600000000000005 2.98825503964976 0.99
      vertex 7.592425148724197 2.97 0.8999999999999999
    endloop
  endfacet
  facet normal -0.4590413132310935 -0.8884149215018134 0
    outer loop
      vertex 7.592425148724197 2.97 0.99
      vertex 7.592425148724197 2.97 0.8999999999999999
      vertex 7.7175 2.9053742011843156 0.8999999999999999
    endloop
  endfacet
  facet normal -0.4905856658954349 -0.871392967849714 0
    outer loop
      vertex 7.5600000000000005 2.98825503964976 0.99
      vertex 7.5600000000000005 2.98825503964976 0.8999999999999999
      vertex 7.592425148724197 2.97 0.8999999999999999
    endloop
  endfacet
  facet normal -0.44220579608220933 -0.8969136156349168 -1.0240236242506526e-17
    outer loop
      vertex 7.536178026279728 3 0.8999999999999999
      vertex 7.5600000000000005 2.98825503964976 0.8999999999999999
      vertex 7.5600000000000005 2.98825503964976 0.99
    endloop
  endfacet
  facet normal 0 0 -1
    outer loop
      vertex 7.873047814591288 2.805 0.99
      vertex 7.875 2.8038151944859417 0.99
      vertex 8.0325 2.696549613019818 0.99
    endloop
  endfacet
  facet normal -0.5188341721122536 -0.8548749042103134 0
    outer loop
      vertex 7.875 2.8038151944859417 0.99
      vertex 7.873047814591288 2.805 0.99
      vertex 7.875 2.8038151944859417 0.8999999999999999
    endloop
  endfacet
  facet normal -0.5629040583039806 -0.8265222447973852 0
    outer loop
      vertex 7.875 2.8038151944859417 0.99
      vertex 7.875 2.8038151944859417 0.8999999999999999
      vertex 8.0325 2.696549613019818 0.8999999999999999
    endloop
  endfacet
  facet normal -0.5188341721122536 -0.8548749042103134 0
    outer loop
      vertex 7.873047814591288 2.805 0.99
      vertex 7.873047814591288 2.805 0.8999999999999999
      vertex 7.875 2.8038151944859417 0.8999999999999999
    endloop
  endfacet
  facet normal -0.67059013801643 -0.7418280574331935 0
    outer loop
      vertex 8.19 2.5711522162367886 0.99
      vertex 8.19 2.5711522162367886 0.8999999999999999
      vertex 8.296366628056623 2.475 0.99
    endloop
  endfacet
  facet normal -0.6807388399512169 -0.7325261986999998 0
    outer loop
      vertex 8.3475 2.427481600847447 0.99
      vertex 8.296366628056623 2.475 0.99
      vertex 8.3475 2.427481600847447 0.8999999999999999
    endloop
  endfacet
  facet normal -0.67059013801643 -0.7418280574331935 6.376022247112457e-17
    outer loop
      vertex 8.19 2.5711522162367886 0.8999999999999999
      vertex 8.296366628056623 2.475 0.8999999999999999
      vertex 8.296366628056623 2.475 0.99
    endloop
  endfacet
  facet normal -0.6807388399512169 -0.7325261986999998 0
    outer loop
      vertex 8.296366628056623 2.475 0.99
      vertex 8.296366628056623 2.475 0.8999999999999999
      vertex 8.3475 2.427481600847447 0.8999999999999999
    endloop
  endfacet
  facet normal 0.12187693347213552 0.9925452196688213 0
    outer loop
      vertex -2.9924999999999997 -2.6647490640826077 0.99
      vertex -2.9924999999999997 -2.6647490640826077 -0.8999999999999999
      vertex -3.018785860985028 -2.6615213621431444 0.8999999999999999
    endloop
  endfacet
  facet normal 0.23042221812411648 0.9730907467419275 0
    outer loop
      vertex -2.8350000000000004 -2.702044146248437 0.99
      vertex -2.8350000000000004 -2.702044146248437 -0.8999999999999999
      vertex -2.9924999999999997 -2.6647490640826077 0.99
    endloop
  endfacet
  facet normal 0.4042161976627608 0.9146634711996866 0
    outer loop
      vertex -2.3625 -2.883654939242748 0.99
      vertex -2.3625 -2.883654939242748 -0.8999999999999999
      vertex -2.52 -2.8140511416313903 0.99
    endloop
  endfacet
  facet normal 0.30956834616029305 0.9508771945186092 0
    outer loop
      vertex -2.6775 -2.753319973244088 0.99
      vertex -2.6775 -2.753319973244088 -0.8999999999999999
      vertex -2.8350000000000004 -2.702044146248437 0.99
    endloop
  endfacet
  facet normal 0.3596890466228723 0.9330722317910491 0
    outer loop
      vertex -2.543436429377236 -2.805 0.99
      vertex -2.543436429377236 -2.805 -0.8999999999999999
      vertex -2.6775 -2.753319973244088 0.99
    endloop
  endfacet
  facet normal 0.3602661984472358 0.9328495410602811 0
    outer loop
      vertex -2.52 -2.8140511416313903 0.99
      vertex -2.52 -2.8140511416313903 -0.8999999999999999
      vertex -2.543436429377236 -2.805 0.99
    endloop
  endfacet
  facet normal 0.4057542001112749 0.9139822367486468 0
    outer loop
      vertex -2.205 -2.9535756488014617 0.99
      vertex -2.205 -2.9535756488014617 -0.8999999999999999
      vertex -2.3625 -2.883654939242748 0.99
    endloop
  endfacet
  facet normal 0.4153697229332554 0.9096526772732275 0
    outer loop
      vertex -2.1690309482965686 -2.97 0.99
      vertex -2.1690309482965686 -2.97 -0.8999999999999999
      vertex -2.205 -2.9535756488014617 0.99
    endloop
  endfacet
  facet normal -0.6217762295901204 -0.7831949440060846 0
    outer loop
      vertex 8.19 2.5711522162367886 0.8999999999999999
      vertex 8.19 2.5711522162367886 0.99
      vertex 8.103278710919977 2.64 0.99
    endloop
  endfacet
  facet normal -0.2926881444497477 0.9562079533755007 0
    outer loop
      vertex -3.7800000000000002 -2.7502442482137552 0.8999999999999999
      vertex -3.7800000000000002 -2.7502442482137552 0.99
      vertex -3.6225 -2.7020346693370016 0.99
    endloop
  endfacet
  facet normal -0.2926881444497477 0.9562079533755007 0
    outer loop
      vertex -3.6225 -2.7020346693370016 0.99
      vertex -3.6225 -2.7020346693370016 0.8999999999999999
      vertex -3.7800000000000002 -2.7502442482137552 0.8999999999999999
    endloop
  endfacet
  facet normal -0.22442743286421674 0.9744908041525981 0
    outer loop
      vertex -3.4650000000000003 -2.6657620636587454 0.99
      vertex -3.4650000000000003 -2.6657620636587454 0.8999999999999999
      vertex -3.6225 -2.7020346693370016 0.8999999999999999
    endloop
  endfacet
  facet normal -0.22442743286421674 0.9744908041525981 0
    outer loop
      vertex -3.6225 -2.7020346693370016 0.99
      vertex -3.4650000000000003 -2.6657620636587454 0.99
      vertex -3.6225 -2.7020346693370016 0.8999999999999999
    endloop
  endfacet
  facet normal -0.12491235996041263 0.992167779324203 0
    outer loop
      vertex -3.3075 -2.64593306184701 0.99
      vertex -3.3075 -2.64593306184701 0.8999999999999999
      vertex -3.4650000000000003 -2.6657620636587454 0.8999999999999999
    endloop
  endfacet
  facet normal -0.12491235996041263 0.992167779324203 0
    outer loop
      vertex -3.4650000000000003 -2.6657620636587454 0.8999999999999999
      vertex -3.4650000000000003 -2.6657620636587454 0.99
      vertex -3.3075 -2.64593306184701 0.99
    endloop
  endfacet
  facet normal -0.00332562401705787 0.9999944700971587 0
    outer loop
      vertex -3.15 -2.645409273167823 0.99
      vertex -3.15 -2.645409273167823 0.8999999999999999
      vertex -3.3075 -2.64593306184701 0.8999999999999999
    endloop
  endfacet
  facet normal 0.12187693347215624 0.9925452196688188 -6.133679401534982e-15
    outer loop
      vertex -2.9924999999999997 -2.6647490640826077 0.99
      vertex -3.018785860985028 -2.6615213621431444 0.8999999999999999
      vertex -3.15 -2.645409273167823 0.8999999999999999
    endloop
  endfacet
  facet normal -0.00332562401705787 0.9999944700971587 0
    outer loop
      vertex -3.3075 -2.64593306184701 0.8999999999999999
      vertex -3.3075 -2.64593306184701 0.99
      vertex -3.15 -2.645409273167823 0.99
    endloop
  endfacet
  facet normal 0.12187693347215278 0.9925452196688193 0
    outer loop
      vertex -3.15 -2.645409273167823 0.8999999999999999
      vertex -3.15 -2.645409273167823 0.99
      vertex -2.9924999999999997 -2.6647490640826077 0.99
    endloop
  endfacet
  facet normal -0.6217762295901204 -0.7831949440060846 0
    outer loop
      vertex 8.103278710919977 2.64 0.99
      vertex 8.103278710919977 2.64 0.8999999999999999
      vertex 8.19 2.5711522162367886 0.8999999999999999
    endloop
  endfacet
  facet normal -0.7148052174244168 -0.6993236025924137 0
    outer loop
      vertex 8.462437124604365 2.31 0.99
      vertex 8.3475 2.427481600847447 0.99
      vertex 8.462437124604365 2.31 0.8999999999999999
    endloop
  endfacet
  facet normal 0 0 -1
    outer loop
      vertex -2.9924999999999997 -2.6647490640826077 0.99
      vertex -8.942774853493466 -1.65 0.99
      vertex 1.5 -1.65 0.99
    endloop
  endfacet
  facet normal -0.7148052174244168 -0.6993236025924137 0
    outer loop
      vertex 8.3475 2.427481600847447 0.99
      vertex 8.3475 2.427481600847447 0.8999999999999999
      vertex 8.462437124604365 2.31 0.8999999999999999
    endloop
  endfacet
  facet normal 0 0 -1
    outer loop
      vertex 1.0364745140075684 -1.5765847206115722 0.99
      vertex -8.9775 -1.580960655258357 0.99
      vertex 0.6183222770690918 -1.3635254859924315 0.99
    endloop
  endfacet
  facet normal 0 0 -1
    outer loop
      vertex 1.5 -1.65 0.99
      vertex -8.942774853493466 -1.65 0.99
      vertex 1.0364745140075684 -1.5765847206115722 0.99
    endloop
  endfacet
  facet normal -0.7565105835055261 -0.6539814500764745 0
    outer loop
      vertex 8.60752987044666 2.145 0.8999999999999999
      vertex 8.60752987044666 2.145 0.99
      vertex 8.505 2.26360417770149 0.99
    endloop
  endfacet
  facet normal -0.7565105835055261 -0.6539814500764745 0
    outer loop
      vertex 8.505 2.26360417770149 0.99
      vertex 8.505 2.26360417770149 0.8999999999999999
      vertex 8.60752987044666 2.145 0.8999999999999999
    endloop
  endfacet
  facet normal -0.7883136763652986 -0.6152735551406602 1.1071865087175762e-17
    outer loop
      vertex 8.60752987044666 2.145 0.99
      vertex 8.6625 2.074570018804785 0.8999999999999999
      vertex 8.6625 2.074570018804785 0.99
    endloop
  endfacet
  facet normal -0.7883136763652986 -0.6152735551406602 0
    outer loop
      vertex 8.60752987044666 2.145 0.99
      vertex 8.60752987044666 2.145 0.8999999999999999
      vertex 8.6625 2.074570018804785 0.8999999999999999
    endloop
  endfacet
  facet normal -0.7954540316711575 -0.6060139301188555 0
    outer loop
      vertex 8.734547844985961 1.98 0.99
      vertex 8.6625 2.074570018804785 0.99
      vertex 8.734547844985961 1.98 0.8999999999999999
    endloop
  endfacet
  facet normal -0.7954540316711575 -0.6060139301188555 0
    outer loop
      vertex 8.6625 2.074570018804785 0.99
      vertex 8.6625 2.074570018804785 0.8999999999999999
      vertex 8.734547844985961 1.98 0.8999999999999999
    endloop
  endfacet
  facet normal -0.8336414297587931 -0.5523060443175642 0
    outer loop
      vertex 8.82 1.8510199582010838 0.99
      vertex 8.734547844985961 1.98 0.99
      vertex 8.82 1.8510199582010838 0.8999999999999999
    endloop
  endfacet
  facet normal 0 0 -1
    outer loop
      vertex -2.1690309482965686 -2.97 0.99
      vertex -2.205 -2.9535756488014617 0.99
      vertex 2.205 -2.953575648801461 0.99
    endloop
  endfacet
  facet normal 0 0 -1
    outer loop
      vertex -2.205 -2.9535756488014617 0.99
      vertex -2.3625 -2.883654939242748 0.99
      vertex 2.6775 -2.7533199732440874 0.99
    endloop
  endfacet
  facet normal 0 0 -1
    outer loop
      vertex -2.8350000000000004 -2.702044146248437 0.99
      vertex -2.9924999999999997 -2.6647490640826077 0.99
      vertex 3.15 -2.645409273167823 0.99
    endloop
  endfacet
  facet normal 0 0 -1
    outer loop
      vertex -2.6775 -2.753319973244088 0.99
      vertex -2.8350000000000004 -2.702044146248437 0.99
      vertex 3.15 -2.645409273167823 0.99
    endloop
  endfacet
  facet normal 0 0 -1
    outer loop
      vertex -2.3625 -2.883654939242748 0.99
      vertex -2.52 -2.8140511416313903 0.99
      vertex 2.9924999999999997 -2.6647490640826077 0.99
    endloop
  endfacet
  facet normal 0 0 -1
    outer loop
      vertex -2.543436429377236 -2.805 0.99
      vertex -2.6775 -2.753319973244088 0.99
      vertex 3.15 -2.645409273167823 0.99
    endloop
  endfacet
  facet normal 0 0 -1
    outer loop
      vertex -2.52 -2.8140511416313903 0.99
      vertex -2.543436429377236 -2.805 0.99
      vertex 3.15 -2.645409273167823 0.99
    endloop
  endfacet
  facet normal 0 0 -1
    outer loop
      vertex -9.135 -1.2317270920492107 0.99
      vertex 0.07341527938842773 -0.6135254859924316 0.99
      vertex 0.28647451400756835 -1.0316777229309082 0.99
    endloop
  endfacet
  facet normal 0 0 -1
    outer loop
      vertex 0.6183222770690918 -1.3635254859924315 0.99
      vertex -9.135 -1.2317270920492107 0.99
      vertex 0.28647451400756835 -1.0316777229309082 0.99
    endloop
  endfacet
  facet normal 0 0 -1
    outer loop
      vertex 0.07341527938842773 -0.6135254859924316 0.99
      vertex -9.352758480592964 -0.33 0.99
      vertex 0 -0.15 0.99
    endloop
  endfacet
  facet normal 0 0 -1
    outer loop
      vertex 0 -0.15 0.99
      vertex -9.365044070246888 -0.165 0.99
      vertex 0 0.15 0.99
    endloop
  endfacet
  facet normal -0.8336414297587931 -0.5523060443175642 0
    outer loop
      vertex 8.734547844985961 1.98 0.99
      vertex 8.734547844985961 1.98 0.8999999999999999
      vertex 8.82 1.8510199582010838 0.8999999999999999
    endloop
  endfacet
  facet normal -0.8581807316001432 -0.513347671573801 2.255981722854869e-17
    outer loop
      vertex 8.844074937857114 1.8150000000000002 0.8999999999999999
      vertex 8.942774853493466 1.65 0.8999999999999999
      vertex 8.942774853493466 1.65 0.99
    endloop
  endfacet
  facet normal -0.8313931428335473 -0.5556846606208931 0
    outer loop
      vertex 8.844074937857114 1.8150000000000002 0.99
      vertex 8.82 1.8510199582010838 0.99
      vertex 8.844074937857114 1.8150000000000002 0.8999999999999999
    endloop
  endfacet
  facet normal -0.8313931428335473 -0.5556846606208931 0
    outer loop
      vertex 8.82 1.8510199582010838 0.99
      vertex 8.82 1.8510199582010838 0.8999999999999999
      vertex 8.844074937857114 1.8150000000000002 0.8999999999999999
    endloop
  endfacet
  facet normal -0.8581807316001432 -0.513347671573801 0
    outer loop
      vertex 8.844074937857114 1.8150000000000002 0.99
      vertex 8.844074937857114 1.8150000000000002 0.8999999999999999
      vertex 8.942774853493466 1.65 0.99
    endloop
  endfacet
  facet normal 0.7565105835055262 0.6539814500764746 0
    outer loop
      vertex -8.505 -2.26360417770149 0.99
      vertex -8.505 -2.26360417770149 -0.8999999999999999
      vertex -8.60752987044666 -2.145 0.99
    endloop
  endfacet
  facet normal 0.7883136763652987 0.6152735551406602 0
    outer loop
      vertex -8.60752987044666 -2.145 0.99
      vertex -8.60752987044666 -2.145 -0.8999999999999999
      vertex -8.6625 -2.074570018804785 0.99
    endloop
  endfacet
  facet normal -0.4422057960822115 -0.896913615634916 6.746013914488919e-16
    outer loop
      vertex 7.536178026279728 3 0.8999999999999999
      vertex 7.5600000000000005 2.98825503964976 0.99
      vertex 7.4025 3.0659073482655077 0.99
    endloop
  endfacet
  facet normal 0 0 -1
    outer loop
      vertex 6.930000000000001 3.2323971641253753 0.99
      vertex 4.816431120384157 3.1350000000000002 0.99
      vertex 6.7725 3.268825014549791 0.99
    endloop
  endfacet
  facet normal 0.9997012972013583 -0.024440056749559097 -3.852962121653738e-20
    outer loop
      vertex -9.369077884522179 0 -0.8999999999999999
      vertex -9.365044070246888 0.165 -0.8999999999999999
      vertex -9.365044070246888 0.165 0.99
    endloop
  endfacet
  facet normal 0.9972394672794718 -0.07425257504056722 5.826883968579787e-19
    outer loop
      vertex -9.365044070246888 0.165 -0.8999999999999999
      vertex -9.352758480592964 0.33 -0.8999999999999999
      vertex -9.352758480592964 0.33 0.99
    endloop
  endfacet
  facet normal 0.991932384799118 -0.12676807163767365 -1.8164921583254916e-19
    outer loop
      vertex -9.352758480592964 0.33 -0.8999999999999999
      vertex -9.331671628161534 0.495 -0.8999999999999999
      vertex -9.331671628161534 0.495 0.99
    endloop
  endfacet
  facet normal 0.9830266631616331 -0.1834627469360065 1.6766666478980103e-19
    outer loop
      vertex -9.331671628161534 0.495 -0.8999999999999999
      vertex -9.300877597461408 0.66 -0.8999999999999999
      vertex -9.300877597461408 0.66 0.99
    endloop
  endfacet
  facet normal 0.9723361448928264 -0.2335860041504126 5.945175393879212e-20
    outer loop
      vertex -9.300877597461408 0.66 -0.8999999999999999
      vertex -9.2925 0.694872983288176 -0.8999999999999999
      vertex -9.2925 0.694872983288176 0.99
    endloop
  endfacet
  facet normal 0 0 -1
    outer loop
      vertex 7.2200160590425515 3.1350000000000002 0.99
      vertex 4.816431120384157 3.1350000000000002 0.99
      vertex 7.0874999999999995 3.185064709006955 0.99
    endloop
  endfacet
  facet normal 0 0 -1
    outer loop
      vertex 7.4025 3.0659073482655077 0.99
      vertex 4.354829324922547 2.97 0.99
      vertex 7.245 3.126897756383538 0.99
    endloop
  endfacet
  facet normal 0 0 -1
    outer loop
      vertex 7.5600000000000005 2.98825503964976 0.99
      vertex 4.354829324922547 2.97 0.99
      vertex 7.4025 3.0659073482655077 0.99
    endloop
  endfacet
  facet normal 0 0 -1
    outer loop
      vertex 6.930000000000001 3.2323971641253753 0.99
      vertex 7.0874999999999995 3.185064709006955 0.99
      vertex 4.816431120384157 3.1350000000000002 0.99
    endloop
  endfacet
  facet normal 0.9803921828996996 -0.19705625518912578 7.696276149324513e-19
    outer loop
      vertex -9.2925 0.694872983288176 -0.8999999999999999
      vertex -9.266344811230214 0.825 -0.8999999999999999
      vertex -9.266344811230214 0.825 0.99
    endloop
  endfacet
  facet normal 0.9669603754132886 -0.2549267196285869 -4.904045133922011e-20
    outer loop
      vertex -9.266344811230214 0.825 -0.8999999999999999
      vertex -9.222844674297779 0.99 -0.8999999999999999
      vertex -9.222844674297779 0.99 0.99
    endloop
  endfacet
  facet normal 0.9461887327188495 -0.323615330409265 1.8724552262058182e-18
    outer loop
      vertex -9.222844674297779 0.99 -0.8999999999999999
      vertex -9.166411398703707 1.155 -0.8999999999999999
      vertex -9.166411398703707 1.155 0.99
    endloop
  endfacet
  facet normal 0 0 -1
    outer loop
      vertex 4.354829324922547 2.97 0.99
      vertex 7.2200160590425515 3.1350000000000002 0.99
      vertex 7.245 3.126897756383538 0.99
    endloop
  endfacet
  facet normal 0 0 -1
    outer loop
      vertex 6.615 3.296035956983753 0.99
      vertex 4.816431120384157 3.1350000000000002 0.99
      vertex 6.583344889949579 3.3 0.99
    endloop
  endfacet
  facet normal 0 0 -1
    outer loop
      vertex 6.615 3.296035956983753 0.99
      vertex 6.7725 3.268825014549791 0.99
      vertex 4.816431120384157 3.1350000000000002 0.99
    endloop
  endfacet
  facet normal 0.9254495259714459 -0.3788709211317568 1.0052683690292957e-18
    outer loop
      vertex -9.166411398703707 1.155 -0.8999999999999999
      vertex -9.135 1.2317270920492107 -0.8999999999999999
      vertex -9.135 1.2317270920492107 0.99
    endloop
  endfacet
  facet normal 0.939146353677015 -0.34351728686511124 -7.9354911732347315e-19
    outer loop
      vertex -9.135 1.2317270920492107 -0.8999999999999999
      vertex -9.10271188034301 1.32 -0.8999999999999999
      vertex -9.10271188034301 1.32 0.99
    endloop
  endfacet
  facet normal 0.9127740934707792 -0.40846475281056666 -2.2737651158136478e-18
    outer loop
      vertex -9.10271188034301 1.32 -0.8999999999999999
      vertex -9.028874679335836 1.485 -0.8999999999999999
      vertex -9.028874679335836 1.485 0.99
    endloop
  endfacet
  facet normal 0 0 -1
    outer loop
      vertex 4.816431120384157 3.1350000000000002 0.99
      vertex 5.515771732045114 3.3 0.99
      vertex 6.583344889949579 3.3 0.99
    endloop
  endfacet
  facet normal 0.41920878880622003 0.9078898564185097 0
    outer loop
      vertex -2.1690309482965686 -2.97 0.99
      vertex -2.0475 -3.0261156634559767 -0.8999999999999999
      vertex -2.1690309482965686 -2.97 -0.8999999999999999
    endloop
  endfacet
  facet normal 0.4153697229332554 0.9096526772732275 -5.727070379382752e-19
    outer loop
      vertex -2.1690309482965686 -2.97 -0.8999999999999999
      vertex -2.205 -2.9535756488014617 -0.8999999999999999
      vertex -2.205 -2.9535756488014617 0.99
    endloop
  endfacet
  facet normal 0.4057542001112749 0.9139822367486468 2.0444094105694335e-18
    outer loop
      vertex -2.205 -2.9535756488014617 -0.8999999999999999
      vertex -2.3625 -2.883654939242748 -0.8999999999999999
      vertex -2.3625 -2.883654939242748 0.99
    endloop
  endfacet
  facet normal 0.3602661984472358 0.9328495410602811 6.436299997333813e-20
    outer loop
      vertex -2.52 -2.8140511416313903 -0.8999999999999999
      vertex -2.543436429377236 -2.805 -0.8999999999999999
      vertex -2.543436429377236 -2.805 0.99
    endloop
  endfacet
  facet normal 0.3596890466228723 0.9330722317910491 1.005822824077904e-18
    outer loop
      vertex -2.543436429377236 -2.805 -0.8999999999999999
      vertex -2.6775 -2.753319973244088 -0.8999999999999999
      vertex -2.6775 -2.753319973244088 0.99
    endloop
  endfacet
  facet normal 0.30956834616029305 0.9508771945186092 -1.4169632884528693e-18
    outer loop
      vertex -2.6775 -2.753319973244088 -0.8999999999999999
      vertex -2.8350000000000004 -2.702044146248437 -0.8999999999999999
      vertex -2.8350000000000004 -2.702044146248437 0.99
    endloop
  endfacet
  facet normal 0.4042161976627608 0.9146634711996866 2.1229526701814682e-19
    outer loop
      vertex -2.3625 -2.883654939242748 -0.8999999999999999
      vertex -2.52 -2.8140511416313903 -0.8999999999999999
      vertex -2.52 -2.8140511416313903 0.99
    endloop
  endfacet
  facet normal 0 0 -1
    outer loop
      vertex 5.5125 3.2996081997448408 0.99
      vertex 5.515771732045114 3.3 0.99
      vertex 4.816431120384157 3.1350000000000002 0.99
    endloop
  endfacet
  facet normal 0 0 -1
    outer loop
      vertex 5.355 3.275099579214023 0.99
      vertex 5.5125 3.2996081997448408 0.99
      vertex 4.816431120384157 3.1350000000000002 0.99
    endloop
  endfacet
  facet normal 0 0 -1
    outer loop
      vertex 4.354829324922547 2.97 0.99
      vertex 4.816431120384157 3.1350000000000002 0.99
      vertex 7.2200160590425515 3.1350000000000002 0.99
    endloop
  endfacet
  facet normal 0 0 -1
    outer loop
      vertex 5.1975 3.243363967312743 0.99
      vertex 5.355 3.275099579214023 0.99
      vertex 4.816431120384157 3.1350000000000002 0.99
    endloop
  endfacet
  facet normal 0 0 -1
    outer loop
      vertex 5.04 3.20400067340022 0.99
      vertex 5.1975 3.243363967312743 0.99
      vertex 4.816431120384157 3.1350000000000002 0.99
    endloop
  endfacet
  facet normal 0 0 -1
    outer loop
      vertex 4.816431120384157 3.1350000000000002 0.99
      vertex 4.8825 3.1568063025356348 0.99
      vertex 5.04 3.20400067340022 0.99
    endloop
  endfacet
  facet normal 0 0 -1
    outer loop
      vertex 4.725 3.106792986298981 0.99
      vertex 4.816431120384157 3.1350000000000002 0.99
      vertex 4.354829324922547 2.97 0.99
    endloop
  endfacet
  facet normal 0 0 -1
    outer loop
      vertex 4.5675 3.052631469275909 0.99
      vertex 4.725 3.106792986298981 0.99
      vertex 4.354829324922547 2.97 0.99
    endloop
  endfacet
  facet normal 0 0 -1
    outer loop
      vertex 4.354829324922547 2.97 0.99
      vertex 4.41 2.9916707438415977 0.99
      vertex 4.5675 3.052631469275909 0.99
    endloop
  endfacet
  facet normal 0.36095797060124957 -0.9325820840330503 -4.700412101078091e-15
    outer loop
      vertex 4.5675 3.052631469275909 0.99
      vertex 4.41 2.9916707438415977 0.99
      vertex 4.4315197216831335 3 0.8999999999999999
    endloop
  endfacet
  facet normal -0.3611108125189227 -0.9325229118267945 0
    outer loop
      vertex 7.245 3.126897756383538 0.99
      vertex 7.245 3.126897756383538 -0.8999999999999999
      vertex 7.4025 3.0659073482655077 0.99
    endloop
  endfacet
  facet normal 0.8816054279051988 -0.47198714970652667 -1.997425271921634e-18
    outer loop
      vertex -9.028874679335836 1.485 -0.8999999999999999
      vertex -8.9775 1.580960655258357 -0.8999999999999999
      vertex -8.9775 1.580960655258357 0.99
    endloop
  endfacet
  facet normal 0.8933611371922715 -0.4493393801510517 8.39564747701004e-19
    outer loop
      vertex -8.9775 1.580960655258357 -0.8999999999999999
      vertex -8.942774853493466 1.65 -0.8999999999999999
      vertex -8.942774853493466 1.65 0.99
    endloop
  endfacet
  facet normal 0.8581807316001431 -0.513347671573801 -1.074277010883272e-18
    outer loop
      vertex -8.942774853493466 1.65 -0.8999999999999999
      vertex -8.844074937857114 1.8150000000000002 -0.8999999999999999
      vertex -8.844074937857114 1.8150000000000002 0.99
    endloop
  endfacet
  facet normal 0.8313931428335425 -0.5556846606209 -2.8441136075774853e-19
    outer loop
      vertex -8.844074937857114 1.8150000000000002 -0.8999999999999999
      vertex -8.82 1.8510199582010831 -0.8999999999999999
      vertex -8.82 1.8510199582010831 0.99
    endloop
  endfacet
  facet normal 0.8336414297587943 -0.5523060443175623 2.554381139117546e-19
    outer loop
      vertex -8.82 1.8510199582010831 -0.8999999999999999
      vertex -8.734547844985961 1.98 -0.8999999999999999
      vertex -8.734547844985961 1.98 0.99
    endloop
  endfacet
  facet normal 0.7954540316711575 -0.6060139301188555 1.4137010701520658e-18
    outer loop
      vertex -8.734547844985961 1.98 -0.8999999999999999
      vertex -8.6625 2.074570018804785 -0.8999999999999999
      vertex -8.6625 2.074570018804785 0.99
    endloop
  endfacet
  facet normal 0.7883136763652987 -0.6152735551406602 -5.272316708178939e-19
    outer loop
      vertex -8.6625 2.074570018804785 -0.8999999999999999
      vertex -8.60752987044666 2.145 -0.8999999999999999
      vertex -8.60752987044666 2.145 0.99
    endloop
  endfacet
  facet normal 0.7565105835055262 -0.6539814500764746 2.6665680082110255e-18
    outer loop
      vertex -8.60752987044666 2.145 -0.8999999999999999
      vertex -8.505 2.26360417770149 -0.8999999999999999
      vertex -8.505 2.26360417770149 0.99
    endloop
  endfacet
  facet normal -0.44220579608221183 -0.8969136156349158 -9.553278098643318e-19
    outer loop
      vertex 7.536178026279728 3 0.8999999999999999
      vertex 7.4025 3.0659073482655077 0.99
      vertex 7.4025 3.0659073482655077 -0.8999999999999999
    endloop
  endfacet
  facet normal -0.308482093463812 -0.9512301498649967 0
    outer loop
      vertex 7.2200160590425515 3.1350000000000002 0.99
      vertex 7.2200160590425515 3.1350000000000002 -0.8999999999999999
      vertex 7.245 3.126897756383538 0.99
    endloop
  endfacet
  facet normal -0.3534196370935313 -0.935464889836426 0
    outer loop
      vertex 7.0874999999999995 3.185064709006955 0.99
      vertex 7.0874999999999995 3.185064709006955 -0.8999999999999999
      vertex 7.2200160590425515 3.1350000000000002 0.99
    endloop
  endfacet
  facet normal -0.2878078279236319 -0.9576881821270852 0
    outer loop
      vertex 6.930000000000001 3.2323971641253753 0.99
      vertex 6.930000000000001 3.2323971641253753 -0.8999999999999999
      vertex 7.0874999999999995 3.185064709006955 0.99
    endloop
  endfacet
  facet normal -0.2253392945849999 -0.9742803509852463 0
    outer loop
      vertex 6.7725 3.268825014549791 0.99
      vertex 6.7725 3.268825014549791 -0.8999999999999999
      vertex 6.930000000000001 3.2323971641253753 0.99
    endloop
  endfacet
  facet normal -0.1702457596898938 -0.9854016345164093 0
    outer loop
      vertex 6.615 3.296035956983753 0.99
      vertex 6.615 3.296035956983753 -0.8999999999999999
      vertex 6.7725 3.268825014549791 0.99
    endloop
  endfacet
  facet normal 0.7368900685710655 -0.6760125937002432 -1.710197513174944e-18
    outer loop
      vertex -8.505 2.26360417770149 -0.8999999999999999
      vertex -8.462437124604365 2.31 -0.8999999999999999
      vertex -8.462437124604365 2.31 0.99
    endloop
  endfacet
  facet normal -0.12425553642661678 -0.992250251533016 0
    outer loop
      vertex 6.583344889949579 3.3 0.99
      vertex 6.583344889949579 3.3 -0.8999999999999999
      vertex 6.615 3.296035956983753 0.99
    endloop
  endfacet
  facet normal 0 -1 0
    outer loop
      vertex 5.515771732045114 3.3 0.99
      vertex 5.515771732045114 3.3 -0.8999999999999999
      vertex 6.583344889949579 3.3 0.99
    endloop
  endfacet
  facet normal 0.11890360862378259 -0.9929058021062432 0
    outer loop
      vertex 5.5125 3.2996081997448408 0.99
      vertex 5.5125 3.2996081997448408 -0.8999999999999999
      vertex 5.515771732045114 3.3 0.99
    endloop
  endfacet
  facet normal 0.15375981096585617 -0.9881082534478417 0
    outer loop
      vertex 5.355 3.275099579214023 0.99
      vertex 5.355 3.275099579214023 -0.8999999999999999
      vertex 5.5125 3.2996081997448408 0.99
    endloop
  endfacet
  facet normal 0.19752600436366807 -0.9802976474521012 0
    outer loop
      vertex 5.1975 3.243363967312743 0.99
      vertex 5.1975 3.243363967312743 -0.8999999999999999
      vertex 5.355 3.275099579214023 0.99
    endloop
  endfacet
  facet normal 0.24246775951486327 -0.9701594640036464 0
    outer loop
      vertex 5.04 3.20400067340022 0.99
      vertex 5.04 3.20400067340022 -0.8999999999999999
      vertex 5.1975 3.243363967312743 0.99
    endloop
  endfacet
  facet normal 0.7148052174244168 -0.6993236025924137 -1.676447996064555e-18
    outer loop
      vertex -8.462437124604365 2.31 -0.8999999999999999
      vertex -8.3475 2.427481600847447 -0.8999999999999999
      vertex -8.3475 2.427481600847447 0.99
    endloop
  endfacet
  facet normal 0.6807388399512168 -0.7325261986999998 -1.3058046843635223e-18
    outer loop
      vertex -8.3475 2.427481600847447 -0.8999999999999999
      vertex -8.296366628056623 2.475 -0.8999999999999999
      vertex -8.296366628056623 2.475 0.99
    endloop
  endfacet
  facet normal 0.67059013801643 -0.7418280574331935 -3.0362010700535535e-18
    outer loop
      vertex -8.296366628056623 2.475 -0.8999999999999999
      vertex -8.19 2.5711522162367886 -0.8999999999999999
      vertex -8.19 2.5711522162367886 0.99
    endloop
  endfacet
  facet normal 0.6217762295901204 -0.7831949440060846 1.947476378810514e-18
    outer loop
      vertex -8.19 2.5711522162367886 -0.8999999999999999
      vertex -8.103278710919977 2.64 -0.8999999999999999
      vertex -8.103278710919977 2.64 0.99
    endloop
  endfacet
  facet normal 0.6242011977370341 -0.7812636333169822 -1.3732083139773974e-18
    outer loop
      vertex -8.103278710919977 2.64 -0.8999999999999999
      vertex -8.0325 2.696549613019818 -0.8999999999999999
      vertex -8.0325 2.696549613019818 0.99
    endloop
  endfacet
  facet normal 0.5629040583039806 -0.8265222447973852 -1.0481739444570171e-18
    outer loop
      vertex -8.0325 2.696549613019818 -0.8999999999999999
      vertex -7.875 2.8038151944859417 -0.8999999999999999
      vertex -7.875 2.8038151944859417 0.99
    endloop
  endfacet
  facet normal 0.5188341721122536 -0.8548749042103134 -4.060329915015265e-20
    outer loop
      vertex -7.875 2.8038151944859417 -0.8999999999999999
      vertex -7.873047814591288 2.805 -0.8999999999999999
      vertex -7.873047814591288 2.805 0.99
    endloop
  endfacet
  facet normal 0.5422060983076872 -0.8402455277821803 1.324996881173827e-18
    outer loop
      vertex -7.873047814591288 2.805 -0.8999999999999999
      vertex -7.7175 2.9053742011843156 -0.8999999999999999
      vertex -7.7175 2.9053742011843156 0.99
    endloop
  endfacet
  facet normal 0.4590413132310934 -0.8884149215018132 2.261793720069939e-18
    outer loop
      vertex -7.7175 2.9053742011843156 -0.8999999999999999
      vertex -7.592425148724197 2.97 -0.8999999999999999
      vertex -7.592425148724197 2.97 0.99
    endloop
  endfacet
  facet normal 0.4905856658954349 -0.871392967849714 -5.470840630308305e-19
    outer loop
      vertex -7.592425148724197 2.97 -0.8999999999999999
      vertex -7.5600000000000005 2.98825503964976 -0.8999999999999999
      vertex -7.5600000000000005 2.98825503964976 0.99
    endloop
  endfacet
  facet normal 0.23042221812411648 0.9730907467419275 5.339814845103589e-19
    outer loop
      vertex -2.8350000000000004 -2.702044146248437 -0.8999999999999999
      vertex -2.9924999999999997 -2.6647490640826077 -0.8999999999999999
      vertex -2.9924999999999997 -2.6647490640826077 0.99
    endloop
  endfacet
  facet normal 0.9997012972013583 -0.024440056749559097 0
    outer loop
      vertex -9.369077884522179 0 0.99
      vertex -9.369077884522179 0 -0.8999999999999999
      vertex -9.365044070246888 0.165 0.99
    endloop
  endfacet
  facet normal 0.9972394672794718 -0.07425257504056722 0
    outer loop
      vertex -9.365044070246888 0.165 0.99
      vertex -9.365044070246888 0.165 -0.8999999999999999
      vertex -9.352758480592964 0.33 0.99
    endloop
  endfacet
  facet normal 0.991932384799118 -0.12676807163767365 0
    outer loop
      vertex -9.352758480592964 0.33 0.99
      vertex -9.352758480592964 0.33 -0.8999999999999999
      vertex -9.331671628161534 0.495 0.99
    endloop
  endfacet
  facet normal 0.9830266631616331 -0.1834627469360065 0
    outer loop
      vertex -9.331671628161534 0.495 0.99
      vertex -9.331671628161534 0.495 -0.8999999999999999
      vertex -9.300877597461408 0.66 0.99
    endloop
  endfacet
  facet normal 0.9723361448928264 -0.2335860041504126 0
    outer loop
      vertex -9.300877597461408 0.66 0.99
      vertex -9.300877597461408 0.66 -0.8999999999999999
      vertex -9.2925 0.694872983288176 0.99
    endloop
  endfacet
  facet normal 0.9803921828996996 -0.19705625518912578 0
    outer loop
      vertex -9.2925 0.694872983288176 0.99
      vertex -9.2925 0.694872983288176 -0.8999999999999999
      vertex -9.266344811230214 0.825 0.99
    endloop
  endfacet
  facet normal 0.287037468697843 -0.9579193554592864 0
    outer loop
      vertex 4.8825 3.1568063025356348 0.99
      vertex 4.8825 3.1568063025356348 -0.8999999999999999
      vertex 5.04 3.20400067340022 0.99
    endloop
  endfacet
  facet normal 0.3134237559483236 -0.9496133682753448 0
    outer loop
      vertex 4.816431120384157 3.1350000000000002 0.99
      vertex 4.816431120384157 3.1350000000000002 -0.8999999999999999
      vertex 4.8825 3.1568063025356348 0.99
    endloop
  endfacet
  facet normal 0.2947957145975258 -0.9555602998528842 0
    outer loop
      vertex 4.725 3.106792986298981 0.99
      vertex 4.725 3.106792986298981 -0.8999999999999999
      vertex 4.816431120384157 3.1350000000000002 0.99
    endloop
  endfacet
  facet normal 0.3251919484181428 -0.9456480300217476 0
    outer loop
      vertex 4.5675 3.052631469275909 0.99
      vertex 4.5675 3.052631469275909 -0.8999999999999999
      vertex 4.725 3.106792986298981 0.99
    endloop
  endfacet
  facet normal 0.36095797060124685 -0.9325820840330514 0
    outer loop
      vertex 4.4315197216831335 3 0.8999999999999999
      vertex 4.4315197216831335 3 -0.8999999999999999
      vertex 4.5675 3.052631469275909 0.99
    endloop
  endfacet
  facet normal 0 0 -1
    outer loop
      vertex 1.7936340459088942 3.1350000000000002 0.99
      vertex -1.7936340459088937 3.1350000000000002 0.99
      vertex 1.7325000000000002 3.1610311488052854 0.99
    endloop
  endfacet
  facet normal 0 0 -1
    outer loop
      vertex 1.575 3.2245377604225376 0.99
      vertex 1.7325000000000002 3.1610311488052854 0.99
      vertex -1.7936340459088937 3.1350000000000002 0.99
    endloop
  endfacet
  facet normal 0.9669603754132886 -0.2549267196285869 0
    outer loop
      vertex -9.266344811230214 0.825 0.99
      vertex -9.266344811230214 0.825 -0.8999999999999999
      vertex -9.222844674297779 0.99 0.99
    endloop
  endfacet
  facet normal 0.9461887327188495 -0.323615330409265 0
    outer loop
      vertex -9.222844674297779 0.99 0.99
      vertex -9.222844674297779 0.99 -0.8999999999999999
      vertex -9.166411398703707 1.155 0.99
    endloop
  endfacet
  facet normal 0.9254495259714459 -0.3788709211317568 0
    outer loop
      vertex -9.166411398703707 1.155 0.99
      vertex -9.166411398703707 1.155 -0.8999999999999999
      vertex -9.135 1.2317270920492107 0.99
    endloop
  endfacet
  facet normal 0.939146353677015 -0.34351728686511124 0
    outer loop
      vertex -9.135 1.2317270920492107 0.99
      vertex -9.135 1.2317270920492107 -0.8999999999999999
      vertex -9.10271188034301 1.32 0.99
    endloop
  endfacet
  facet normal 0.9127740934707792 -0.40846475281056666 0
    outer loop
      vertex -9.10271188034301 1.32 0.99
      vertex -9.10271188034301 1.32 -0.8999999999999999
      vertex -9.028874679335836 1.485 0.99
    endloop
  endfacet
  facet normal 0 0 -1
    outer loop
      vertex -9.331671628161534 0.495 0.99
      vertex -9.300877597461408 0.66 0.99
      vertex -9.2925 0.694872983288176 0.99
    endloop
  endfacet
  facet normal 0 0 -1
    outer loop
      vertex 1.8900000000000001 3.095419567426354 0.99
      vertex 2.0475 3.0261156634559776 0.99
      vertex -2.1690309482965686 2.97 0.99
    endloop
  endfacet
  facet normal 0 0 -1
    outer loop
      vertex -2.1690309482965686 2.97 0.99
      vertex 1.7936340459088942 3.1350000000000002 0.99
      vertex 1.8900000000000001 3.095419567426354 0.99
    endloop
  endfacet
  facet normal 0 0 -1
    outer loop
      vertex -9.222844674297779 0.99 0.99
      vertex -9.166411398703707 1.155 0.99
      vertex -9.135 1.2317270920492107 0.99
    endloop
  endfacet
  facet normal 0 0 -1
    outer loop
      vertex -9.10271188034301 1.32 0.99
      vertex -9.028874679335836 1.485 0.99
      vertex -8.9775 1.580960655258357 0.99
    endloop
  endfacet
  facet normal 0 0 -1
    outer loop
      vertex 1.4175000000000002 3.2798754537895842 0.99
      vertex 1.575 3.2245377604225376 0.99
      vertex -1.7936340459088937 3.1350000000000002 0.99
    endloop
  endfacet
  facet normal 0 0 -1
    outer loop
      vertex -1.7936340459088937 3.1350000000000002 0.99
      vertex 1.353553262104925 3.3 0.99
      vertex 1.4175000000000002 3.2798754537895842 0.99
    endloop
  endfacet
  facet normal -0.402757622063131 -0.9153066687564623 0
    outer loop
      vertex 1.8900000000000001 3.095419567426354 0.99
      vertex 1.8900000000000001 3.095419567426354 -0.8999999999999999
      vertex 2.0475 3.0261156634559776 0.99
    endloop
  endfacet
  facet normal -0.41920878880622603 -0.9078898564185068 0
    outer loop
      vertex 2.0475 3.0261156634559776 0.99
      vertex 2.0475 3.0261156634559776 -0.8999999999999999
      vertex 2.104059276853046 3 0.8999999999999999
    endloop
  endfacet
  facet normal -0.3739609765367986 -0.9274444393211078 0
    outer loop
      vertex 1.575 3.2245377604225376 0.99
      vertex 1.575 3.2245377604225376 -0.8999999999999999
      vertex 1.7325000000000002 3.1610311488052854 0.99
    endloop
  endfacet
  facet normal -0.3314852246940231 -0.9434604103032375 0
    outer loop
      vertex 1.4175000000000002 3.2798754537895842 0.99
      vertex 1.4175000000000002 3.2798754537895842 -0.8999999999999999
      vertex 1.575 3.2245377604225376 0.99
    endloop
  endfacet
  facet normal -0.3799316552344901 -0.9250145606155509 0
    outer loop
      vertex 1.7936340459088942 3.1350000000000002 0.99
      vertex 1.7936340459088942 3.1350000000000002 -0.8999999999999999
      vertex 1.8900000000000001 3.095419567426354 0.99
    endloop
  endfacet
  facet normal -0.3917674598057945 -0.9200642681015905 0
    outer loop
      vertex 1.7325000000000002 3.1610311488052854 0.99
      vertex 1.7325000000000002 3.1610311488052854 -0.8999999999999999
      vertex 1.7936340459088942 3.1350000000000002 0.99
    endloop
  endfacet
  facet normal -0.3001931216112963 -0.9538784459967976 0
    outer loop
      vertex 1.353553262104925 3.3 0.99
      vertex 1.353553262104925 3.3 -0.8999999999999999
      vertex 1.4175000000000002 3.2798754537895842 0.99
    endloop
  endfacet
  facet normal 0.8816054279051988 -0.47198714970652667 0
    outer loop
      vertex -9.028874679335836 1.485 0.99
      vertex -9.028874679335836 1.485 -0.8999999999999999
      vertex -8.9775 1.580960655258357 0.99
    endloop
  endfacet
  facet normal 0.8933611371922715 -0.4493393801510517 0
    outer loop
      vertex -8.9775 1.580960655258357 0.99
      vertex -8.9775 1.580960655258357 -0.8999999999999999
      vertex -8.942774853493466 1.65 0.99
    endloop
  endfacet
  facet normal 0.8581807316001431 -0.513347671573801 0
    outer loop
      vertex -8.942774853493466 1.65 0.99
      vertex -8.942774853493466 1.65 -0.8999999999999999
      vertex -8.844074937857114 1.8150000000000002 0.99
    endloop
  endfacet
  facet normal 0.8313931428335425 -0.5556846606209 0
    outer loop
      vertex -8.844074937857114 1.8150000000000002 0.99
      vertex -8.844074937857114 1.8150000000000002 -0.8999999999999999
      vertex -8.82 1.8510199582010831 0.99
    endloop
  endfacet
  facet normal 0.8336414297587943 -0.5523060443175623 0
    outer loop
      vertex -8.82 1.8510199582010831 0.99
      vertex -8.82 1.8510199582010831 -0.8999999999999999
      vertex -8.734547844985961 1.98 0.99
    endloop
  endfacet
  facet normal 0.7954540316711575 -0.6060139301188555 0
    outer loop
      vertex -8.734547844985961 1.98 0.99
      vertex -8.734547844985961 1.98 -0.8999999999999999
      vertex -8.6625 2.074570018804785 0.99
    endloop
  endfacet
  facet normal 0.7883136763652987 -0.6152735551406602 0
    outer loop
      vertex -8.6625 2.074570018804785 0.99
      vertex -8.6625 2.074570018804785 -0.8999999999999999
      vertex -8.60752987044666 2.145 0.99
    endloop
  endfacet
  facet normal 0.7565105835055262 -0.6539814500764746 0
    outer loop
      vertex -8.60752987044666 2.145 0.99
      vertex -8.60752987044666 2.145 -0.8999999999999999
      vertex -8.505 2.26360417770149 0.99
    endloop
  endfacet
  facet normal -0.2878078279236319 -0.9576881821270852 -8.940885525515353e-19
    outer loop
      vertex 6.930000000000001 3.2323971641253753 -0.8999999999999999
      vertex 7.0874999999999995 3.185064709006955 -0.8999999999999999
      vertex 7.0874999999999995 3.185064709006955 0.99
    endloop
  endfacet
  facet normal -0.3611108125189227 -0.9325229118267945 -8.920531497742354e-20
    outer loop
      vertex 7.245 3.126897756383538 -0.8999999999999999
      vertex 7.4025 3.0659073482655077 -0.8999999999999999
      vertex 7.4025 3.0659073482655077 0.99
    endloop
  endfacet
  facet normal -0.3534196370935313 -0.935464889836426 -1.0581904459046776e-18
    outer loop
      vertex 7.0874999999999995 3.185064709006955 -0.8999999999999999
      vertex 7.2200160590425515 3.1350000000000002 -0.8999999999999999
      vertex 7.2200160590425515 3.1350000000000002 0.99
    endloop
  endfacet
  facet normal -0.308482093463812 -0.9512301498649967 -2.1508002505786784e-20
    outer loop
      vertex 7.2200160590425515 3.1350000000000002 -0.8999999999999999
      vertex 7.245 3.126897756383538 -0.8999999999999999
      vertex 7.245 3.126897756383538 0.99
    endloop
  endfacet
  facet normal -0.2253392945849999 -0.9742803509852463 6.31570683064873e-19
    outer loop
      vertex 6.7725 3.268825014549791 -0.8999999999999999
      vertex 6.930000000000001 3.2323971641253753 -0.8999999999999999
      vertex 6.930000000000001 3.2323971641253753 0.99
    endloop
  endfacet
  facet normal -0.12425553642661678 -0.992250251533016 9.773046415733538e-21
    outer loop
      vertex 6.583344889949579 3.3 -0.8999999999999999
      vertex 6.615 3.296035956983753 -0.8999999999999999
      vertex 6.615 3.296035956983753 0.99
    endloop
  endfacet
  facet normal 0.7368900685710655 -0.6760125937002432 0
    outer loop
      vertex -8.505 2.26360417770149 0.99
      vertex -8.505 2.26360417770149 -0.8999999999999999
      vertex -8.462437124604365 2.31 0.99
    endloop
  endfacet
  facet normal 0.7148052174244168 -0.6993236025924137 0
    outer loop
      vertex -8.462437124604365 2.31 0.99
      vertex -8.462437124604365 2.31 -0.8999999999999999
      vertex -8.3475 2.427481600847447 0.99
    endloop
  endfacet
  facet normal 0.6807388399512168 -0.7325261986999998 0
    outer loop
      vertex -8.3475 2.427481600847447 0.99
      vertex -8.3475 2.427481600847447 -0.8999999999999999
      vertex -8.296366628056623 2.475 0.99
    endloop
  endfacet
  facet normal 0.67059013801643 -0.7418280574331935 0
    outer loop
      vertex -8.296366628056623 2.475 0.99
      vertex -8.296366628056623 2.475 -0.8999999999999999
      vertex -8.19 2.5711522162367886 0.99
    endloop
  endfacet
  facet normal 0.6217762295901204 -0.7831949440060846 0
    outer loop
      vertex -8.19 2.5711522162367886 0.99
      vertex -8.19 2.5711522162367886 -0.8999999999999999
      vertex -8.103278710919977 2.64 0.99
    endloop
  endfacet
  facet normal 0.6242011977370341 -0.7812636333169822 0
    outer loop
      vertex -8.103278710919977 2.64 0.99
      vertex -8.103278710919977 2.64 -0.8999999999999999
      vertex -8.0325 2.696549613019818 0.99
    endloop
  endfacet
  facet normal 0.5629040583039806 -0.8265222447973852 0
    outer loop
      vertex -8.0325 2.696549613019818 0.99
      vertex -8.0325 2.696549613019818 -0.8999999999999999
      vertex -7.875 2.8038151944859417 0.99
    endloop
  endfacet
  facet normal 0.5188341721122536 -0.8548749042103134 0
    outer loop
      vertex -7.875 2.8038151944859417 0.99
      vertex -7.875 2.8038151944859417 -0.8999999999999999
      vertex -7.873047814591288 2.805 0.99
    endloop
  endfacet
  facet normal 0.5422060983076872 -0.8402455277821803 0
    outer loop
      vertex -7.873047814591288 2.805 0.99
      vertex -7.873047814591288 2.805 -0.8999999999999999
      vertex -7.7175 2.9053742011843156 0.99
    endloop
  endfacet
  facet normal 0.4590413132310934 -0.8884149215018132 0
    outer loop
      vertex -7.7175 2.9053742011843156 0.99
      vertex -7.7175 2.9053742011843156 -0.8999999999999999
      vertex -7.592425148724197 2.97 0.99
    endloop
  endfacet
  facet normal 0.4905856658954349 -0.871392967849714 0
    outer loop
      vertex -7.592425148724197 2.97 0.99
      vertex -7.592425148724197 2.97 -0.8999999999999999
      vertex -7.5600000000000005 2.98825503964976 0.99
    endloop
  endfacet
  facet normal 0 0 -1
    outer loop
      vertex -8.942774853493466 1.65 0.99
      vertex -8.844074937857114 1.8150000000000002 0.99
      vertex -8.82 1.8510199582010831 0.99
    endloop
  endfacet
  facet normal 0 0 -1
    outer loop
      vertex -8.734547844985961 1.98 0.99
      vertex -8.6625 2.074570018804785 0.99
      vertex -8.60752987044666 2.145 0.99
    endloop
  endfacet
  facet normal 0 0 -1
    outer loop
      vertex -8.60752987044666 2.145 0.99
      vertex -8.505 2.26360417770149 0.99
      vertex -8.462437124604365 2.31 0.99
    endloop
  endfacet
  facet normal -0.1702457596898938 -0.9854016345164093 0
    outer loop
      vertex 6.7725 3.268825014549791 -0.8999999999999999
      vertex 6.7725 3.268825014549791 0.99
      vertex 6.615 3.296035956983753 -0.8999999999999999
    endloop
  endfacet
  facet normal -0.44220579608221183 -0.8969136156349158 0
    outer loop
      vertex 7.536178026279728 3 -0.8999999999999999
      vertex 7.536178026279728 3 0.8999999999999999
      vertex 7.4025 3.0659073482655077 -0.8999999999999999
    endloop
  endfacet
  facet normal 0 -1 0
    outer loop
      vertex 5.515771732045114 3.3 -0.8999999999999999
      vertex 6.583344889949579 3.3 -0.8999999999999999
      vertex 6.583344889949579 3.3 0.99
    endloop
  endfacet
  facet normal 0.11890360862378259 -0.9929058021062432 -1.1737103313183288e-20
    outer loop
      vertex 5.5125 3.2996081997448408 -0.8999999999999999
      vertex 5.515771732045114 3.3 -0.8999999999999999
      vertex 5.515771732045114 3.3 0.99
    endloop
  endfacet
  facet normal 0.15375981096585617 -0.9881082534478417 -3.083892637463367e-19
    outer loop
      vertex 5.355 3.275099579214023 -0.8999999999999999
      vertex 5.5125 3.2996081997448408 -0.8999999999999999
      vertex 5.5125 3.2996081997448408 0.99
    endloop
  endfacet
  facet normal 0.19752600436366807 -0.9802976474521012 -5.621518243716284e-21
    outer loop
      vertex 5.1975 3.243363967312743 -0.8999999999999999
      vertex 5.355 3.275099579214023 -0.8999999999999999
      vertex 5.355 3.275099579214023 0.99
    endloop
  endfacet
  facet normal 0 0 -1
    outer loop
      vertex -8.462437124604365 2.31 0.99
      vertex -8.3475 2.427481600847447 0.99
      vertex -8.296366628056623 2.475 0.99
    endloop
  endfacet
  facet normal 0 0 -1
    outer loop
      vertex -8.296366628056623 2.475 0.99
      vertex -8.19 2.5711522162367886 0.99
      vertex -8.103278710919977 2.64 0.99
    endloop
  endfacet
  facet normal 0.24246775951486327 -0.9701594640036464 -1.2614587478167879e-18
    outer loop
      vertex 5.04 3.20400067340022 -0.8999999999999999
      vertex 5.1975 3.243363967312743 -0.8999999999999999
      vertex 5.1975 3.243363967312743 0.99
    endloop
  endfacet
  facet normal 0 0 -1
    outer loop
      vertex -8.103278710919977 2.64 0.99
      vertex -8.0325 2.696549613019818 0.99
      vertex -7.875 2.8038151944859417 0.99
    endloop
  endfacet
  facet normal 0 0 -1
    outer loop
      vertex -7.875 2.8038151944859417 0.99
      vertex -7.873047814591288 2.805 0.99
      vertex -8.103278710919977 2.64 0.99
    endloop
  endfacet
  facet normal 0 0 -1
    outer loop
      vertex -7.873047814591288 2.805 0.99
      vertex -7.7175 2.9053742011843156 0.99
      vertex -7.592425148724197 2.97 0.99
    endloop
  endfacet
  facet normal 0.287037468697843 -0.9579193554592864 -8.1382252216251225e-19
    outer loop
      vertex 4.8825 3.1568063025356348 -0.8999999999999999
      vertex 5.04 3.20400067340022 -0.8999999999999999
      vertex 5.04 3.20400067340022 0.99
    endloop
  endfacet
  facet normal 0.3134237559483236 -0.9496133682753448 -4.652421190967529e-19
    outer loop
      vertex 4.816431120384157 3.1350000000000002 -0.8999999999999999
      vertex 4.8825 3.1568063025356348 -0.8999999999999999
      vertex 4.8825 3.1568063025356348 0.99
    endloop
  endfacet
  facet normal 0.2947957145975258 -0.9555602998528842 -1.028447243406926e-18
    outer loop
      vertex 4.725 3.106792986298981 -0.8999999999999999
      vertex 4.816431120384157 3.1350000000000002 -0.8999999999999999
      vertex 4.816431120384157 3.1350000000000002 0.99
    endloop
  endfacet
  facet normal 0.1218769334721355 0.9925452196688213 0
    outer loop
      vertex -3.018785860985028 -2.6615213621431444 -0.8999999999999999
      vertex -3.018785860985028 -2.6615213621431444 0.8999999999999999
      vertex -2.9924999999999997 -2.6647490640826077 -0.8999999999999999
    endloop
  endfacet
  facet normal 0.3251919484181428 -0.9456480300217476 -1.5683565578360995e-18
    outer loop
      vertex 4.5675 3.052631469275909 -0.8999999999999999
      vertex 4.725 3.106792986298981 -0.8999999999999999
      vertex 4.725 3.106792986298981 0.99
    endloop
  endfacet
  facet normal 0.36095797060124685 -0.9325820840330513 -6.709205684972058e-19
    outer loop
      vertex 4.4315197216831335 3 -0.8999999999999999
      vertex 4.5675 3.052631469275909 -0.8999999999999999
      vertex 4.5675 3.052631469275909 0.99
    endloop
  endfacet
  facet normal 0.7954540316711575 0.6060139301188555 0
    outer loop
      vertex -8.6625 -2.074570018804785 0.99
      vertex -8.6625 -2.074570018804785 -0.8999999999999999
      vertex -8.734547844985961 -1.98 0.99
    endloop
  endfacet
  facet normal -0.402757622063131 -0.9153066687564623 -1.8380618565902103e-18
    outer loop
      vertex 1.8900000000000001 3.095419567426354 -0.8999999999999999
      vertex 2.0475 3.0261156634559776 -0.8999999999999999
      vertex 2.0475 3.0261156634559776 0.99
    endloop
  endfacet
  facet normal -0.41920878880622603 -0.9078898564185068 0
    outer loop
      vertex 2.104059276853046 3 -0.8999999999999999
      vertex 2.104059276853046 3 0.8999999999999999
      vertex 2.0475 3.0261156634559776 -0.8999999999999999
    endloop
  endfacet
  facet normal -0.3314852246940231 -0.9434604103032375 5.12486112785559e-19
    outer loop
      vertex 1.4175000000000002 3.2798754537895842 -0.8999999999999999
      vertex 1.575 3.2245377604225376 -0.8999999999999999
      vertex 1.575 3.2245377604225376 0.99
    endloop
  endfacet
  facet normal -0.3917674598057945 -0.9200642681015905 -7.722374972592669e-19
    outer loop
      vertex 1.7325000000000002 3.1610311488052854 -0.8999999999999999
      vertex 1.7936340459088942 3.1350000000000002 -0.8999999999999999
      vertex 1.7936340459088942 3.1350000000000002 0.99
    endloop
  endfacet
  facet normal -0.3799316552344901 -0.9250145606155509 7.321942143078701e-19
    outer loop
      vertex 1.7936340459088942 3.1350000000000002 -0.8999999999999999
      vertex 1.8900000000000001 3.095419567426354 -0.8999999999999999
      vertex 1.8900000000000001 3.095419567426354 0.99
    endloop
  endfacet
  facet normal -0.3739609765367986 -0.9274444393211078 -1.909956946901945e-18
    outer loop
      vertex 1.575 3.2245377604225376 -0.8999999999999999
      vertex 1.7325000000000002 3.1610311488052854 -0.8999999999999999
      vertex 1.7325000000000002 3.1610311488052854 0.99
    endloop
  endfacet
  facet normal -0.3001931216112963 -0.9538784459967976 -7.133205035514968e-20
    outer loop
      vertex 1.353553262104925 3.3 -0.8999999999999999
      vertex 1.4175000000000002 3.2798754537895842 -0.8999999999999999
      vertex 1.4175000000000002 3.2798754537895842 0.99
    endloop
  endfacet
  facet normal 0 -1 0
    outer loop
      vertex 1.353553262104925 3.3 0.99
      vertex -1.353553262104925 3.3 -0.8999999999999999
      vertex 1.353553262104925 3.3 -0.8999999999999999
    endloop
  endfacet
  facet normal 0.8336414297587943 0.5523060443175623 0
    outer loop
      vertex -8.734547844985961 -1.98 0.99
      vertex -8.734547844985961 -1.98 -0.8999999999999999
      vertex -8.82 -1.8510199582010831 0.99
    endloop
  endfacet
  facet normal 0.8933611371922715 0.4493393801510517 0
    outer loop
      vertex -8.942774853493466 -1.65 0.99
      vertex -8.942774853493466 -1.65 -0.8999999999999999
      vertex -8.9775 -1.580960655258357 0.99
    endloop
  endfacet
  facet normal 0.8816054279051988 0.47198714970652667 0
    outer loop
      vertex -8.9775 -1.580960655258357 0.99
      vertex -8.9775 -1.580960655258357 -0.8999999999999999
      vertex -9.028874679335836 -1.485 0.99
    endloop
  endfacet
  facet normal 0.8313931428335425 0.5556846606209 0
    outer loop
      vertex -8.82 -1.8510199582010831 0.99
      vertex -8.82 -1.8510199582010831 -0.8999999999999999
      vertex -8.844074937857114 -1.8150000000000002 0.99
    endloop
  endfacet
  facet normal 0.8581807316001431 0.513347671573801 0
    outer loop
      vertex -8.844074937857114 -1.8150000000000002 0.99
      vertex -8.844074937857114 -1.8150000000000002 -0.8999999999999999
      vertex -8.942774853493466 -1.65 0.99
    endloop
  endfacet
  facet normal 0 0 -1
    outer loop
      vertex 8.0325 2.696549613019818 0.99
      vertex 3.9375 2.8051659371824265 0.99
      vertex 7.873047814591288 2.805 0.99
    endloop
  endfacet
  facet normal 0 0 -1
    outer loop
      vertex 7.5600000000000005 2.98825503964976 0.99
      vertex 7.592425148724197 2.97 0.99
      vertex 4.354829324922547 2.97 0.99
    endloop
  endfacet
  facet normal 0 0 -1
    outer loop
      vertex 7.7175 2.9053742011843156 0.99
      vertex 7.873047814591288 2.805 0.99
      vertex 3.9375 2.8051659371824265 0.99
    endloop
  endfacet
  facet normal 0 0 -1
    outer loop
      vertex 7.592425148724197 2.97 0.99
      vertex 7.7175 2.9053742011843156 0.99
      vertex 3.9375 2.8051659371824265 0.99
    endloop
  endfacet
  facet normal 0 0 -1
    outer loop
      vertex 1.5 1.65 0.99
      vertex 8.844074937857114 1.8150000000000002 0.99
      vertex 8.942774853493466 1.65 0.99
    endloop
  endfacet
  facet normal 0 0 -1
    outer loop
      vertex 3.9375 2.8051659371824265 0.99
      vertex 4.354829324922547 2.97 0.99
      vertex 7.592425148724197 2.97 0.99
    endloop
  endfacet
  facet normal 0 0 -1
    outer loop
      vertex 8.0325 2.696549613019818 0.99
      vertex 3.9370235096496855 2.805 0.99
      vertex 3.9375 2.8051659371824265 0.99
    endloop
  endfacet
  facet normal 0 0 -1
    outer loop
      vertex 8.0325 2.696549613019818 0.99
      vertex 3.7800000000000002 2.750244248213755 0.99
      vertex 3.9370235096496855 2.805 0.99
    endloop
  endfacet
  facet normal 0 0 -1
    outer loop
      vertex 8.0325 2.696549613019818 0.99
      vertex 3.6225 2.7020346693370016 0.99
      vertex 3.7800000000000002 2.750244248213755 0.99
    endloop
  endfacet
  facet normal 0 0 -1
    outer loop
      vertex 8.0325 2.696549613019818 0.99
      vertex 3.4650000000000003 2.6657620636587454 0.99
      vertex 3.6225 2.7020346693370016 0.99
    endloop
  endfacet
  facet normal 0 0 -1
    outer loop
      vertex 8.0325 2.696549613019818 0.99
      vertex 3.3075 2.64593306184701 0.99
      vertex 3.4650000000000003 2.6657620636587454 0.99
    endloop
  endfacet
  facet normal 0.36560195064159035 -0.9307713004208199 0
    outer loop
      vertex 4.41 2.9916707438415977 0.99
      vertex 4.354829324922547 2.97 0.99
      vertex 4.41 2.9916707438415977 0.8999999999999999
    endloop
  endfacet
  facet normal -0.37192850075338735 0.928261380392041 -1.5033588507036828e-18
    outer loop
      vertex -3.9480452418634897 -2.809391122113327 -0.8999999999999999
      vertex -4.095 -2.868271803812274 -0.8999999999999999
      vertex -4.095 -2.868271803812274 0.99
    endloop
  endfacet
  facet normal 0.44220579608221144 -0.8969136156349158 0
    outer loop
      vertex -7.5600000000000005 2.98825503964976 0.99
      vertex -7.5600000000000005 2.98825503964976 -0.8999999999999999
      vertex -7.4025 3.0659073482655077 -0.8999999999999999
    endloop
  endfacet
  facet normal 0 0 -1
    outer loop
      vertex -7.592425148724197 2.97 0.99
      vertex -7.5600000000000005 2.98825503964976 0.99
      vertex -7.4025 3.0659073482655077 0.99
    endloop
  endfacet
  facet normal 0.3590106187864968 -0.9333334750230148 0
    outer loop
      vertex 4.354829324922547 2.97 0.8999999999999999
      vertex 4.354829324922547 2.97 0.99
      vertex 4.2525 2.930638597839275 0.99
    endloop
  endfacet
  facet normal 0.3609579706012668 -0.9325820840330439 0
    outer loop
      vertex 4.41 2.9916707438415977 0.99
      vertex 4.41 2.9916707438415977 0.8999999999999999
      vertex 4.4315197216831335 3 0.8999999999999999
    endloop
  endfacet
  facet normal 0.36560195064159035 -0.9307713004208199 0
    outer loop
      vertex 4.354829324922547 2.97 0.99
      vertex 4.354829324922547 2.97 0.8999999999999999
      vertex 4.41 2.9916707438415977 0.8999999999999999
    endloop
  endfacet
  facet normal 0.3590106187864968 -0.9333334750230148 0
    outer loop
      vertex 4.2525 2.930638597839275 0.99
      vertex 4.2525 2.930638597839275 0.8999999999999999
      vertex 4.354829324922547 2.97 0.8999999999999999
    endloop
  endfacet
  facet normal 0 0 -1
    outer loop
      vertex 4.2525 2.930638597839275 0.99
      vertex 4.354829324922547 2.97 0.99
      vertex 3.9375 2.8051659371824265 0.99
    endloop
  endfacet
  facet normal 0 0 -1
    outer loop
      vertex 3.9375 2.8051659371824265 0.99
      vertex 4.095 2.868271803812274 0.99
      vertex 4.2525 2.930638597839275 0.99
    endloop
  endfacet
  facet normal 0.3681660552770666 -0.9297600527779863 0
    outer loop
      vertex 4.2525 2.930638597839275 0.8999999999999999
      vertex 4.2525 2.930638597839275 0.99
      vertex 4.095 2.868271803812274 0.99
    endloop
  endfacet
  facet normal 0.3719285007533873 -0.9282613803920411 0
    outer loop
      vertex 4.095 2.868271803812274 0.8999999999999999
      vertex 4.095 2.868271803812274 0.99
      vertex 3.9375 2.8051659371824265 0.99
    endloop
  endfacet
  facet normal 0.3681660552770666 -0.9297600527779863 0
    outer loop
      vertex 4.095 2.868271803812274 0.99
      vertex 4.095 2.868271803812274 0.8999999999999999
      vertex 4.2525 2.930638597839275 0.8999999999999999
    endloop
  endfacet
  facet normal 0.3719285007533873 -0.9282613803920411 0
    outer loop
      vertex 3.9375 2.8051659371824265 0.99
      vertex 3.9375 2.8051659371824265 0.8999999999999999
      vertex 4.095 2.868271803812274 0.8999999999999999
    endloop
  endfacet
  facet normal 0.32887669830015753 -0.9443728698534215 0
    outer loop
      vertex 3.9370235096496855 2.805 0.99
      vertex 3.9370235096496855 2.805 0.8999999999999999
      vertex 3.9375 2.8051659371824265 0.99
    endloop
  endfacet
  facet normal 0.3292655182316237 -0.9442373740239581 0
    outer loop
      vertex 3.9370235096496855 2.805 0.8999999999999999
      vertex 3.9370235096496855 2.805 0.99
      vertex 3.7800000000000002 2.750244248213755 0.99
    endloop
  endfacet
  facet normal 0.32887669830015753 -0.9443728698534215 8.722561191227834e-22
    outer loop
      vertex 3.9370235096496855 2.805 0.8999999999999999
      vertex 3.9375 2.8051659371824265 0.8999999999999999
      vertex 3.9375 2.8051659371824265 0.99
    endloop
  endfacet
  facet normal 0.3292655182316237 -0.9442373740239581 0
    outer loop
      vertex 3.7800000000000002 2.750244248213755 0.99
      vertex 3.7800000000000002 2.750244248213755 0.8999999999999999
      vertex 3.9370235096496855 2.805 0.8999999999999999
    endloop
  endfacet
  facet normal 0.2926881444497452 -0.9562079533755015 0
    outer loop
      vertex 3.7800000000000002 2.750244248213755 0.99
      vertex 3.6225 2.7020346693370016 0.99
      vertex 3.7800000000000002 2.750244248213755 0.8999999999999999
    endloop
  endfacet
  facet normal 0.22442743286421674 -0.9744908041525981 0
    outer loop
      vertex 3.6225 2.7020346693370016 0.99
      vertex 3.4650000000000003 2.6657620636587454 0.99
      vertex 3.6225 2.7020346693370016 0.8999999999999999
    endloop
  endfacet
  facet normal 0.2926881444497452 -0.9562079533755015 0
    outer loop
      vertex 3.6225 2.7020346693370016 0.99
      vertex 3.6225 2.7020346693370016 0.8999999999999999
      vertex 3.7800000000000002 2.750244248213755 0.8999999999999999
    endloop
  endfacet
  facet normal 0.22442743286421674 -0.9744908041525981 0
    outer loop
      vertex 3.4650000000000003 2.6657620636587454 0.99
      vertex 3.4650000000000003 2.6657620636587454 0.8999999999999999
      vertex 3.6225 2.7020346693370016 0.8999999999999999
    endloop
  endfacet
  facet normal 0.12491235996041263 -0.992167779324203 0
    outer loop
      vertex 3.3075 2.64593306184701 0.99
      vertex 3.3075 2.64593306184701 0.8999999999999999
      vertex 3.4650000000000003 2.6657620636587454 0.99
    endloop
  endfacet
  facet normal 0.12491235996041263 -0.992167779324203 1.0143325288885379e-17
    outer loop
      vertex 3.3075 2.64593306184701 0.8999999999999999
      vertex 3.4650000000000003 2.6657620636587454 0.8999999999999999
      vertex 3.4650000000000003 2.6657620636587454 0.99
    endloop
  endfacet
  facet normal 0.00332562401705787 -0.9999944700971587 0
    outer loop
      vertex 3.15 2.645409273167823 0.99
      vertex 3.15 2.645409273167823 0.8999999999999999
      vertex 3.3075 2.64593306184701 0.99
    endloop
  endfacet
  facet normal 0.00332562401705787 -0.9999944700971587 3.7472962842184976e-19
    outer loop
      vertex 3.15 2.645409273167823 0.8999999999999999
      vertex 3.3075 2.64593306184701 0.8999999999999999
      vertex 3.3075 2.64593306184701 0.99
    endloop
  endfacet
  facet normal -0.12187693347215278 -0.9925452196688193 -1.3171133866631049e-17
    outer loop
      vertex 2.9924999999999997 2.6647490640826077 0.8999999999999999
      vertex 3.15 2.645409273167823 0.8999999999999999
      vertex 3.15 2.645409273167823 0.99
    endloop
  endfacet
  facet normal -0.2304222181241165 -0.9730907467419275 0
    outer loop
      vertex 2.9924999999999997 2.6647490640826077 0.99
      vertex 2.8350000000000004 2.702044146248437 0.99
      vertex 2.9924999999999997 2.6647490640826077 0.8999999999999999
    endloop
  endfacet
  facet normal -0.12187693347215278 -0.9925452196688193 0
    outer loop
      vertex 2.9924999999999997 2.6647490640826077 0.99
      vertex 2.9924999999999997 2.6647490640826077 0.8999999999999999
      vertex 3.15 2.645409273167823 0.99
    endloop
  endfacet
  facet normal -0.2304222181241165 -0.9730907467419275 0
    outer loop
      vertex 2.8350000000000004 2.702044146248437 0.99
      vertex 2.8350000000000004 2.702044146248437 0.8999999999999999
      vertex 2.9924999999999997 2.6647490640826077 0.8999999999999999
    endloop
  endfacet
  facet normal -0.4042161976627608 -0.9146634711996866 0
    outer loop
      vertex 2.52 2.8140511416313903 0.8999999999999999
      vertex 2.52 2.8140511416313903 0.99
      vertex 2.3625 2.883654939242748 0.99
    endloop
  endfacet
  facet normal -0.4042161976627608 -0.9146634711996866 0
    outer loop
      vertex 2.3625 2.883654939242748 0.99
      vertex 2.3625 2.883654939242748 0.8999999999999999
      vertex 2.52 2.8140511416313903 0.8999999999999999
    endloop
  endfacet
  facet normal -0.30956834616029066 -0.9508771945186101 0
    outer loop
      vertex 2.8350000000000004 2.702044146248437 0.99
      vertex 2.6775 2.7533199732440874 0.99
      vertex 2.8350000000000004 2.702044146248437 0.8999999999999999
    endloop
  endfacet
  facet normal -0.359689046622875 -0.933072231791048 0
    outer loop
      vertex 2.6775 2.7533199732440874 0.8999999999999999
      vertex 2.6775 2.7533199732440874 0.99
      vertex 2.543436429377236 2.805 0.99
    endloop
  endfacet
  facet normal -0.30956834616029066 -0.9508771945186101 0
    outer loop
      vertex 2.6775 2.7533199732440874 0.99
      vertex 2.6775 2.7533199732440874 0.8999999999999999
      vertex 2.8350000000000004 2.702044146248437 0.8999999999999999
    endloop
  endfacet
  facet normal -0.359689046622875 -0.933072231791048 0
    outer loop
      vertex 2.543436429377236 2.805 0.99
      vertex 2.543436429377236 2.805 0.8999999999999999
      vertex 2.6775 2.7533199732440874 0.8999999999999999
    endloop
  endfacet
  facet normal -0.3602661984472358 -0.9328495410602811 0
    outer loop
      vertex 2.543436429377236 2.805 0.99
      vertex 2.52 2.8140511416313903 0.99
      vertex 2.543436429377236 2.805 0.8999999999999999
    endloop
  endfacet
  facet normal -0.3602661984472358 -0.9328495410602811 0
    outer loop
      vertex 2.52 2.8140511416313903 0.99
      vertex 2.52 2.8140511416313903 0.8999999999999999
      vertex 2.543436429377236 2.805 0.8999999999999999
    endloop
  endfacet
  facet normal -0.36816605527706653 0.9297600527779863 0
    outer loop
      vertex -4.2525 -2.930638597839275 -0.8999999999999999
      vertex -4.2525 -2.930638597839275 0.99
      vertex -4.095 -2.868271803812274 -0.8999999999999999
    endloop
  endfacet
  facet normal -0.3590106187864968 0.9333334750230148 0
    outer loop
      vertex -4.354829324922547 -2.97 -0.8999999999999999
      vertex -4.354829324922547 -2.97 0.99
      vertex -4.2525 -2.930638597839275 -0.8999999999999999
    endloop
  endfacet
  facet normal -0.3656019506415903 0.9307713004208199 0
    outer loop
      vertex -4.41 -2.9916707438415977 -0.8999999999999999
      vertex -4.41 -2.9916707438415977 0.99
      vertex -4.354829324922547 -2.97 -0.8999999999999999
    endloop
  endfacet
  facet normal -0.4057542001112706 -0.9139822367486488 0
    outer loop
      vertex 2.3625 2.883654939242748 0.99
      vertex 2.205 2.953575648801461 0.99
      vertex 2.3625 2.883654939242748 0.8999999999999999
    endloop
  endfacet
  facet normal -0.41536972293327395 -0.9096526772732191 0
    outer loop
      vertex 2.1690309482965686 2.97 0.99
      vertex 2.1690309482965686 2.97 0.8999999999999999
      vertex 2.205 2.953575648801461 0.99
    endloop
  endfacet
  facet normal -0.4192087888062255 -0.9078898564185072 0
    outer loop
      vertex 2.1690309482965686 2.97 0.8999999999999999
      vertex 2.1690309482965686 2.97 0.99
      vertex 2.0475 3.0261156634559776 0.99
    endloop
  endfacet
  facet normal -0.4057542001112706 -0.9139822367486488 0
    outer loop
      vertex 2.205 2.953575648801461 0.99
      vertex 2.205 2.953575648801461 0.8999999999999999
      vertex 2.3625 2.883654939242748 0.8999999999999999
    endloop
  endfacet
  facet normal -0.41536972293327395 -0.9096526772732191 -1.6218675743461433e-18
    outer loop
      vertex 2.1690309482965686 2.97 0.8999999999999999
      vertex 2.205 2.953575648801461 0.8999999999999999
      vertex 2.205 2.953575648801461 0.99
    endloop
  endfacet
  facet normal -0.41920878880622503 -0.9078898564185073 7.784624810898008e-16
    outer loop
      vertex 2.104059276853046 3 0.8999999999999999
      vertex 2.1690309482965686 2.97 0.8999999999999999
      vertex 2.0475 3.0261156634559776 0.99
    endloop
  endfacet
  facet normal 0 0 -1
    outer loop
      vertex 8.103278710919977 2.64 0.99
      vertex -8.296366628056623 2.475 0.99
      vertex 8.0325 2.696549613019818 0.99
    endloop
  endfacet
  facet normal 0 0 -1
    outer loop
      vertex 8.103278710919977 2.64 0.99
      vertex 8.19 2.5711522162367886 0.99
      vertex -8.296366628056623 2.475 0.99
    endloop
  endfacet
  facet normal 0 0 -1
    outer loop
      vertex 8.296366628056623 2.475 0.99
      vertex -8.296366628056623 2.475 0.99
      vertex 8.19 2.5711522162367886 0.99
    endloop
  endfacet
  facet normal 0 0 -1
    outer loop
      vertex 8.296366628056623 2.475 0.99
      vertex 8.3475 2.427481600847447 0.99
      vertex -8.462437124604365 2.31 0.99
    endloop
  endfacet
  facet normal 0 0 -1
    outer loop
      vertex 8.462437124604365 2.31 0.99
      vertex -8.462437124604365 2.31 0.99
      vertex 8.3475 2.427481600847447 0.99
    endloop
  endfacet
  facet normal 0 0 -1
    outer loop
      vertex 8.60752987044666 2.145 0.99
      vertex -8.60752987044666 2.145 0.99
      vertex 8.505 2.26360417770149 0.99
    endloop
  endfacet
  facet normal 0 0 -1
    outer loop
      vertex 8.60752987044666 2.145 0.99
      vertex 8.6625 2.074570018804785 0.99
      vertex -8.734547844985961 1.98 0.99
    endloop
  endfacet
  facet normal 0 0 -1
    outer loop
      vertex 8.734547844985961 1.98 0.99
      vertex -8.734547844985961 1.98 0.99
      vertex 8.6625 2.074570018804785 0.99
    endloop
  endfacet
  facet normal 0 0 -1
    outer loop
      vertex 8.734547844985961 1.98 0.99
      vertex 8.82 1.8510199582010838 0.99
      vertex -8.82 1.8510199582010831 0.99
    endloop
  endfacet
  facet normal 0 0 -1
    outer loop
      vertex 8.844074937857114 1.8150000000000002 0.99
      vertex -8.82 1.8510199582010831 0.99
      vertex 8.82 1.8510199582010838 0.99
    endloop
  endfacet
  facet normal 0 0 -1
    outer loop
      vertex 8.462437124604365 2.31 0.99
      vertex 8.505 2.26360417770149 0.99
      vertex -8.60752987044666 2.145 0.99
    endloop
  endfacet
  facet normal -0.37192850075338735 -0.928261380392041 1.578526793238867e-18
    outer loop
      vertex -4.095 2.868271803812274 -0.8999999999999999
      vertex -3.9480452418634897 2.809391122113327 -0.8999999999999999
      vertex -3.9480452418634897 2.809391122113327 0.8999999999999999
    endloop
  endfacet
  facet normal 0 0 -1
    outer loop
      vertex 2.6775 2.7533199732440874 0.99
      vertex -2.205 2.9535756488014617 0.99
      vertex 2.543436429377236 2.805 0.99
    endloop
  endfacet
  facet normal -0.3656019506415903 -0.9307713004208199 -5.999621706175979e-19
    outer loop
      vertex -4.41 2.9916707438415977 -0.8999999999999999
      vertex -4.354829324922547 2.97 -0.8999999999999999
      vertex -4.354829324922547 2.97 0.99
    endloop
  endfacet
  facet normal -0.3590106187864968 -0.9333334750230148 -7.65348064329714e-19
    outer loop
      vertex -4.354829324922547 2.97 -0.8999999999999999
      vertex -4.2525 2.930638597839275 -0.8999999999999999
      vertex -4.2525 2.930638597839275 0.99
    endloop
  endfacet
  facet normal -0.36816605527706653 -0.9297600527779863 -1.6739646193129637e-19
    outer loop
      vertex -4.2525 2.930638597839275 -0.8999999999999999
      vertex -4.095 2.868271803812274 -0.8999999999999999
      vertex -4.095 2.868271803812274 0.99
    endloop
  endfacet
  facet normal 0 0 -1
    outer loop
      vertex 2.52 2.8140511416313903 0.99
      vertex 2.543436429377236 2.805 0.99
      vertex -2.205 2.9535756488014617 0.99
    endloop
  endfacet
  facet normal 0 0 -1
    outer loop
      vertex -8.296366628056623 2.475 0.99
      vertex 3.3075 2.64593306184701 0.99
      vertex 8.0325 2.696549613019818 0.99
    endloop
  endfacet
  facet normal 0 0 -1
    outer loop
      vertex 2.205 2.953575648801461 0.99
      vertex -2.205 2.9535756488014617 0.99
      vertex 2.1690309482965686 2.97 0.99
    endloop
  endfacet
  facet normal 0 0 -1
    outer loop
      vertex 2.3625 2.883654939242748 0.99
      vertex -2.205 2.9535756488014617 0.99
      vertex 2.205 2.953575648801461 0.99
    endloop
  endfacet
  facet normal 0 0 -1
    outer loop
      vertex -2.205 2.9535756488014617 0.99
      vertex 2.3625 2.883654939242748 0.99
      vertex 2.52 2.8140511416313903 0.99
    endloop
  endfacet
  facet normal 0 0 -1
    outer loop
      vertex 2.1690309482965686 2.97 0.99
      vertex -2.1690309482965686 2.97 0.99
      vertex 2.0475 3.0261156634559776 0.99
    endloop
  endfacet
  facet normal 0 0 -1
    outer loop
      vertex 1.5 1.65 0.99
      vertex -8.942774853493466 1.65 0.99
      vertex 8.844074937857114 1.8150000000000002 0.99
    endloop
  endfacet
  facet normal 0 0 -1
    outer loop
      vertex -8.0325 -2.696549613019818 0.99
      vertex -8.103278710919977 -2.64 0.99
      vertex -7.875 -2.8038151944859417 0.99
    endloop
  endfacet
  facet normal 0 0 -1
    outer loop
      vertex -7.7175 -2.9053742011843156 0.99
      vertex -7.873047814591288 -2.805 0.99
      vertex -7.592425148724197 -2.97 0.99
    endloop
  endfacet
  facet normal 0 0 -1
    outer loop
      vertex -7.873047814591288 -2.805 0.99
      vertex -7.875 -2.8038151944859417 0.99
      vertex -8.103278710919977 -2.64 0.99
    endloop
  endfacet
  facet normal 0 0 -1
    outer loop
      vertex -8.19 -2.5711522162367886 0.99
      vertex -8.296366628056623 -2.475 0.99
      vertex -8.103278710919977 -2.64 0.99
    endloop
  endfacet
  facet normal 0 0 -1
    outer loop
      vertex -8.3475 -2.427481600847447 0.99
      vertex -8.462437124604365 -2.31 0.99
      vertex -8.296366628056623 -2.475 0.99
    endloop
  endfacet
  facet normal 0 0 -1
    outer loop
      vertex -8.462437124604365 -2.31 0.99
      vertex -8.505 -2.26360417770149 0.99
      vertex -8.60752987044666 -2.145 0.99
    endloop
  endfacet
  facet normal 0 0 -1
    outer loop
      vertex -8.60752987044666 -2.145 0.99
      vertex -8.6625 -2.074570018804785 0.99
      vertex -8.734547844985961 -1.98 0.99
    endloop
  endfacet
  facet normal 0 0 -1
    outer loop
      vertex -8.844074937857114 -1.8150000000000002 0.99
      vertex -8.942774853493466 -1.65 0.99
      vertex -8.82 -1.8510199582010831 0.99
    endloop
  endfacet
  facet normal 0.44220579608221144 0.8969136156349158 -1.3457548539359875e-19
    outer loop
      vertex -7.4025 -3.0659073482655077 -0.8999999999999999
      vertex -7.5600000000000005 -2.98825503964976 -0.8999999999999999
      vertex -7.5600000000000005 -2.98825503964976 0.99
    endloop
  endfacet
  facet normal 0 0 -1
    outer loop
      vertex -7.4025 -3.0659073482655077 0.99
      vertex -7.5600000000000005 -2.98825503964976 0.99
      vertex -7.592425148724197 -2.97 0.99
    endloop
  endfacet
  facet normal 0.9127740934707792 0.40846475281056666 0
    outer loop
      vertex -9.028874679335836 -1.485 0.99
      vertex -9.028874679335836 -1.485 -0.8999999999999999
      vertex -9.10271188034301 -1.32 0.99
    endloop
  endfacet
  facet normal 0.9254495259714459 0.3788709211317568 0
    outer loop
      vertex -9.135 -1.2317270920492107 0.99
      vertex -9.135 -1.2317270920492107 -0.8999999999999999
      vertex -9.166411398703707 -1.155 0.99
    endloop
  endfacet
  facet normal 0.939146353677015 0.34351728686511124 0
    outer loop
      vertex -9.10271188034301 -1.32 0.99
      vertex -9.10271188034301 -1.32 -0.8999999999999999
      vertex -9.135 -1.2317270920492107 0.99
    endloop
  endfacet
  facet normal 0.9461887327188495 0.323615330409265 0
    outer loop
      vertex -9.166411398703707 -1.155 0.99
      vertex -9.166411398703707 -1.155 -0.8999999999999999
      vertex -9.222844674297779 -0.99 0.99
    endloop
  endfacet
  facet normal 0.9669603754132886 0.2549267196285869 0
    outer loop
      vertex -9.222844674297779 -0.99 0.99
      vertex -9.222844674297779 -0.99 -0.8999999999999999
      vertex -9.266344811230214 -0.825 0.99
    endloop
  endfacet
  facet normal 0.9803921828996996 0.19705625518912578 0
    outer loop
      vertex -9.266344811230214 -0.825 0.99
      vertex -9.266344811230214 -0.825 -0.8999999999999999
      vertex -9.2925 -0.694872983288176 0.99
    endloop
  endfacet
  facet normal 0.7368900685710655 0.6760125937002432 1.710197513174944e-18
    outer loop
      vertex -8.462437124604365 -2.31 -0.8999999999999999
      vertex -8.505 -2.26360417770149 -0.8999999999999999
      vertex -8.505 -2.26360417770149 0.99
    endloop
  endfacet
  facet normal 0.5629040583039806 0.8265222447973852 1.0481739444570171e-18
    outer loop
      vertex -7.875 -2.8038151944859417 -0.8999999999999999
      vertex -8.0325 -2.696549613019818 -0.8999999999999999
      vertex -8.0325 -2.696549613019818 0.99
    endloop
  endfacet
  facet normal 0.6242011977370341 0.7812636333169822 1.3732083139773974e-18
    outer loop
      vertex -8.0325 -2.696549613019818 -0.8999999999999999
      vertex -8.103278710919977 -2.64 -0.8999999999999999
      vertex -8.103278710919977 -2.64 0.99
    endloop
  endfacet
  facet normal 0.9723361448928264 0.2335860041504126 0
    outer loop
      vertex -9.2925 -0.694872983288176 0.99
      vertex -9.2925 -0.694872983288176 -0.8999999999999999
      vertex -9.300877597461408 -0.66 0.99
    endloop
  endfacet
  facet normal 0.5422060983076872 0.8402455277821803 -1.324996881173827e-18
    outer loop
      vertex -7.7175 -2.9053742011843156 -0.8999999999999999
      vertex -7.873047814591288 -2.805 -0.8999999999999999
      vertex -7.873047814591288 -2.805 0.99
    endloop
  endfacet
  facet normal 0.4590413132310934 0.8884149215018132 -2.261793720069939e-18
    outer loop
      vertex -7.592425148724197 -2.97 -0.8999999999999999
      vertex -7.7175 -2.9053742011843156 -0.8999999999999999
      vertex -7.7175 -2.9053742011843156 0.99
    endloop
  endfacet
  facet normal 0.4905856658954349 0.871392967849714 5.470840630308305e-19
    outer loop
      vertex -7.5600000000000005 -2.98825503964976 -0.8999999999999999
      vertex -7.592425148724197 -2.97 -0.8999999999999999
      vertex -7.592425148724197 -2.97 0.99
    endloop
  endfacet
  facet normal 0.5188341721122536 0.8548749042103134 4.060329915015265e-20
    outer loop
      vertex -7.873047814591288 -2.805 -0.8999999999999999
      vertex -7.875 -2.8038151944859417 -0.8999999999999999
      vertex -7.875 -2.8038151944859417 0.99
    endloop
  endfacet
  facet normal 0.9830266631616331 0.1834627469360065 0
    outer loop
      vertex -9.300877597461408 -0.66 0.99
      vertex -9.300877597461408 -0.66 -0.8999999999999999
      vertex -9.331671628161534 -0.495 0.99
    endloop
  endfacet
  facet normal -0.8581807316001432 0.513347671573801 0
    outer loop
      vertex 8.942774853493466 -1.65 0.99
      vertex 8.942774853493466 -1.65 0.8999999999999999
      vertex 8.844074937857114 -1.8150000000000002 0.8999999999999999
    endloop
  endfacet
  facet normal -0.8581807316001432 0.513347671573801 0
    outer loop
      vertex 8.844074937857114 -1.8150000000000002 0.8999999999999999
      vertex 8.844074937857114 -1.8150000000000002 0.99
      vertex 8.942774853493466 -1.65 0.99
    endloop
  endfacet
  facet normal -0.8313931428335473 0.5556846606208931 0
    outer loop
      vertex 8.82 -1.8510199582010838 0.99
      vertex 8.844074937857114 -1.8150000000000002 0.99
      vertex 8.82 -1.8510199582010838 0.8999999999999999
    endloop
  endfacet
  facet normal -0.8313931428335473 0.5556846606208931 0
    outer loop
      vertex 8.844074937857114 -1.8150000000000002 0.99
      vertex 8.844074937857114 -1.8150000000000002 0.8999999999999999
      vertex 8.82 -1.8510199582010838 0.8999999999999999
    endloop
  endfacet
  facet normal 0.12187693347213552 -0.9925452196688213 0
    outer loop
      vertex -2.9924999999999997 2.6647490640826077 -0.8999999999999999
      vertex -2.9924999999999997 2.6647490640826077 0.99
      vertex -3.018785860985028 2.6615213621431444 -0.8999999999999999
    endloop
  endfacet
  facet normal 0 0 -1
    outer loop
      vertex 2.205 -2.953575648801461 0.99
      vertex 2.1690309482965686 -2.97 0.99
      vertex -2.1690309482965686 -2.97 0.99
    endloop
  endfacet
  facet normal -0.8336414297587931 0.5523060443175642 0
    outer loop
      vertex 8.734547844985961 -1.98 0.99
      vertex 8.82 -1.8510199582010838 0.99
      vertex 8.734547844985961 -1.98 0.8999999999999999
    endloop
  endfacet
  facet normal -0.8336414297587931 0.5523060443175642 0
    outer loop
      vertex 8.82 -1.8510199582010838 0.99
      vertex 8.82 -1.8510199582010838 0.8999999999999999
      vertex 8.734547844985961 -1.98 0.8999999999999999
    endloop
  endfacet
  facet normal -0.7954540316711575 0.6060139301188555 0
    outer loop
      vertex 8.6625 -2.074570018804785 0.99
      vertex 8.734547844985961 -1.98 0.99
      vertex 8.6625 -2.074570018804785 0.8999999999999999
    endloop
  endfacet
  facet normal -0.7954540316711575 0.6060139301188555 0
    outer loop
      vertex 8.734547844985961 -1.98 0.99
      vertex 8.734547844985961 -1.98 0.8999999999999999
      vertex 8.6625 -2.074570018804785 0.8999999999999999
    endloop
  endfacet
  facet normal -0.7883136763652986 0.6152735551406602 0
    outer loop
      vertex 8.60752987044666 -2.145 0.99
      vertex 8.6625 -2.074570018804785 0.99
      vertex 8.60752987044666 -2.145 0.8999999999999999
    endloop
  endfacet
  facet normal -0.7883136763652986 0.6152735551406602 0
    outer loop
      vertex 8.6625 -2.074570018804785 0.99
      vertex 8.6625 -2.074570018804785 0.8999999999999999
      vertex 8.60752987044666 -2.145 0.8999999999999999
    endloop
  endfacet
  facet normal -0.7565105835055261 0.6539814500764745 0
    outer loop
      vertex 8.505 -2.26360417770149 0.99
      vertex 8.60752987044666 -2.145 0.99
      vertex 8.505 -2.26360417770149 0.8999999999999999
    endloop
  endfacet
  facet normal -0.7565105835055261 0.6539814500764745 0
    outer loop
      vertex 8.60752987044666 -2.145 0.99
      vertex 8.60752987044666 -2.145 0.8999999999999999
      vertex 8.505 -2.26360417770149 0.8999999999999999
    endloop
  endfacet
  facet normal -0.7368900685710656 0.6760125937002434 -3.5914147776673795e-17
    outer loop
      vertex 8.505 -2.26360417770149 0.99
      vertex 8.462437124604365 -2.31 0.8999999999999999
      vertex 8.462437124604365 -2.31 0.99
    endloop
  endfacet
  facet normal 0.30956834616029305 -0.9508771945186092 1.4169632884528693e-18
    outer loop
      vertex -2.8350000000000004 2.702044146248437 -0.8999999999999999
      vertex -2.6775 2.753319973244088 -0.8999999999999999
      vertex -2.6775 2.753319973244088 0.99
    endloop
  endfacet
  facet normal 0.3596890466228723 -0.9330722317910491 -1.005822824077904e-18
    outer loop
      vertex -2.6775 2.753319973244088 -0.8999999999999999
      vertex -2.543436429377236 2.805 -0.8999999999999999
      vertex -2.543436429377236 2.805 0.99
    endloop
  endfacet
  facet normal 0.3602661984472358 -0.9328495410602811 -6.436299997333813e-20
    outer loop
      vertex -2.543436429377236 2.805 -0.8999999999999999
      vertex -2.52 2.8140511416313903 -0.8999999999999999
      vertex -2.52 2.8140511416313903 0.99
    endloop
  endfacet
  facet normal 0.4042161976627608 -0.9146634711996866 -2.1229526701814682e-19
    outer loop
      vertex -2.52 2.8140511416313903 -0.8999999999999999
      vertex -2.3625 2.883654939242748 -0.8999999999999999
      vertex -2.3625 2.883654939242748 0.99
    endloop
  endfacet
  facet normal 0.4057542001112749 -0.9139822367486468 -2.0444094105694335e-18
    outer loop
      vertex -2.3625 2.883654939242748 -0.8999999999999999
      vertex -2.205 2.9535756488014617 -0.8999999999999999
      vertex -2.205 2.9535756488014617 0.99
    endloop
  endfacet
  facet normal 0.4153697229332554 -0.9096526772732275 5.727070379382752e-19
    outer loop
      vertex -2.205 2.9535756488014617 -0.8999999999999999
      vertex -2.1690309482965686 2.97 -0.8999999999999999
      vertex -2.1690309482965686 2.97 0.99
    endloop
  endfacet
  facet normal 0 0 -1
    outer loop
      vertex 0 0.15 0.99
      vertex -9.369077884522179 0 0.99
      vertex -9.365044070246888 0.165 0.99
    endloop
  endfacet
  facet normal 0 0 -1
    outer loop
      vertex -9.365044070246888 0.165 0.99
      vertex -9.352758480592964 0.33 0.99
      vertex 0.07341527938842773 0.6135254859924316 0.99
    endloop
  endfacet
  facet normal 0 0 -1
    outer loop
      vertex 0.07341527938842773 0.6135254859924316 0.99
      vertex -9.352758480592964 0.33 0.99
      vertex -9.331671628161534 0.495 0.99
    endloop
  endfacet
  facet normal 0 0 -1
    outer loop
      vertex 0.07341527938842773 0.6135254859924316 0.99
      vertex -9.331671628161534 0.495 0.99
      vertex -9.2925 0.694872983288176 0.99
    endloop
  endfacet
  facet normal 0 0 -1
    outer loop
      vertex 0.07341527938842773 0.6135254859924316 0.99
      vertex -9.2925 0.694872983288176 0.99
      vertex -9.266344811230214 0.825 0.99
    endloop
  endfacet
  facet normal 0 0 -1
    outer loop
      vertex -9.266344811230214 0.825 0.99
      vertex -9.222844674297779 0.99 0.99
      vertex 0.28647451400756835 1.0316777229309082 0.99
    endloop
  endfacet
  facet normal 0 0 -1
    outer loop
      vertex 0.28647451400756835 1.0316777229309082 0.99
      vertex -9.222844674297779 0.99 0.99
      vertex -9.135 1.2317270920492107 0.99
    endloop
  endfacet
  facet normal 0 0 -1
    outer loop
      vertex -9.135 1.2317270920492107 0.99
      vertex -9.10271188034301 1.32 0.99
      vertex 0.6183222770690918 1.3635254859924315 0.99
    endloop
  endfacet
  facet normal 0 0 -1
    outer loop
      vertex 0.6183222770690918 1.3635254859924315 0.99
      vertex -9.10271188034301 1.32 0.99
      vertex -8.9775 1.580960655258357 0.99
    endloop
  endfacet
  facet normal -0.7368900685710656 0.6760125937002434 0
    outer loop
      vertex 8.505 -2.26360417770149 0.99
      vertex 8.505 -2.26360417770149 0.8999999999999999
      vertex 8.462437124604365 -2.31 0.8999999999999999
    endloop
  endfacet
  facet normal -0.7148052174244168 0.6993236025924137 0
    outer loop
      vertex 8.3475 -2.427481600847447 0.8999999999999999
      vertex 8.3475 -2.427481600847447 0.99
      vertex 8.462437124604365 -2.31 0.99
    endloop
  endfacet
  facet normal -0.7148052174244168 0.6993236025924137 0
    outer loop
      vertex 8.462437124604365 -2.31 0.99
      vertex 8.462437124604365 -2.31 0.8999999999999999
      vertex 8.3475 -2.427481600847447 0.8999999999999999
    endloop
  endfacet
  facet normal -0.6807388399512169 0.7325261986999998 0
    outer loop
      vertex 8.296366628056623 -2.475 0.99
      vertex 8.3475 -2.427481600847447 0.99
      vertex 8.296366628056623 -2.475 0.8999999999999999
    endloop
  endfacet
  facet normal -0.6807388399512169 0.7325261986999998 0
    outer loop
      vertex 8.3475 -2.427481600847447 0.99
      vertex 8.3475 -2.427481600847447 0.8999999999999999
      vertex 8.296366628056623 -2.475 0.8999999999999999
    endloop
  endfacet
  facet normal -0.67059013801643 0.7418280574331935 0
    outer loop
      vertex 8.296366628056623 -2.475 0.99
      vertex 8.296366628056623 -2.475 0.8999999999999999
      vertex 8.19 -2.5711522162367886 0.8999999999999999
    endloop
  endfacet
  facet normal -0.67059013801643 0.7418280574331935 0
    outer loop
      vertex 8.19 -2.5711522162367886 0.99
      vertex 8.296366628056623 -2.475 0.99
      vertex 8.19 -2.5711522162367886 0.8999999999999999
    endloop
  endfacet
  facet normal -0.6217762295901204 0.7831949440060846 0
    outer loop
      vertex 8.103278710919977 -2.64 0.99
      vertex 8.19 -2.5711522162367886 0.99
      vertex 8.103278710919977 -2.64 0.8999999999999999
    endloop
  endfacet
  facet normal -0.6217762295901204 0.7831949440060846 0
    outer loop
      vertex 8.19 -2.5711522162367886 0.99
      vertex 8.19 -2.5711522162367886 0.8999999999999999
      vertex 8.103278710919977 -2.64 0.8999999999999999
    endloop
  endfacet
  facet normal -0.6242011977370341 0.7812636333169822 0
    outer loop
      vertex 8.0325 -2.696549613019818 0.99
      vertex 8.103278710919977 -2.64 0.99
      vertex 8.0325 -2.696549613019818 0.8999999999999999
    endloop
  endfacet
  facet normal -0.6242011977370341 0.7812636333169822 0
    outer loop
      vertex 8.103278710919977 -2.64 0.99
      vertex 8.103278710919977 -2.64 0.8999999999999999
      vertex 8.0325 -2.696549613019818 0.8999999999999999
    endloop
  endfacet
  facet normal -0.5629040583039806 0.8265222447973852 0
    outer loop
      vertex 8.0325 -2.696549613019818 0.99
      vertex 8.0325 -2.696549613019818 0.8999999999999999
      vertex 7.875 -2.8038151944859417 0.8999999999999999
    endloop
  endfacet
  facet normal -0.5629040583039806 0.8265222447973852 0
    outer loop
      vertex 7.875 -2.8038151944859417 0.8999999999999999
      vertex 7.875 -2.8038151944859417 0.99
      vertex 8.0325 -2.696549613019818 0.99
    endloop
  endfacet
  facet normal -0.5188341721122536 0.8548749042103134 0
    outer loop
      vertex 7.873047814591288 -2.805 0.99
      vertex 7.875 -2.8038151944859417 0.99
      vertex 7.873047814591288 -2.805 0.8999999999999999
    endloop
  endfacet
  facet normal -0.3656019506415903 -0.9307713004208199 0
    outer loop
      vertex -4.41 2.9916707438415977 -0.8999999999999999
      vertex -4.354829324922547 2.97 0.99
      vertex -4.41 2.9916707438415977 0.99
    endloop
  endfacet
  facet normal -0.3590106187864968 -0.9333334750230148 0
    outer loop
      vertex -4.354829324922547 2.97 0.99
      vertex -4.354829324922547 2.97 -0.8999999999999999
      vertex -4.2525 2.930638597839275 0.99
    endloop
  endfacet
  facet normal -0.37192850075338735 -0.928261380392041 1.5033588507036828e-18
    outer loop
      vertex -3.9480452418634897 2.809391122113327 0.8999999999999999
      vertex -4.095 2.868271803812274 0.99
      vertex -4.095 2.868271803812274 -0.8999999999999999
    endloop
  endfacet
  facet normal -0.36816605527706653 -0.9297600527779863 0
    outer loop
      vertex -4.2525 2.930638597839275 0.99
      vertex -4.2525 2.930638597839275 -0.8999999999999999
      vertex -4.095 2.868271803812274 0.99
    endloop
  endfacet
  facet normal -0.5188341721122536 0.8548749042103134 0
    outer loop
      vertex 7.875 -2.8038151944859417 0.99
      vertex 7.875 -2.8038151944859417 0.8999999999999999
      vertex 7.873047814591288 -2.805 0.8999999999999999
    endloop
  endfacet
  facet normal -0.5422060983076871 0.8402455277821803 0
    outer loop
      vertex 7.7175 -2.9053742011843156 0.99
      vertex 7.873047814591288 -2.805 0.99
      vertex 7.7175 -2.9053742011843156 0.8999999999999999
    endloop
  endfacet
  facet normal -0.5422060983076871 0.8402455277821803 0
    outer loop
      vertex 7.873047814591288 -2.805 0.99
      vertex 7.873047814591288 -2.805 0.8999999999999999
      vertex 7.7175 -2.9053742011843156 0.8999999999999999
    endloop
  endfacet
  facet normal -0.4590413132310935 0.8884149215018134 0
    outer loop
      vertex 7.592425148724197 -2.97 0.8999999999999999
      vertex 7.592425148724197 -2.97 0.99
      vertex 7.7175 -2.9053742011843156 0.99
    endloop
  endfacet
  facet normal -0.4905856658954349 0.871392967849714 -1.148876532364743e-17
    outer loop
      vertex 7.592425148724197 -2.97 0.99
      vertex 7.5600000000000005 -2.98825503964976 0.8999999999999999
      vertex 7.5600000000000005 -2.98825503964976 0.99
    endloop
  endfacet
  facet normal 0 0 -1
    outer loop
      vertex -8.103278710919977 2.64 0.99
      vertex -7.873047814591288 2.805 0.99
      vertex -3.9370235096496855 2.805 0.99
    endloop
  endfacet
  facet normal 0 0 -1
    outer loop
      vertex -7.873047814591288 2.805 0.99
      vertex -7.592425148724197 2.97 0.99
      vertex -4.354829324922547 2.97 0.99
    endloop
  endfacet
  facet normal -0.4590413132310935 0.8884149215018134 0
    outer loop
      vertex 7.7175 -2.9053742011843156 0.99
      vertex 7.7175 -2.9053742011843156 0.8999999999999999
      vertex 7.592425148724197 -2.97 0.8999999999999999
    endloop
  endfacet
  facet normal 0 0 -1
    outer loop
      vertex -8.296366628056623 2.475 0.99
      vertex -8.103278710919977 2.64 0.99
      vertex -3.15 2.645409273167823 0.99
    endloop
  endfacet
  facet normal -0.4905856658954349 0.871392967849714 0
    outer loop
      vertex 7.592425148724197 -2.97 0.99
      vertex 7.592425148724197 -2.97 0.8999999999999999
      vertex 7.5600000000000005 -2.98825503964976 0.8999999999999999
    endloop
  endfacet
  facet normal -0.44220579608220933 0.8969136156349168 0
    outer loop
      vertex 7.5600000000000005 -2.98825503964976 0.99
      vertex 7.5600000000000005 -2.98825503964976 0.8999999999999999
      vertex 7.536178026279728 -3 0.8999999999999999
    endloop
  endfacet
  facet normal 0.991932384799118 0.12676807163767365 0
    outer loop
      vertex -9.331671628161534 -0.495 0.99
      vertex -9.331671628161534 -0.495 -0.8999999999999999
      vertex -9.352758480592964 -0.33 0.99
    endloop
  endfacet
  facet normal 0 0 -1
    outer loop
      vertex -8.9775 1.580960655258357 0.99
      vertex -8.942774853493466 1.65 0.99
      vertex 1.5 1.65 0.99
    endloop
  endfacet
  facet normal 0.9972394672794718 0.07425257504056722 0
    outer loop
      vertex -9.352758480592964 -0.33 0.99
      vertex -9.352758480592964 -0.33 -0.8999999999999999
      vertex -9.365044070246888 -0.165 0.99
    endloop
  endfacet
  facet normal 0.9997012972013583 0.024440056749559097 0
    outer loop
      vertex -9.365044070246888 -0.165 0.99
      vertex -9.365044070246888 -0.165 -0.8999999999999999
      vertex -9.369077884522179 0 0.99
    endloop
  endfacet
  facet normal 0 0 -1
    outer loop
      vertex -8.9775 -1.580960655258357 0.99
      vertex -9.028874679335836 -1.485 0.99
      vertex -9.10271188034301 -1.32 0.99
    endloop
  endfacet
  facet normal 0 0 -1
    outer loop
      vertex -9.135 -1.2317270920492107 0.99
      vertex -9.166411398703707 -1.155 0.99
      vertex -9.222844674297779 -0.99 0.99
    endloop
  endfacet
  facet normal 0 0 -1
    outer loop
      vertex -9.2925 -0.694872983288176 0.99
      vertex -9.300877597461408 -0.66 0.99
      vertex -9.331671628161534 -0.495 0.99
    endloop
  endfacet
  facet normal 0.2878078279236319 0.9576881821270852 -8.940885525515353e-19
    outer loop
      vertex -6.930000000000001 -3.2323971641253753 -0.8999999999999999
      vertex -7.0874999999999995 -3.185064709006955 -0.8999999999999999
      vertex -7.0874999999999995 -3.185064709006955 0.99
    endloop
  endfacet
  facet normal 0.3611108125189227 0.9325229118267945 -8.920531497742354e-20
    outer loop
      vertex -7.245 -3.126897756383538 -0.8999999999999999
      vertex -7.4025 -3.0659073482655077 -0.8999999999999999
      vertex -7.4025 -3.0659073482655077 0.99
    endloop
  endfacet
  facet normal 0.3534196370935313 0.935464889836426 -1.0581904459046776e-18
    outer loop
      vertex -7.0874999999999995 -3.185064709006955 -0.8999999999999999
      vertex -7.2200160590425515 -3.1350000000000002 -0.8999999999999999
      vertex -7.2200160590425515 -3.1350000000000002 0.99
    endloop
  endfacet
  facet normal 0.308482093463812 0.9512301498649967 -2.1508002505786784e-20
    outer loop
      vertex -7.2200160590425515 -3.1350000000000002 -0.8999999999999999
      vertex -7.245 -3.126897756383538 -0.8999999999999999
      vertex -7.245 -3.126897756383538 0.99
    endloop
  endfacet
  facet normal 0.2253392945849999 0.9742803509852463 6.31570683064873e-19
    outer loop
      vertex -6.7725 -3.268825014549791 -0.8999999999999999
      vertex -6.930000000000001 -3.2323971641253753 -0.8999999999999999
      vertex -6.930000000000001 -3.2323971641253753 0.99
    endloop
  endfacet
  facet normal 0.12425553642661336 0.9922502515330165 5.753120434514966e-20
    outer loop
      vertex -6.583344889949578 -3.3 -0.8999999999999999
      vertex -6.615 -3.296035956983753 -0.8999999999999999
      vertex -6.615 -3.296035956983753 0.99
    endloop
  endfacet
  facet normal 0.1702457596898938 0.9854016345164093 1.0391672637878394e-18
    outer loop
      vertex -6.615 -3.296035956983753 -0.8999999999999999
      vertex -6.7725 -3.268825014549791 -0.8999999999999999
      vertex -6.7725 -3.268825014549791 0.99
    endloop
  endfacet
  facet normal 0 1 0
    outer loop
      vertex -5.515771732045114 -3.3 -0.8999999999999999
      vertex -6.583344889949578 -3.3 -0.8999999999999999
      vertex -6.583344889949578 -3.3 0.99
    endloop
  endfacet
  facet normal 0 0 -1
    outer loop
      vertex -8.103278710919977 2.64 0.99
      vertex -3.7800000000000002 2.7502442482137552 0.99
      vertex -3.6225 2.7020346693370016 0.99
    endloop
  endfacet
  facet normal 0 0 -1
    outer loop
      vertex -3.7800000000000002 2.7502442482137552 0.99
      vertex -8.103278710919977 2.64 0.99
      vertex -3.9370235096496855 2.805 0.99
    endloop
  endfacet
  facet normal 0 0 -1
    outer loop
      vertex -3.9370235096496855 2.805 0.99
      vertex -7.873047814591288 2.805 0.99
      vertex -3.9375 2.8051659371824265 0.99
    endloop
  endfacet
  facet normal 0 0 -1
    outer loop
      vertex -7.873047814591288 2.805 0.99
      vertex -4.354829324922547 2.97 0.99
      vertex -4.2525 2.930638597839275 0.99
    endloop
  endfacet
  facet normal 0 0 -1
    outer loop
      vertex -4.2525 2.930638597839275 0.99
      vertex -4.095 2.868271803812274 0.99
      vertex -7.873047814591288 2.805 0.99
    endloop
  endfacet
  facet normal 0 0 -1
    outer loop
      vertex -4.354829324922547 2.97 0.99
      vertex -7.592425148724197 2.97 0.99
      vertex -4.41 2.9916707438415977 0.99
    endloop
  endfacet
  facet normal 0 0 -1
    outer loop
      vertex -4.095 2.868271803812274 0.99
      vertex -3.9375 2.8051659371824265 0.99
      vertex -7.873047814591288 2.805 0.99
    endloop
  endfacet
  facet normal 0 0 -1
    outer loop
      vertex -8.103278710919977 2.64 0.99
      vertex -3.6225 2.7020346693370016 0.99
      vertex -3.4650000000000003 2.6657620636587454 0.99
    endloop
  endfacet
  facet normal 0 0 -1
    outer loop
      vertex -8.103278710919977 2.64 0.99
      vertex -3.4650000000000003 2.6657620636587454 0.99
      vertex -3.3075 2.64593306184701 0.99
    endloop
  endfacet
  facet normal 0 0 -1
    outer loop
      vertex -3.15 2.645409273167823 0.99
      vertex -8.103278710919977 2.64 0.99
      vertex -3.3075 2.64593306184701 0.99
    endloop
  endfacet
  facet normal -0.32887669830015753 -0.9443728698534215 -8.722561191227834e-22
    outer loop
      vertex -3.9375 2.8051659371824265 0.8999999999999999
      vertex -3.9370235096496855 2.805 0.8999999999999999
      vertex -3.9370235096496855 2.805 0.99
    endloop
  endfacet
  facet normal -0.3292655182316213 -0.944237374023959 0
    outer loop
      vertex -3.9370235096496855 2.805 0.99
      vertex -3.9370235096496855 2.805 0.8999999999999999
      vertex -3.7800000000000002 2.7502442482137552 0.8999999999999999
    endloop
  endfacet
  facet normal -0.32887669830015753 -0.9443728698534215 0
    outer loop
      vertex -3.9375 2.8051659371824265 0.99
      vertex -3.9375 2.8051659371824265 0.8999999999999999
      vertex -3.9370235096496855 2.805 0.99
    endloop
  endfacet
  facet normal -0.3292655182316213 -0.944237374023959 0
    outer loop
      vertex -3.7800000000000002 2.7502442482137552 0.8999999999999999
      vertex -3.7800000000000002 2.7502442482137552 0.99
      vertex -3.9370235096496855 2.805 0.99
    endloop
  endfacet
  facet normal -0.37192850075338624 -0.9282613803920414 2.0117071665631814e-15
    outer loop
      vertex -3.9480452418634897 2.809391122113327 0.8999999999999999
      vertex -3.9375 2.8051659371824265 0.8999999999999999
      vertex -4.095 2.868271803812274 0.99
    endloop
  endfacet
  facet normal -0.3719285007533873 -0.9282613803920411 0
    outer loop
      vertex -3.9375 2.8051659371824265 0.8999999999999999
      vertex -3.9375 2.8051659371824265 0.99
      vertex -4.095 2.868271803812274 0.99
    endloop
  endfacet
  facet normal 0 0 -1
    outer loop
      vertex 0 0.15 0.99
      vertex -9.365044070246888 0.165 0.99
      vertex 0.07341527938842773 0.6135254859924316 0.99
    endloop
  endfacet
  facet normal 0 0 -1
    outer loop
      vertex 0.07341527938842773 0.6135254859924316 0.99
      vertex -9.266344811230214 0.825 0.99
      vertex 0.28647451400756835 1.0316777229309082 0.99
    endloop
  endfacet
  facet normal -0.11890360862378259 0.9929058021062432 -1.1737103313183288e-20
    outer loop
      vertex -5.5125 -3.2996081997448408 -0.8999999999999999
      vertex -5.515771732045114 -3.3 -0.8999999999999999
      vertex -5.515771732045114 -3.3 0.99
    endloop
  endfacet
  facet normal -0.15375981096585617 0.9881082534478417 -3.083892637463367e-19
    outer loop
      vertex -5.355 -3.275099579214023 -0.8999999999999999
      vertex -5.5125 -3.2996081997448408 -0.8999999999999999
      vertex -5.5125 -3.2996081997448408 0.99
    endloop
  endfacet
  facet normal 0 0 -1
    outer loop
      vertex 0.28647451400756835 1.0316777229309082 0.99
      vertex -9.135 1.2317270920492107 0.99
      vertex 0.6183222770690918 1.3635254859924315 0.99
    endloop
  endfacet
  facet normal -0.19752600436366807 0.9802976474521012 -5.621518243716284e-21
    outer loop
      vertex -5.1975 -3.243363967312743 -0.8999999999999999
      vertex -5.355 -3.275099579214023 -0.8999999999999999
      vertex -5.355 -3.275099579214023 0.99
    endloop
  endfacet
  facet normal -0.24246775951486327 0.9701594640036464 -1.2614587478167879e-18
    outer loop
      vertex -5.04 -3.20400067340022 -0.8999999999999999
      vertex -5.1975 -3.243363967312743 -0.8999999999999999
      vertex -5.1975 -3.243363967312743 0.99
    endloop
  endfacet
  facet normal -0.287037468697843 0.9579193554592864 -8.1382252216251225e-19
    outer loop
      vertex -4.8825 -3.1568063025356348 -0.8999999999999999
      vertex -5.04 -3.20400067340022 -0.8999999999999999
      vertex -5.04 -3.20400067340022 0.99
    endloop
  endfacet
  facet normal -0.3134237559483236 0.9496133682753448 -4.652421190967529e-19
    outer loop
      vertex -4.816431120384157 -3.1350000000000002 -0.8999999999999999
      vertex -4.8825 -3.1568063025356348 -0.8999999999999999
      vertex -4.8825 -3.1568063025356348 0.99
    endloop
  endfacet
  facet normal -0.2947957145975258 0.9555602998528842 0
    outer loop
      vertex -4.816431120384157 -3.1350000000000002 -0.8999999999999999
      vertex -4.816431120384157 -3.1350000000000002 0.99
      vertex -4.725 -3.106792986298981 -0.8999999999999999
    endloop
  endfacet
  facet normal -0.3251919484181428 0.9456480300217476 0
    outer loop
      vertex -4.725 -3.106792986298981 -0.8999999999999999
      vertex -4.725 -3.106792986298981 0.99
      vertex -4.5675 -3.052631469275909 -0.8999999999999999
    endloop
  endfacet
  facet normal -0.36095797060124957 0.9325820840330504 0
    outer loop
      vertex -4.5675 -3.052631469275909 -0.8999999999999999
      vertex -4.5675 -3.052631469275909 0.99
      vertex -4.41 -2.9916707438415977 -0.8999999999999999
    endloop
  endfacet
  facet normal 0.40275762206313315 0.9153066687564614 1.7890707440207802e-18
    outer loop
      vertex -1.8900000000000001 -3.0954195674263536 -0.8999999999999999
      vertex -2.0475 -3.0261156634559767 -0.8999999999999999
      vertex -2.0475 -3.0261156634559767 0.99
    endloop
  endfacet
  facet normal 0.3314852246940231 0.9434604103032375 5.12486112785559e-19
    outer loop
      vertex -1.4175000000000002 -3.2798754537895842 -0.8999999999999999
      vertex -1.575 -3.2245377604225376 -0.8999999999999999
      vertex -1.575 -3.2245377604225376 0.99
    endloop
  endfacet
  facet normal 0.3917674598057969 0.9200642681015894 -2.338691631622713e-19
    outer loop
      vertex -1.7325000000000002 -3.1610311488052854 -0.8999999999999999
      vertex -1.7936340459088937 -3.1350000000000002 -0.8999999999999999
      vertex -1.7936340459088937 -3.1350000000000002 0.99
    endloop
  endfacet
  facet normal 0.3799316552344923 0.92501456061555 2.7163304218867774e-19
    outer loop
      vertex -1.7936340459088937 -3.1350000000000002 -0.8999999999999999
      vertex -1.8900000000000001 -3.0954195674263536 -0.8999999999999999
      vertex -1.8900000000000001 -3.0954195674263536 0.99
    endloop
  endfacet
  facet normal 0.1218769334721355 -0.9925452196688213 0
    outer loop
      vertex -3.018785860985028 2.6615213621431444 0.8999999999999999
      vertex -3.018785860985028 2.6615213621431444 -0.8999999999999999
      vertex -2.9924999999999997 2.6647490640826077 0.99
    endloop
  endfacet
  facet normal 0.23042221812411648 -0.9730907467419275 0
    outer loop
      vertex -2.9924999999999997 2.6647490640826077 0.99
      vertex -2.9924999999999997 2.6647490640826077 -0.8999999999999999
      vertex -2.8350000000000004 2.702044146248437 0.99
    endloop
  endfacet
  facet normal 0.30956834616029305 -0.9508771945186092 0
    outer loop
      vertex -2.8350000000000004 2.702044146248437 0.99
      vertex -2.8350000000000004 2.702044146248437 -0.8999999999999999
      vertex -2.6775 2.753319973244088 0.99
    endloop
  endfacet
  facet normal 0.3596890466228723 -0.9330722317910491 0
    outer loop
      vertex -2.6775 2.753319973244088 0.99
      vertex -2.6775 2.753319973244088 -0.8999999999999999
      vertex -2.543436429377236 2.805 0.99
    endloop
  endfacet
  facet normal 0.3602661984472358 -0.9328495410602811 0
    outer loop
      vertex -2.543436429377236 2.805 0.99
      vertex -2.543436429377236 2.805 -0.8999999999999999
      vertex -2.52 2.8140511416313903 0.99
    endloop
  endfacet
  facet normal 0.4042161976627608 -0.9146634711996866 0
    outer loop
      vertex -2.52 2.8140511416313903 0.99
      vertex -2.52 2.8140511416313903 -0.8999999999999999
      vertex -2.3625 2.883654939242748 0.99
    endloop
  endfacet
  facet normal 0.4057542001112749 -0.9139822367486468 0
    outer loop
      vertex -2.3625 2.883654939242748 0.99
      vertex -2.3625 2.883654939242748 -0.8999999999999999
      vertex -2.205 2.9535756488014617 0.99
    endloop
  endfacet
  facet normal 0.4153697229332554 -0.9096526772732275 0
    outer loop
      vertex -2.205 2.9535756488014617 0.99
      vertex -2.205 2.9535756488014617 -0.8999999999999999
      vertex -2.1690309482965686 2.97 0.99
    endloop
  endfacet
  facet normal 0.41920878880622003 -0.9078898564185097 0
    outer loop
      vertex -2.1690309482965686 2.97 0.99
      vertex -2.1690309482965686 2.97 -0.8999999999999999
      vertex -2.0475 3.0261156634559767 0.99
    endloop
  endfacet
  facet normal 0.3739609765367986 0.9274444393211078 -1.909956946901945e-18
    outer loop
      vertex -1.575 -3.2245377604225376 -0.8999999999999999
      vertex -1.7325000000000002 -3.1610311488052854 -0.8999999999999999
      vertex -1.7325000000000002 -3.1610311488052854 0.99
    endloop
  endfacet
  facet normal 0.3001931216112963 0.9538784459967976 -7.133205035514968e-20
    outer loop
      vertex -1.353553262104925 -3.3 -0.8999999999999999
      vertex -1.4175000000000002 -3.2798754537895842 -0.8999999999999999
      vertex -1.4175000000000002 -3.2798754537895842 0.99
    endloop
  endfacet
  facet normal 0 1 0
    outer loop
      vertex 1.353553262104925 -3.3 -0.8999999999999999
      vertex -1.353553262104925 -3.3 -0.8999999999999999
      vertex -1.353553262104925 -3.3 0.99
    endloop
  endfacet
  facet normal 0.3611108125189227 0.9325229118267945 0
    outer loop
      vertex -7.245 -3.126897756383538 0.99
      vertex -7.245 -3.126897756383538 -0.8999999999999999
      vertex -7.4025 -3.0659073482655077 0.99
    endloop
  endfacet
  facet normal 0 0 -1
    outer loop
      vertex -8.942774853493466 1.65 0.99
      vertex -8.82 1.8510199582010831 0.99
      vertex 8.844074937857114 1.8150000000000002 0.99
    endloop
  endfacet
  facet normal 0.44220579608221144 0.8969136156349158 0
    outer loop
      vertex -7.4025 -3.0659073482655077 0.99
      vertex -7.4025 -3.0659073482655077 -0.8999999999999999
      vertex -7.5600000000000005 -2.98825503964976 0.99
    endloop
  endfacet
  facet normal 0.308482093463812 0.9512301498649967 0
    outer loop
      vertex -7.2200160590425515 -3.1350000000000002 0.99
      vertex -7.2200160590425515 -3.1350000000000002 -0.8999999999999999
      vertex -7.245 -3.126897756383538 0.99
    endloop
  endfacet
  facet normal 0.3534196370935313 0.935464889836426 0
    outer loop
      vertex -7.0874999999999995 -3.185064709006955 0.99
      vertex -7.0874999999999995 -3.185064709006955 -0.8999999999999999
      vertex -7.2200160590425515 -3.1350000000000002 0.99
    endloop
  endfacet
  facet normal 0 0 -1
    outer loop
      vertex -8.82 1.8510199582010831 0.99
      vertex -8.734547844985961 1.98 0.99
      vertex 8.734547844985961 1.98 0.99
    endloop
  endfacet
  facet normal 0 0 -1
    outer loop
      vertex -8.734547844985961 1.98 0.99
      vertex -8.60752987044666 2.145 0.99
      vertex 8.60752987044666 2.145 0.99
    endloop
  endfacet
  facet normal 0 0 -1
    outer loop
      vertex 0.6183222770690918 1.3635254859924315 0.99
      vertex -8.9775 1.580960655258357 0.99
      vertex 1.0364745140075684 1.5765847206115722 0.99
    endloop
  endfacet
  facet normal 0 0 -1
    outer loop
      vertex 1.0364745140075684 1.5765847206115722 0.99
      vertex -8.9775 1.580960655258357 0.99
      vertex 1.5 1.65 0.99
    endloop
  endfacet
  facet normal 0 0 -1
    outer loop
      vertex 8.82 -1.8510199582010838 0.99
      vertex 8.734547844985961 -1.98 0.99
      vertex 3.15 -2.645409273167823 0.99
    endloop
  endfacet
  facet normal 0 0 -1
    outer loop
      vertex -8.60752987044666 2.145 0.99
      vertex -8.462437124604365 2.31 0.99
      vertex 8.462437124604365 2.31 0.99
    endloop
  endfacet
  facet normal 0 0 -1
    outer loop
      vertex -8.462437124604365 2.31 0.99
      vertex -8.296366628056623 2.475 0.99
      vertex 8.296366628056623 2.475 0.99
    endloop
  endfacet
  facet normal 0 0 -1
    outer loop
      vertex -8.296366628056623 2.475 0.99
      vertex -3.15 2.645409273167823 0.99
      vertex 2.6775 2.7533199732440874 0.99
    endloop
  endfacet
  facet normal 0 0 -1
    outer loop
      vertex 8.734547844985961 -1.98 0.99
      vertex 8.6625 -2.074570018804785 0.99
      vertex 3.15 -2.645409273167823 0.99
    endloop
  endfacet
  facet normal -0.22442743286421674 -0.9744908041525981 0
    outer loop
      vertex -3.6225 2.7020346693370016 0.99
      vertex -3.6225 2.7020346693370016 0.8999999999999999
      vertex -3.4650000000000003 2.6657620636587454 0.8999999999999999
    endloop
  endfacet
  facet normal -0.2926881444497477 -0.9562079533755007 0
    outer loop
      vertex -3.6225 2.7020346693370016 0.8999999999999999
      vertex -3.6225 2.7020346693370016 0.99
      vertex -3.7800000000000002 2.7502442482137552 0.99
    endloop
  endfacet
  facet normal -0.22442743286421674 -0.9744908041525981 0
    outer loop
      vertex -3.4650000000000003 2.6657620636587454 0.99
      vertex -3.6225 2.7020346693370016 0.99
      vertex -3.4650000000000003 2.6657620636587454 0.8999999999999999
    endloop
  endfacet
  facet normal -0.2926881444497477 -0.9562079533755007 0
    outer loop
      vertex -3.7800000000000002 2.7502442482137552 0.99
      vertex -3.7800000000000002 2.7502442482137552 0.8999999999999999
      vertex -3.6225 2.7020346693370016 0.8999999999999999
    endloop
  endfacet
  facet normal -0.12491235996041263 -0.992167779324203 0
    outer loop
      vertex -3.4650000000000003 2.6657620636587454 0.99
      vertex -3.4650000000000003 2.6657620636587454 0.8999999999999999
      vertex -3.3075 2.64593306184701 0.8999999999999999
    endloop
  endfacet
  facet normal -0.12491235996041263 -0.992167779324203 0
    outer loop
      vertex -3.3075 2.64593306184701 0.99
      vertex -3.4650000000000003 2.6657620636587454 0.99
      vertex -3.3075 2.64593306184701 0.8999999999999999
    endloop
  endfacet
  facet normal -0.00332562401705787 -0.9999944700971587 0
    outer loop
      vertex -3.3075 2.64593306184701 0.99
      vertex -3.3075 2.64593306184701 0.8999999999999999
      vertex -3.15 2.645409273167823 0.8999999999999999
    endloop
  endfacet
  facet normal 0.12187693347215624 -0.9925452196688188 0
    outer loop
      vertex -3.15 2.645409273167823 0.99
      vertex -3.15 2.645409273167823 0.8999999999999999
      vertex -3.018785860985028 2.6615213621431444 0.8999999999999999
    endloop
  endfacet
  facet normal -0.00332562401705787 -0.9999944700971587 0
    outer loop
      vertex -3.15 2.645409273167823 0.8999999999999999
      vertex -3.15 2.645409273167823 0.99
      vertex -3.3075 2.64593306184701 0.99
    endloop
  endfacet
  facet normal 0.12187693347215278 -0.9925452196688193 -5.112102999224905e-15
    outer loop
      vertex -2.9924999999999997 2.6647490640826077 0.99
      vertex -3.15 2.645409273167823 0.99
      vertex -3.018785860985028 2.6615213621431444 0.8999999999999999
    endloop
  endfacet
  facet normal 0 0 -1
    outer loop
      vertex 8.6625 -2.074570018804785 0.99
      vertex 8.60752987044666 -2.145 0.99
      vertex 3.3075 -2.64593306184701 0.99
    endloop
  endfacet
  facet normal 0 0 -1
    outer loop
      vertex 8.60752987044666 -2.145 0.99
      vertex 8.505 -2.26360417770149 0.99
      vertex 3.3075 -2.64593306184701 0.99
    endloop
  endfacet
  facet normal 0 0 -1
    outer loop
      vertex 8.505 -2.26360417770149 0.99
      vertex 8.462437124604365 -2.31 0.99
      vertex 3.4650000000000003 -2.6657620636587454 0.99
    endloop
  endfacet
  facet normal 0 0 -1
    outer loop
      vertex 8.462437124604365 -2.31 0.99
      vertex 8.3475 -2.427481600847447 0.99
      vertex 3.4650000000000003 -2.6657620636587454 0.99
    endloop
  endfacet
  facet normal 0 0 -1
    outer loop
      vertex 8.3475 -2.427481600847447 0.99
      vertex 8.296366628056623 -2.475 0.99
      vertex 3.6225 -2.7020346693370016 0.99
    endloop
  endfacet
  facet normal 0 0 -1
    outer loop
      vertex 2.6775 2.7533199732440874 0.99
      vertex -3.15 2.645409273167823 0.99
      vertex -2.9924999999999997 2.6647490640826077 0.99
    endloop
  endfacet
  facet normal 0 0 -1
    outer loop
      vertex 2.6775 2.7533199732440874 0.99
      vertex -2.9924999999999997 2.6647490640826077 0.99
      vertex -2.8350000000000004 2.702044146248437 0.99
    endloop
  endfacet
  facet normal 0 0 -1
    outer loop
      vertex 2.6775 2.7533199732440874 0.99
      vertex -2.8350000000000004 2.702044146248437 0.99
      vertex -2.6775 2.753319973244088 0.99
    endloop
  endfacet
  facet normal 0 0 -1
    outer loop
      vertex 8.296366628056623 -2.475 0.99
      vertex 8.19 -2.5711522162367886 0.99
      vertex 3.6225 -2.7020346693370016 0.99
    endloop
  endfacet
  facet normal 0 0 -1
    outer loop
      vertex 8.19 -2.5711522162367886 0.99
      vertex 8.103278710919977 -2.64 0.99
      vertex 3.7800000000000002 -2.750244248213755 0.99
    endloop
  endfacet
  facet normal 0 0 -1
    outer loop
      vertex 8.103278710919977 -2.64 0.99
      vertex 8.0325 -2.696549613019818 0.99
      vertex 3.7800000000000002 -2.750244248213755 0.99
    endloop
  endfacet
  facet normal 0 0 -1
    outer loop
      vertex -8.296366628056623 2.475 0.99
      vertex 2.9924999999999997 2.6647490640826077 0.99
      vertex 3.15 2.645409273167823 0.99
    endloop
  endfacet
  facet normal 0 0 -1
    outer loop
      vertex -8.296366628056623 2.475 0.99
      vertex 3.15 2.645409273167823 0.99
      vertex 3.3075 2.64593306184701 0.99
    endloop
  endfacet
  facet normal 0 0 -1
    outer loop
      vertex 8.0325 -2.696549613019818 0.99
      vertex 7.875 -2.8038151944859417 0.99
      vertex 3.7800000000000002 -2.750244248213755 0.99
    endloop
  endfacet
  facet normal 0 0 -1
    outer loop
      vertex 7.875 -2.8038151944859417 0.99
      vertex 7.873047814591288 -2.805 0.99
      vertex 3.9375 -2.8051659371824265 0.99
    endloop
  endfacet
  facet normal 0 0 -1
    outer loop
      vertex 7.873047814591288 -2.805 0.99
      vertex 7.7175 -2.9053742011843156 0.99
      vertex 3.9375 -2.8051659371824265 0.99
    endloop
  endfacet
  facet normal 0 0 -1
    outer loop
      vertex 7.7175 -2.9053742011843156 0.99
      vertex 7.592425148724197 -2.97 0.99
      vertex 4.354829324922547 -2.97 0.99
    endloop
  endfacet
  facet normal 0 0 -1
    outer loop
      vertex 7.592425148724197 -2.97 0.99
      vertex 7.5600000000000005 -2.98825503964976 0.99
      vertex 4.354829324922547 -2.97 0.99
    endloop
  endfacet
  facet normal 0 0 -1
    outer loop
      vertex 8.942774853493466 -1.65 0.99
      vertex 8.844074937857114 -1.8150000000000002 0.99
      vertex -2.9924999999999997 -2.6647490640826077 0.99
    endloop
  endfacet
  facet normal 0 0 -1
    outer loop
      vertex 8.844074937857114 -1.8150000000000002 0.99
      vertex 8.82 -1.8510199582010838 0.99
      vertex -2.9924999999999997 -2.6647490640826077 0.99
    endloop
  endfacet
  facet normal 0 0 -1
    outer loop
      vertex 3.3075 -2.64593306184701 0.99
      vertex 3.15 -2.645409273167823 0.99
      vertex 8.6625 -2.074570018804785 0.99
    endloop
  endfacet
  facet normal 0 0 -1
    outer loop
      vertex 3.4650000000000003 -2.6657620636587454 0.99
      vertex 3.3075 -2.64593306184701 0.99
      vertex 8.505 -2.26360417770149 0.99
    endloop
  endfacet
  facet normal 0 0 -1
    outer loop
      vertex 2.8350000000000004 2.702044146248437 0.99
      vertex -8.296366628056623 2.475 0.99
      vertex 2.6775 2.7533199732440874 0.99
    endloop
  endfacet
  facet normal 0 0 -1
    outer loop
      vertex 2.6775 2.7533199732440874 0.99
      vertex -2.6775 2.753319973244088 0.99
      vertex -2.543436429377236 2.805 0.99
    endloop
  endfacet
  facet normal 0 0 -1
    outer loop
      vertex 2.6775 2.7533199732440874 0.99
      vertex -2.543436429377236 2.805 0.99
      vertex -2.52 2.8140511416313903 0.99
    endloop
  endfacet
  facet normal 0 0 -1
    outer loop
      vertex 2.6775 2.7533199732440874 0.99
      vertex -2.52 2.8140511416313903 0.99
      vertex -2.3625 2.883654939242748 0.99
    endloop
  endfacet
  facet normal 0 0 -1
    outer loop
      vertex -2.205 2.9535756488014617 0.99
      vertex -2.1690309482965686 2.97 0.99
      vertex 2.1690309482965686 2.97 0.99
    endloop
  endfacet
  facet normal 0 0 -1
    outer loop
      vertex 2.6775 2.7533199732440874 0.99
      vertex -2.3625 2.883654939242748 0.99
      vertex -2.205 2.9535756488014617 0.99
    endloop
  endfacet
  facet normal 0 0 -1
    outer loop
      vertex 3.6225 -2.7020346693370016 0.99
      vertex 3.4650000000000003 -2.6657620636587454 0.99
      vertex 8.3475 -2.427481600847447 0.99
    endloop
  endfacet
  facet normal 0 0 -1
    outer loop
      vertex 3.7800000000000002 -2.750244248213755 0.99
      vertex 3.6225 -2.7020346693370016 0.99
      vertex 8.19 -2.5711522162367886 0.99
    endloop
  endfacet
  facet normal 0 0 -1
    outer loop
      vertex 3.9375 -2.8051659371824265 0.99
      vertex 3.7800000000000002 -2.750244248213755 0.99
      vertex 7.875 -2.8038151944859417 0.99
    endloop
  endfacet
  facet normal 0 0 -1
    outer loop
      vertex 4.354829324922547 -2.97 0.99
      vertex 3.9375 -2.8051659371824265 0.99
      vertex 7.7175 -2.9053742011843156 0.99
    endloop
  endfacet
  facet normal 0.36560195064159035 0.9307713004208199 0
    outer loop
      vertex 4.354829324922547 -2.97 0.8999999999999999
      vertex 4.354829324922547 -2.97 0.99
      vertex 4.41 -2.9916707438415977 0.99
    endloop
  endfacet
  facet normal 0.3590106187864968 0.9333334750230148 0
    outer loop
      vertex 4.2525 -2.930638597839275 0.8999999999999999
      vertex 4.2525 -2.930638597839275 0.99
      vertex 4.354829324922547 -2.97 0.99
    endloop
  endfacet
  facet normal 0.3609579706012668 0.9325820840330439 -5.71137754667903e-19
    outer loop
      vertex 4.4315197216831335 -3 0.8999999999999999
      vertex 4.41 -2.9916707438415977 0.8999999999999999
      vertex 4.41 -2.9916707438415977 0.99
    endloop
  endfacet
  facet normal 0.36560195064159035 0.9307713004208199 0
    outer loop
      vertex 4.41 -2.9916707438415977 0.99
      vertex 4.41 -2.9916707438415977 0.8999999999999999
      vertex 4.354829324922547 -2.97 0.8999999999999999
    endloop
  endfacet
  facet normal 0.67059013801643 0.7418280574331935 3.0362010700535535e-18
    outer loop
      vertex -8.19 -2.5711522162367886 -0.8999999999999999
      vertex -8.296366628056623 -2.475 -0.8999999999999999
      vertex -8.296366628056623 -2.475 0.99
    endloop
  endfacet
  facet normal 0.3590106187864968 0.9333334750230148 0
    outer loop
      vertex 4.354829324922547 -2.97 0.99
      vertex 4.354829324922547 -2.97 0.8999999999999999
      vertex 4.2525 -2.930638597839275 0.8999999999999999
    endloop
  endfacet
  facet normal 0.6217762295901204 0.7831949440060846 -1.947476378810514e-18
    outer loop
      vertex -8.103278710919977 -2.64 -0.8999999999999999
      vertex -8.19 -2.5711522162367886 -0.8999999999999999
      vertex -8.19 -2.5711522162367886 0.99
    endloop
  endfacet
  facet normal 0 0 -1
    outer loop
      vertex 3.9370235096496855 -2.805 0.99
      vertex 3.7800000000000002 -2.750244248213755 0.99
      vertex 3.9375 -2.8051659371824265 0.99
    endloop
  endfacet
  facet normal 0.32887669830015753 0.9443728698534215 0
    outer loop
      vertex 3.9375 -2.8051659371824265 0.99
      vertex 3.9375 -2.8051659371824265 0.8999999999999999
      vertex 3.9370235096496855 -2.805 0.99
    endloop
  endfacet
  facet normal 0.3292655182316237 0.9442373740239581 0
    outer loop
      vertex 3.7800000000000002 -2.750244248213755 0.99
      vertex 3.9370235096496855 -2.805 0.99
      vertex 3.7800000000000002 -2.750244248213755 0.8999999999999999
    endloop
  endfacet
  facet normal 0.32887669830015753 0.9443728698534215 -8.722561191227834e-22
    outer loop
      vertex 3.9375 -2.8051659371824265 0.8999999999999999
      vertex 3.9370235096496855 -2.805 0.8999999999999999
      vertex 3.9370235096496855 -2.805 0.99
    endloop
  endfacet
  facet normal 0.3292655182316237 0.9442373740239581 0
    outer loop
      vertex 3.9370235096496855 -2.805 0.99
      vertex 3.9370235096496855 -2.805 0.8999999999999999
      vertex 3.7800000000000002 -2.750244248213755 0.8999999999999999
    endloop
  endfacet
  facet normal 0.3611108125189227 -0.9325229118267945 8.920531497742354e-20
    outer loop
      vertex -7.4025 3.0659073482655077 -0.8999999999999999
      vertex -7.245 3.126897756383538 -0.8999999999999999
      vertex -7.245 3.126897756383538 0.99
    endloop
  endfacet
  facet normal 0.308482093463812 -0.9512301498649967 2.1508002505786784e-20
    outer loop
      vertex -7.245 3.126897756383538 -0.8999999999999999
      vertex -7.2200160590425515 3.1350000000000002 -0.8999999999999999
      vertex -7.2200160590425515 3.1350000000000002 0.99
    endloop
  endfacet
  facet normal 0.3534196370935313 -0.935464889836426 1.0581904459046776e-18
    outer loop
      vertex -7.2200160590425515 3.1350000000000002 -0.8999999999999999
      vertex -7.0874999999999995 3.185064709006955 -0.8999999999999999
      vertex -7.0874999999999995 3.185064709006955 0.99
    endloop
  endfacet
  facet normal 0.2878078279236319 -0.9576881821270852 8.940885525515353e-19
    outer loop
      vertex -7.0874999999999995 3.185064709006955 -0.8999999999999999
      vertex -6.930000000000001 3.2323971641253753 -0.8999999999999999
      vertex -6.930000000000001 3.2323971641253753 0.99
    endloop
  endfacet
  facet normal 0.2253392945849999 -0.9742803509852463 -6.31570683064873e-19
    outer loop
      vertex -6.930000000000001 3.2323971641253753 -0.8999999999999999
      vertex -6.7725 3.268825014549791 -0.8999999999999999
      vertex -6.7725 3.268825014549791 0.99
    endloop
  endfacet
  facet normal 0.1702457596898938 -0.9854016345164093 -1.0391672637878394e-18
    outer loop
      vertex -6.7725 3.268825014549791 -0.8999999999999999
      vertex -6.615 3.296035956983753 -0.8999999999999999
      vertex -6.615 3.296035956983753 0.99
    endloop
  endfacet
  facet normal 0.12425553642661336 -0.9922502515330165 -5.753120434514966e-20
    outer loop
      vertex -6.615 3.296035956983753 -0.8999999999999999
      vertex -6.583344889949578 3.3 -0.8999999999999999
      vertex -6.583344889949578 3.3 0.99
    endloop
  endfacet
  facet normal 0 -1 0
    outer loop
      vertex -6.583344889949578 3.3 -0.8999999999999999
      vertex -5.515771732045114 3.3 -0.8999999999999999
      vertex -5.515771732045114 3.3 0.99
    endloop
  endfacet
  facet normal 0 0 -1
    outer loop
      vertex 4.354829324922547 -2.97 0.99
      vertex 4.2525 -2.930638597839275 0.99
      vertex 3.9375 -2.8051659371824265 0.99
    endloop
  endfacet
  facet normal -0.11890360862378259 -0.9929058021062432 1.1737103313183288e-20
    outer loop
      vertex -5.515771732045114 3.3 -0.8999999999999999
      vertex -5.5125 3.2996081997448408 -0.8999999999999999
      vertex -5.5125 3.2996081997448408 0.99
    endloop
  endfacet
  facet normal -0.15375981096585617 -0.9881082534478417 3.083892637463367e-19
    outer loop
      vertex -5.5125 3.2996081997448408 -0.8999999999999999
      vertex -5.355 3.275099579214023 -0.8999999999999999
      vertex -5.355 3.275099579214023 0.99
    endloop
  endfacet
  facet normal -0.19752600436366807 -0.9802976474521012 5.621518243716284e-21
    outer loop
      vertex -5.355 3.275099579214023 -0.8999999999999999
      vertex -5.1975 3.243363967312743 -0.8999999999999999
      vertex -5.1975 3.243363967312743 0.99
    endloop
  endfacet
  facet normal -0.287037468697843 -0.9579193554592864 8.1382252216251225e-19
    outer loop
      vertex -5.04 3.20400067340022 -0.8999999999999999
      vertex -4.8825 3.1568063025356348 -0.8999999999999999
      vertex -4.8825 3.1568063025356348 0.99
    endloop
  endfacet
  facet normal -0.3134237559483236 -0.9496133682753448 4.652421190967529e-19
    outer loop
      vertex -4.8825 3.1568063025356348 -0.8999999999999999
      vertex -4.816431120384157 3.1350000000000002 -0.8999999999999999
      vertex -4.816431120384157 3.1350000000000002 0.99
    endloop
  endfacet
  facet normal -0.2947957145975258 -0.9555602998528842 1.028447243406926e-18
    outer loop
      vertex -4.816431120384157 3.1350000000000002 -0.8999999999999999
      vertex -4.725 3.106792986298981 -0.8999999999999999
      vertex -4.725 3.106792986298981 0.99
    endloop
  endfacet
  facet normal -0.24246775951486327 -0.9701594640036464 1.2614587478167879e-18
    outer loop
      vertex -5.1975 3.243363967312743 -0.8999999999999999
      vertex -5.04 3.20400067340022 -0.8999999999999999
      vertex -5.04 3.20400067340022 0.99
    endloop
  endfacet
  facet normal -0.3251919484181428 -0.9456480300217476 1.5683565578360995e-18
    outer loop
      vertex -4.725 3.106792986298981 -0.8999999999999999
      vertex -4.5675 3.052631469275909 -0.8999999999999999
      vertex -4.5675 3.052631469275909 0.99
    endloop
  endfacet
  facet normal -0.36095797060124957 -0.9325820840330504 -1.4166634287007766e-18
    outer loop
      vertex -4.5675 3.052631469275909 -0.8999999999999999
      vertex -4.41 2.9916707438415977 -0.8999999999999999
      vertex -4.41 2.9916707438415977 0.99
    endloop
  endfacet
  facet normal 0 0 -1
    outer loop
      vertex 4.2525 -2.930638597839275 0.99
      vertex 4.095 -2.868271803812274 0.99
      vertex 3.9375 -2.8051659371824265 0.99
    endloop
  endfacet
  facet normal 0 0 -1
    outer loop
      vertex -1.7936340459088937 -3.1350000000000002 0.99
      vertex -2.1690309482965686 -2.97 0.99
      vertex 1.8900000000000001 -3.095419567426354 0.99
    endloop
  endfacet
  facet normal 0 0 -1
    outer loop
      vertex -1.353553262104925 -3.3 0.99
      vertex -1.7936340459088937 -3.1350000000000002 0.99
      vertex 1.353553262104925 -3.3 0.99
    endloop
  endfacet
  facet normal 0 0 -1
    outer loop
      vertex -1.7325000000000002 -3.1610311488052854 0.99
      vertex -1.7936340459088937 -3.1350000000000002 0.99
      vertex -1.575 -3.2245377604225376 0.99
    endloop
  endfacet
  facet normal 0 0 -1
    outer loop
      vertex -1.353553262104925 -3.3 0.99
      vertex -1.4175000000000002 -3.2798754537895842 0.99
      vertex -1.7936340459088937 -3.1350000000000002 0.99
    endloop
  endfacet
  facet normal 0 0 -1
    outer loop
      vertex -1.4175000000000002 -3.2798754537895842 0.99
      vertex -1.575 -3.2245377604225376 0.99
      vertex -1.7936340459088937 -3.1350000000000002 0.99
    endloop
  endfacet
  facet normal 0 0 -1
    outer loop
      vertex -1.7936340459088937 -3.1350000000000002 0.99
      vertex -1.8900000000000001 -3.0954195674263536 0.99
      vertex -2.1690309482965686 -2.97 0.99
    endloop
  endfacet
  facet normal 0 0 -1
    outer loop
      vertex -2.0475 -3.0261156634559767 0.99
      vertex -2.1690309482965686 -2.97 0.99
      vertex -1.8900000000000001 -3.0954195674263536 0.99
    endloop
  endfacet
  facet normal 0.3001931216112963 0.9538784459967976 0
    outer loop
      vertex -1.353553262104925 -3.3 0.99
      vertex -1.353553262104925 -3.3 -0.8999999999999999
      vertex -1.4175000000000002 -3.2798754537895842 0.99
    endloop
  endfacet
  facet normal 0.3917674598057969 0.9200642681015894 0
    outer loop
      vertex -1.7325000000000002 -3.1610311488052854 0.99
      vertex -1.7325000000000002 -3.1610311488052854 -0.8999999999999999
      vertex -1.7936340459088937 -3.1350000000000002 0.99
    endloop
  endfacet
  facet normal 0.3799316552344923 0.92501456061555 0
    outer loop
      vertex -1.7936340459088937 -3.1350000000000002 0.99
      vertex -1.7936340459088937 -3.1350000000000002 -0.8999999999999999
      vertex -1.8900000000000001 -3.0954195674263536 0.99
    endloop
  endfacet
  facet normal 0.3314852246940231 0.9434604103032375 0
    outer loop
      vertex -1.4175000000000002 -3.2798754537895842 0.99
      vertex -1.4175000000000002 -3.2798754537895842 -0.8999999999999999
      vertex -1.575 -3.2245377604225376 0.99
    endloop
  endfacet
  facet normal 0.3739609765367986 0.9274444393211078 0
    outer loop
      vertex -1.575 -3.2245377604225376 0.99
      vertex -1.575 -3.2245377604225376 -0.8999999999999999
      vertex -1.7325000000000002 -3.1610311488052854 0.99
    endloop
  endfacet
  facet normal 0.40275762206313315 0.9153066687564614 0
    outer loop
      vertex -1.8900000000000001 -3.0954195674263536 0.99
      vertex -1.8900000000000001 -3.0954195674263536 -0.8999999999999999
      vertex -2.0475 -3.0261156634559767 0.99
    endloop
  endfacet
  facet normal 0.41920878880622003 -0.9078898564185097 0
    outer loop
      vertex -2.0475 3.0261156634559767 0.99
      vertex -2.1690309482965686 2.97 -0.8999999999999999
      vertex -2.0475 3.0261156634559767 -0.8999999999999999
    endloop
  endfacet
  facet normal 0.40275762206313315 -0.9153066687564614 -1.7890707440207802e-18
    outer loop
      vertex -2.0475 3.0261156634559767 -0.8999999999999999
      vertex -1.8900000000000001 3.0954195674263536 -0.8999999999999999
      vertex -1.8900000000000001 3.0954195674263536 0.99
    endloop
  endfacet
  facet normal 0.3799316552344923 -0.92501456061555 -2.7163304218867774e-19
    outer loop
      vertex -1.8900000000000001 3.0954195674263536 -0.8999999999999999
      vertex -1.7936340459088937 3.1350000000000002 -0.8999999999999999
      vertex -1.7936340459088937 3.1350000000000002 0.99
    endloop
  endfacet
  facet normal 0.3917674598057969 -0.9200642681015894 2.338691631622713e-19
    outer loop
      vertex -1.7936340459088937 3.1350000000000002 -0.8999999999999999
      vertex -1.7325000000000002 3.1610311488052854 -0.8999999999999999
      vertex -1.7325000000000002 3.1610311488052854 0.99
    endloop
  endfacet
  facet normal 0.3739609765367986 -0.9274444393211078 1.909956946901945e-18
    outer loop
      vertex -1.7325000000000002 3.1610311488052854 -0.8999999999999999
      vertex -1.575 3.2245377604225376 -0.8999999999999999
      vertex -1.575 3.2245377604225376 0.99
    endloop
  endfacet
  facet normal 0.3314852246940231 -0.9434604103032375 -5.12486112785559e-19
    outer loop
      vertex -1.575 3.2245377604225376 -0.8999999999999999
      vertex -1.4175000000000002 3.2798754537895842 -0.8999999999999999
      vertex -1.4175000000000002 3.2798754537895842 0.99
    endloop
  endfacet
  facet normal 0.3001931216112963 -0.9538784459967976 7.133205035514968e-20
    outer loop
      vertex -1.4175000000000002 3.2798754537895842 -0.8999999999999999
      vertex -1.353553262104925 3.3 -0.8999999999999999
      vertex -1.353553262104925 3.3 0.99
    endloop
  endfacet
  facet normal 0.3681660552770666 0.9297600527779863 0
    outer loop
      vertex 4.095 -2.868271803812274 0.99
      vertex 4.2525 -2.930638597839275 0.99
      vertex 4.095 -2.868271803812274 0.8999999999999999
    endloop
  endfacet
  facet normal 0.44220579608221144 -0.8969136156349158 1.3457548539359875e-19
    outer loop
      vertex -7.5600000000000005 2.98825503964976 0.99
      vertex -7.4025 3.0659073482655077 -0.8999999999999999
      vertex -7.4025 3.0659073482655077 0.99
    endloop
  endfacet
  facet normal 0.3611108125189227 -0.9325229118267945 0
    outer loop
      vertex -7.4025 3.0659073482655077 0.99
      vertex -7.4025 3.0659073482655077 -0.8999999999999999
      vertex -7.245 3.126897756383538 0.99
    endloop
  endfacet
  facet normal 0.308482093463812 -0.9512301498649967 0
    outer loop
      vertex -7.245 3.126897756383538 0.99
      vertex -7.245 3.126897756383538 -0.8999999999999999
      vertex -7.2200160590425515 3.1350000000000002 0.99
    endloop
  endfacet
  facet normal 0.3534196370935313 -0.935464889836426 0
    outer loop
      vertex -7.2200160590425515 3.1350000000000002 0.99
      vertex -7.2200160590425515 3.1350000000000002 -0.8999999999999999
      vertex -7.0874999999999995 3.185064709006955 0.99
    endloop
  endfacet
  facet normal 0.2878078279236319 -0.9576881821270852 0
    outer loop
      vertex -7.0874999999999995 3.185064709006955 0.99
      vertex -7.0874999999999995 3.185064709006955 -0.8999999999999999
      vertex -6.930000000000001 3.2323971641253753 0.99
    endloop
  endfacet
  facet normal 0.2253392945849999 -0.9742803509852463 0
    outer loop
      vertex -6.930000000000001 3.2323971641253753 0.99
      vertex -6.930000000000001 3.2323971641253753 -0.8999999999999999
      vertex -6.7725 3.268825014549791 0.99
    endloop
  endfacet
  facet normal 0.1702457596898938 -0.9854016345164093 0
    outer loop
      vertex -6.7725 3.268825014549791 0.99
      vertex -6.7725 3.268825014549791 -0.8999999999999999
      vertex -6.615 3.296035956983753 0.99
    endloop
  endfacet
  facet normal 0.12425553642661336 -0.9922502515330165 0
    outer loop
      vertex -6.615 3.296035956983753 0.99
      vertex -6.615 3.296035956983753 -0.8999999999999999
      vertex -6.583344889949578 3.3 0.99
    endloop
  endfacet
  facet normal 0 -1 0
    outer loop
      vertex -6.583344889949578 3.3 0.99
      vertex -6.583344889949578 3.3 -0.8999999999999999
      vertex -5.515771732045114 3.3 0.99
    endloop
  endfacet
  facet normal -0.11890360862378259 -0.9929058021062432 0
    outer loop
      vertex -5.515771732045114 3.3 0.99
      vertex -5.515771732045114 3.3 -0.8999999999999999
      vertex -5.5125 3.2996081997448408 0.99
    endloop
  endfacet
  facet normal -0.15375981096585617 -0.9881082534478417 0
    outer loop
      vertex -5.5125 3.2996081997448408 0.99
      vertex -5.5125 3.2996081997448408 -0.8999999999999999
      vertex -5.355 3.275099579214023 0.99
    endloop
  endfacet
  facet normal -0.19752600436366807 -0.9802976474521012 0
    outer loop
      vertex -5.355 3.275099579214023 0.99
      vertex -5.355 3.275099579214023 -0.8999999999999999
      vertex -5.1975 3.243363967312743 0.99
    endloop
  endfacet
  facet normal -0.3134237559483236 -0.9496133682753448 0
    outer loop
      vertex -4.8825 3.1568063025356348 0.99
      vertex -4.8825 3.1568063025356348 -0.8999999999999999
      vertex -4.816431120384157 3.1350000000000002 0.99
    endloop
  endfacet
  facet normal -0.2947957145975258 -0.9555602998528842 0
    outer loop
      vertex -4.816431120384157 3.1350000000000002 0.99
      vertex -4.816431120384157 3.1350000000000002 -0.8999999999999999
      vertex -4.725 3.106792986298981 0.99
    endloop
  endfacet
  facet normal -0.24246775951486327 -0.9701594640036464 0
    outer loop
      vertex -5.1975 3.243363967312743 0.99
      vertex -5.1975 3.243363967312743 -0.8999999999999999
      vertex -5.04 3.20400067340022 0.99
    endloop
  endfacet
  facet normal -0.287037468697843 -0.9579193554592864 0
    outer loop
      vertex -5.04 3.20400067340022 0.99
      vertex -5.04 3.20400067340022 -0.8999999999999999
      vertex -4.8825 3.1568063025356348 0.99
    endloop
  endfacet
  facet normal -0.3251919484181428 -0.9456480300217476 0
    outer loop
      vertex -4.725 3.106792986298981 0.99
      vertex -4.725 3.106792986298981 -0.8999999999999999
      vertex -4.5675 3.052631469275909 0.99
    endloop
  endfacet
  facet normal -0.36095797060124957 -0.9325820840330504 0
    outer loop
      vertex -4.5675 3.052631469275909 0.99
      vertex -4.5675 3.052631469275909 -0.8999999999999999
      vertex -4.41 2.9916707438415977 0.99
    endloop
  endfacet
  facet normal 0 0 -1
    outer loop
      vertex -7.592425148724197 2.97 0.99
      vertex -7.4025 3.0659073482655077 0.99
      vertex -7.245 3.126897756383538 0.99
    endloop
  endfacet
  facet normal 0 0 -1
    outer loop
      vertex -7.245 3.126897756383538 0.99
      vertex -7.2200160590425515 3.1350000000000002 0.99
      vertex -7.592425148724197 2.97 0.99
    endloop
  endfacet
  facet normal 0 0 -1
    outer loop
      vertex -7.2200160590425515 3.1350000000000002 0.99
      vertex -7.0874999999999995 3.185064709006955 0.99
      vertex -6.930000000000001 3.2323971641253753 0.99
    endloop
  endfacet
  facet normal 0 0 -1
    outer loop
      vertex -6.930000000000001 3.2323971641253753 0.99
      vertex -6.7725 3.268825014549791 0.99
      vertex -7.2200160590425515 3.1350000000000002 0.99
    endloop
  endfacet
  facet normal 0 0 -1
    outer loop
      vertex -6.7725 3.268825014549791 0.99
      vertex -6.615 3.296035956983753 0.99
      vertex -7.2200160590425515 3.1350000000000002 0.99
    endloop
  endfacet
  facet normal 0 0 -1
    outer loop
      vertex -6.615 3.296035956983753 0.99
      vertex -6.583344889949578 3.3 0.99
      vertex -7.2200160590425515 3.1350000000000002 0.99
    endloop
  endfacet
  facet normal 0 0 -1
    outer loop
      vertex -7.592425148724197 2.97 0.99
      vertex -7.2200160590425515 3.1350000000000002 0.99
      vertex -4.816431120384157 3.1350000000000002 0.99
    endloop
  endfacet
  facet normal 0 0 -1
    outer loop
      vertex -6.583344889949578 3.3 0.99
      vertex -5.515771732045114 3.3 0.99
      vertex -7.2200160590425515 3.1350000000000002 0.99
    endloop
  endfacet
  facet normal 0 0 -1
    outer loop
      vertex -7.592425148724197 2.97 0.99
      vertex -4.725 3.106792986298981 0.99
      vertex -4.5675 3.052631469275909 0.99
    endloop
  endfacet
  facet normal 0 0 -1
    outer loop
      vertex -4.725 3.106792986298981 0.99
      vertex -7.592425148724197 2.97 0.99
      vertex -4.816431120384157 3.1350000000000002 0.99
    endloop
  endfacet
  facet normal 0 0 -1
    outer loop
      vertex -5.04 3.20400067340022 0.99
      vertex -4.8825 3.1568063025356348 0.99
      vertex -7.2200160590425515 3.1350000000000002 0.99
    endloop
  endfacet
  facet normal 0 0 -1
    outer loop
      vertex -4.8825 3.1568063025356348 0.99
      vertex -4.816431120384157 3.1350000000000002 0.99
      vertex -7.2200160590425515 3.1350000000000002 0.99
    endloop
  endfacet
  facet normal 0 0 -1
    outer loop
      vertex -5.515771732045114 3.3 0.99
      vertex -5.5125 3.2996081997448408 0.99
      vertex -7.2200160590425515 3.1350000000000002 0.99
    endloop
  endfacet
  facet normal 0 0 -1
    outer loop
      vertex -7.2200160590425515 3.1350000000000002 0.99
      vertex -5.5125 3.2996081997448408 0.99
      vertex -5.355 3.275099579214023 0.99
    endloop
  endfacet
  facet normal 0 0 -1
    outer loop
      vertex -7.2200160590425515 3.1350000000000002 0.99
      vertex -5.355 3.275099579214023 0.99
      vertex -5.1975 3.243363967312743 0.99
    endloop
  endfacet
  facet normal 0 0 -1
    outer loop
      vertex -5.04 3.20400067340022 0.99
      vertex -7.2200160590425515 3.1350000000000002 0.99
      vertex -5.1975 3.243363967312743 0.99
    endloop
  endfacet
  facet normal 0 0 -1
    outer loop
      vertex -4.5675 3.052631469275909 0.99
      vertex -4.41 2.9916707438415977 0.99
      vertex -7.592425148724197 2.97 0.99
    endloop
  endfacet
  facet normal 0.41920878880622003 0.9078898564185097 0
    outer loop
      vertex -2.0475 -3.0261156634559767 0.99
      vertex -2.0475 -3.0261156634559767 -0.8999999999999999
      vertex -2.1690309482965686 -2.97 0.99
    endloop
  endfacet
  facet normal 0.40275762206313315 -0.9153066687564614 0
    outer loop
      vertex -2.0475 3.0261156634559767 0.99
      vertex -2.0475 3.0261156634559767 -0.8999999999999999
      vertex -1.8900000000000001 3.0954195674263536 0.99
    endloop
  endfacet
  facet normal 0.3719285007533873 0.9282613803920411 0
    outer loop
      vertex 4.095 -2.868271803812274 0.99
      vertex 4.095 -2.868271803812274 0.8999999999999999
      vertex 3.9375 -2.8051659371824265 0.99
    endloop
  endfacet
  facet normal 0.3799316552344923 -0.92501456061555 0
    outer loop
      vertex -1.8900000000000001 3.0954195674263536 0.99
      vertex -1.8900000000000001 3.0954195674263536 -0.8999999999999999
      vertex -1.7936340459088937 3.1350000000000002 0.99
    endloop
  endfacet
  facet normal 0.3917674598057969 -0.9200642681015894 0
    outer loop
      vertex -1.7936340459088937 3.1350000000000002 0.99
      vertex -1.7936340459088937 3.1350000000000002 -0.8999999999999999
      vertex -1.7325000000000002 3.1610311488052854 0.99
    endloop
  endfacet
  facet normal 0.3739609765367986 -0.9274444393211078 0
    outer loop
      vertex -1.7325000000000002 3.1610311488052854 0.99
      vertex -1.7325000000000002 3.1610311488052854 -0.8999999999999999
      vertex -1.575 3.2245377604225376 0.99
    endloop
  endfacet
  facet normal 0.3314852246940231 -0.9434604103032375 0
    outer loop
      vertex -1.575 3.2245377604225376 0.99
      vertex -1.575 3.2245377604225376 -0.8999999999999999
      vertex -1.4175000000000002 3.2798754537895842 0.99
    endloop
  endfacet
  facet normal 0.3001931216112963 -0.9538784459967976 0
    outer loop
      vertex -1.4175000000000002 3.2798754537895842 0.99
      vertex -1.4175000000000002 3.2798754537895842 -0.8999999999999999
      vertex -1.353553262104925 3.3 0.99
    endloop
  endfacet
  facet normal 0 -1 0
    outer loop
      vertex -1.353553262104925 3.3 0.99
      vertex -1.353553262104925 3.3 -0.8999999999999999
      vertex 1.353553262104925 3.3 0.99
    endloop
  endfacet
  facet normal 0 0 -1
    outer loop
      vertex -2.1690309482965686 2.97 0.99
      vertex -2.0475 3.0261156634559767 0.99
      vertex -1.8900000000000001 3.0954195674263536 0.99
    endloop
  endfacet
  facet normal 0 0 -1
    outer loop
      vertex -2.1690309482965686 2.97 0.99
      vertex -1.8900000000000001 3.0954195674263536 0.99
      vertex -1.7936340459088937 3.1350000000000002 0.99
    endloop
  endfacet
  facet normal 0 0 -1
    outer loop
      vertex -1.7936340459088937 3.1350000000000002 0.99
      vertex -1.7325000000000002 3.1610311488052854 0.99
      vertex -1.575 3.2245377604225376 0.99
    endloop
  endfacet
  facet normal 0 0 -1
    outer loop
      vertex -1.575 3.2245377604225376 0.99
      vertex -1.4175000000000002 3.2798754537895842 0.99
      vertex -1.7936340459088937 3.1350000000000002 0.99
    endloop
  endfacet
  facet normal 0 0 -1
    outer loop
      vertex -1.4175000000000002 3.2798754537895842 0.99
      vertex -1.353553262104925 3.3 0.99
      vertex -1.7936340459088937 3.1350000000000002 0.99
    endloop
  endfacet
  facet normal 0 0 -1
    outer loop
      vertex -2.1690309482965686 2.97 0.99
      vertex -1.7936340459088937 3.1350000000000002 0.99
      vertex 1.7936340459088942 3.1350000000000002 0.99
    endloop
  endfacet
  facet normal 0 0 -1
    outer loop
      vertex -1.353553262104925 3.3 0.99
      vertex 1.353553262104925 3.3 0.99
      vertex -1.7936340459088937 3.1350000000000002 0.99
    endloop
  endfacet
  facet normal 0 0 -1
    outer loop
      vertex -4.41 -2.9916707438415977 0.99
      vertex -4.5675 -3.052631469275909 0.99
      vertex -7.592425148724197 -2.97 0.99
    endloop
  endfacet
  facet normal 0 0 -1
    outer loop
      vertex -4.725 -3.106792986298981 0.99
      vertex -4.816431120384157 -3.1350000000000002 0.99
      vertex -7.2200160590425515 -3.1350000000000002 0.99
    endloop
  endfacet
  facet normal 0 0 -1
    outer loop
      vertex -4.5675 -3.052631469275909 0.99
      vertex -4.725 -3.106792986298981 0.99
      vertex -7.592425148724197 -2.97 0.99
    endloop
  endfacet
  facet normal 0 0 -1
    outer loop
      vertex -4.816431120384157 -3.1350000000000002 0.99
      vertex -4.8825 -3.1568063025356348 0.99
      vertex -7.2200160590425515 -3.1350000000000002 0.99
    endloop
  endfacet
  facet normal 0 0 -1
    outer loop
      vertex -4.8825 -3.1568063025356348 0.99
      vertex -5.04 -3.20400067340022 0.99
      vertex -7.2200160590425515 -3.1350000000000002 0.99
    endloop
  endfacet
  facet normal 0 0 -1
    outer loop
      vertex -5.04 -3.20400067340022 0.99
      vertex -5.1975 -3.243363967312743 0.99
      vertex -7.2200160590425515 -3.1350000000000002 0.99
    endloop
  endfacet
  facet normal 0 0 -1
    outer loop
      vertex -5.1975 -3.243363967312743 0.99
      vertex -5.355 -3.275099579214023 0.99
      vertex -7.2200160590425515 -3.1350000000000002 0.99
    endloop
  endfacet
  facet normal 0 0 -1
    outer loop
      vertex -5.355 -3.275099579214023 0.99
      vertex -5.5125 -3.2996081997448408 0.99
      vertex -7.2200160590425515 -3.1350000000000002 0.99
    endloop
  endfacet
  facet normal 0 0 -1
    outer loop
      vertex -5.5125 -3.2996081997448408 0.99
      vertex -5.515771732045114 -3.3 0.99
      vertex -7.2200160590425515 -3.1350000000000002 0.99
    endloop
  endfacet
  facet normal 0 0 -1
    outer loop
      vertex -7.2200160590425515 -3.1350000000000002 0.99
      vertex -7.592425148724197 -2.97 0.99
      vertex -4.725 -3.106792986298981 0.99
    endloop
  endfacet
  facet normal 0 0 -1
    outer loop
      vertex -5.515771732045114 -3.3 0.99
      vertex -6.583344889949578 -3.3 0.99
      vertex -7.2200160590425515 -3.1350000000000002 0.99
    endloop
  endfacet
  facet normal 0 0 -1
    outer loop
      vertex -6.7725 -3.268825014549791 0.99
      vertex -7.2200160590425515 -3.1350000000000002 0.99
      vertex -6.615 -3.296035956983753 0.99
    endloop
  endfacet
  facet normal 0 0 -1
    outer loop
      vertex -6.583344889949578 -3.3 0.99
      vertex -6.615 -3.296035956983753 0.99
      vertex -7.2200160590425515 -3.1350000000000002 0.99
    endloop
  endfacet
  facet normal -0.3001931216112963 0.9538784459967976 7.133205035514968e-20
    outer loop
      vertex 1.4175000000000002 -3.2798754537895842 -0.8999999999999999
      vertex 1.353553262104925 -3.3 -0.8999999999999999
      vertex 1.353553262104925 -3.3 0.99
    endloop
  endfacet
  facet normal -0.3314852246940231 0.9434604103032375 -5.12486112785559e-19
    outer loop
      vertex 1.575 -3.2245377604225376 -0.8999999999999999
      vertex 1.4175000000000002 -3.2798754537895842 -0.8999999999999999
      vertex 1.4175000000000002 -3.2798754537895842 0.99
    endloop
  endfacet
  facet normal -0.3739609765367986 0.9274444393211078 1.909956946901945e-18
    outer loop
      vertex 1.7325000000000002 -3.1610311488052854 -0.8999999999999999
      vertex 1.575 -3.2245377604225376 -0.8999999999999999
      vertex 1.575 -3.2245377604225376 0.99
    endloop
  endfacet
  facet normal -0.3917674598057945 0.9200642681015905 7.722374972592669e-19
    outer loop
      vertex 1.7936340459088942 -3.1350000000000002 -0.8999999999999999
      vertex 1.7325000000000002 -3.1610311488052854 -0.8999999999999999
      vertex 1.7325000000000002 -3.1610311488052854 0.99
    endloop
  endfacet
  facet normal -0.3799316552344901 0.9250145606155509 -7.321942143078701e-19
    outer loop
      vertex 1.8900000000000001 -3.095419567426354 -0.8999999999999999
      vertex 1.7936340459088942 -3.1350000000000002 -0.8999999999999999
      vertex 1.7936340459088942 -3.1350000000000002 0.99
    endloop
  endfacet
  facet normal -0.402757622063131 0.9153066687564623 0
    outer loop
      vertex 1.8900000000000001 -3.095419567426354 -0.8999999999999999
      vertex 1.8900000000000001 -3.095419567426354 0.99
      vertex 2.0475 -3.0261156634559776 -0.8999999999999999
    endloop
  endfacet
  facet normal -0.41920878880622603 0.9078898564185068 0
    outer loop
      vertex 2.0475 -3.0261156634559776 -0.8999999999999999
      vertex 2.0475 -3.0261156634559776 0.99
      vertex 2.104059276853046 -3 -0.8999999999999999
    endloop
  endfacet
  facet normal 0.36095797060124685 0.9325820840330514 7.044665969220662e-19
    outer loop
      vertex 4.5675 -3.052631469275909 -0.8999999999999999
      vertex 4.4315197216831335 -3 -0.8999999999999999
      vertex 4.4315197216831335 -3 0.8999999999999999
    endloop
  endfacet
  facet normal 0.3251919484181428 0.9456480300217476 1.5683565578360995e-18
    outer loop
      vertex 4.725 -3.106792986298981 -0.8999999999999999
      vertex 4.5675 -3.052631469275909 -0.8999999999999999
      vertex 4.5675 -3.052631469275909 0.99
    endloop
  endfacet
  facet normal 0.24246775951486327 0.9701594640036464 1.2614587478167879e-18
    outer loop
      vertex 5.1975 -3.243363967312743 -0.8999999999999999
      vertex 5.04 -3.20400067340022 -0.8999999999999999
      vertex 5.04 -3.20400067340022 0.99
    endloop
  endfacet
  facet normal 0.2947957145975258 0.9555602998528842 1.028447243406926e-18
    outer loop
      vertex 4.816431120384157 -3.1350000000000002 -0.8999999999999999
      vertex 4.725 -3.106792986298981 -0.8999999999999999
      vertex 4.725 -3.106792986298981 0.99
    endloop
  endfacet
  facet normal 0.3134237559483236 0.9496133682753448 4.652421190967529e-19
    outer loop
      vertex 4.8825 -3.1568063025356348 -0.8999999999999999
      vertex 4.816431120384157 -3.1350000000000002 -0.8999999999999999
      vertex 4.816431120384157 -3.1350000000000002 0.99
    endloop
  endfacet
  facet normal 0.287037468697843 0.9579193554592864 8.1382252216251225e-19
    outer loop
      vertex 5.04 -3.20400067340022 -0.8999999999999999
      vertex 4.8825 -3.1568063025356348 -0.8999999999999999
      vertex 4.8825 -3.1568063025356348 0.99
    endloop
  endfacet
  facet normal 0.19752600436366807 0.9802976474521012 5.621518243716284e-21
    outer loop
      vertex 5.355 -3.275099579214023 -0.8999999999999999
      vertex 5.1975 -3.243363967312743 -0.8999999999999999
      vertex 5.1975 -3.243363967312743 0.99
    endloop
  endfacet
  facet normal 0.15375981096585617 0.9881082534478417 3.083892637463367e-19
    outer loop
      vertex 5.5125 -3.2996081997448408 -0.8999999999999999
      vertex 5.355 -3.275099579214023 -0.8999999999999999
      vertex 5.355 -3.275099579214023 0.99
    endloop
  endfacet
  facet normal 0.11890360862378259 0.9929058021062432 1.1737103313183288e-20
    outer loop
      vertex 5.515771732045114 -3.3 -0.8999999999999999
      vertex 5.5125 -3.2996081997448408 -0.8999999999999999
      vertex 5.5125 -3.2996081997448408 0.99
    endloop
  endfacet
  facet normal 0 1 0
    outer loop
      vertex 5.515771732045114 -3.3 -0.8999999999999999
      vertex 5.515771732045114 -3.3 0.99
      vertex 6.583344889949579 -3.3 -0.8999999999999999
    endloop
  endfacet
  facet normal -0.12425553642661678 0.992250251533016 0
    outer loop
      vertex 6.583344889949579 -3.3 -0.8999999999999999
      vertex 6.583344889949579 -3.3 0.99
      vertex 6.615 -3.296035956983753 -0.8999999999999999
    endloop
  endfacet
  facet normal -0.1702457596898938 0.9854016345164093 0
    outer loop
      vertex 6.615 -3.296035956983753 -0.8999999999999999
      vertex 6.615 -3.296035956983753 0.99
      vertex 6.7725 -3.268825014549791 -0.8999999999999999
    endloop
  endfacet
  facet normal -0.2253392945849999 0.9742803509852463 0
    outer loop
      vertex 6.7725 -3.268825014549791 -0.8999999999999999
      vertex 6.7725 -3.268825014549791 0.99
      vertex 6.930000000000001 -3.2323971641253753 -0.8999999999999999
    endloop
  endfacet
  facet normal -0.2878078279236319 0.9576881821270852 0
    outer loop
      vertex 6.930000000000001 -3.2323971641253753 -0.8999999999999999
      vertex 6.930000000000001 -3.2323971641253753 0.99
      vertex 7.0874999999999995 -3.185064709006955 -0.8999999999999999
    endloop
  endfacet
  facet normal -0.3534196370935313 0.935464889836426 0
    outer loop
      vertex 7.0874999999999995 -3.185064709006955 -0.8999999999999999
      vertex 7.0874999999999995 -3.185064709006955 0.99
      vertex 7.2200160590425515 -3.1350000000000002 -0.8999999999999999
    endloop
  endfacet
  facet normal -0.308482093463812 0.9512301498649967 0
    outer loop
      vertex 7.2200160590425515 -3.1350000000000002 -0.8999999999999999
      vertex 7.2200160590425515 -3.1350000000000002 0.99
      vertex 7.245 -3.126897756383538 -0.8999999999999999
    endloop
  endfacet
  facet normal -0.3611108125189227 0.9325229118267945 0
    outer loop
      vertex 7.245 -3.126897756383538 -0.8999999999999999
      vertex 7.245 -3.126897756383538 0.99
      vertex 7.4025 -3.0659073482655077 -0.8999999999999999
    endloop
  endfacet
  facet normal -0.44220579608221183 0.8969136156349158 9.553278098643318e-19
    outer loop
      vertex 7.536178026279728 -3 -0.8999999999999999
      vertex 7.4025 -3.0659073482655077 -0.8999999999999999
      vertex 7.4025 -3.0659073482655077 0.99
    endloop
  endfacet
  facet normal 0 1 0
    outer loop
      vertex 1.353553262104925 -3.3 -0.8999999999999999
      vertex -1.353553262104925 -3.3 0.99
      vertex 1.353553262104925 -3.3 0.99
    endloop
  endfacet
  facet normal -0.3001931216112963 0.9538784459967976 0
    outer loop
      vertex 1.4175000000000002 -3.2798754537895842 0.99
      vertex 1.4175000000000002 -3.2798754537895842 -0.8999999999999999
      vertex 1.353553262104925 -3.3 0.99
    endloop
  endfacet
  facet normal -0.3314852246940231 0.9434604103032375 0
    outer loop
      vertex 1.575 -3.2245377604225376 0.99
      vertex 1.575 -3.2245377604225376 -0.8999999999999999
      vertex 1.4175000000000002 -3.2798754537895842 0.99
    endloop
  endfacet
  facet normal -0.3739609765367986 0.9274444393211078 0
    outer loop
      vertex 1.7325000000000002 -3.1610311488052854 0.99
      vertex 1.7325000000000002 -3.1610311488052854 -0.8999999999999999
      vertex 1.575 -3.2245377604225376 0.99
    endloop
  endfacet
  facet normal -0.3917674598057945 0.9200642681015905 0
    outer loop
      vertex 1.7936340459088942 -3.1350000000000002 0.99
      vertex 1.7936340459088942 -3.1350000000000002 -0.8999999999999999
      vertex 1.7325000000000002 -3.1610311488052854 0.99
    endloop
  endfacet
  facet normal -0.3799316552344901 0.9250145606155509 0
    outer loop
      vertex 1.8900000000000001 -3.095419567426354 0.99
      vertex 1.8900000000000001 -3.095419567426354 -0.8999999999999999
      vertex 1.7936340459088942 -3.1350000000000002 0.99
    endloop
  endfacet
  facet normal -0.41920878880622603 0.9078898564185068 0
    outer loop
      vertex 2.104059276853046 -3 -0.8999999999999999
      vertex 2.0475 -3.0261156634559776 0.99
      vertex 2.104059276853046 -3 0.8999999999999999
    endloop
  endfacet
  facet normal -0.402757622063131 0.9153066687564623 0
    outer loop
      vertex 2.0475 -3.0261156634559776 0.99
      vertex 2.0475 -3.0261156634559776 -0.8999999999999999
      vertex 1.8900000000000001 -3.095419567426354 0.99
    endloop
  endfacet
  facet normal 0 0 -1
    outer loop
      vertex 1.353553262104925 -3.3 0.99
      vertex -1.7936340459088937 -3.1350000000000002 0.99
      vertex 1.4175000000000002 -3.2798754537895842 0.99
    endloop
  endfacet
  facet normal 0 0 -1
    outer loop
      vertex 1.575 -3.2245377604225376 0.99
      vertex 1.4175000000000002 -3.2798754537895842 0.99
      vertex -1.7936340459088937 -3.1350000000000002 0.99
    endloop
  endfacet
  facet normal 0 0 -1
    outer loop
      vertex 1.7325000000000002 -3.1610311488052854 0.99
      vertex 1.575 -3.2245377604225376 0.99
      vertex -1.7936340459088937 -3.1350000000000002 0.99
    endloop
  endfacet
  facet normal 0 0 -1
    outer loop
      vertex 1.7936340459088942 -3.1350000000000002 0.99
      vertex 1.7325000000000002 -3.1610311488052854 0.99
      vertex -1.7936340459088937 -3.1350000000000002 0.99
    endloop
  endfacet
  facet normal 0 0 -1
    outer loop
      vertex 1.8900000000000001 -3.095419567426354 0.99
      vertex 1.7936340459088942 -3.1350000000000002 0.99
      vertex -1.7936340459088937 -3.1350000000000002 0.99
    endloop
  endfacet
  facet normal 0 0 -1
    outer loop
      vertex 1.8900000000000001 -3.095419567426354 0.99
      vertex -2.1690309482965686 -2.97 0.99
      vertex 2.0475 -3.0261156634559776 0.99
    endloop
  endfacet
  facet normal 0 0 -1
    outer loop
      vertex -6.7725 -3.268825014549791 0.99
      vertex -6.930000000000001 -3.2323971641253753 0.99
      vertex -7.2200160590425515 -3.1350000000000002 0.99
    endloop
  endfacet
  facet normal 0.36095797060124685 0.9325820840330515 6.709205684972058e-19
    outer loop
      vertex 4.4315197216831335 -3 0.8999999999999999
      vertex 4.5675 -3.052631469275909 0.99
      vertex 4.5675 -3.052631469275909 -0.8999999999999999
    endloop
  endfacet
  facet normal 0.3251919484181428 0.9456480300217476 0
    outer loop
      vertex 4.725 -3.106792986298981 0.99
      vertex 4.725 -3.106792986298981 -0.8999999999999999
      vertex 4.5675 -3.052631469275909 0.99
    endloop
  endfacet
  facet normal 0.287037468697843 0.9579193554592864 0
    outer loop
      vertex 5.04 -3.20400067340022 0.99
      vertex 5.04 -3.20400067340022 -0.8999999999999999
      vertex 4.8825 -3.1568063025356348 0.99
    endloop
  endfacet
  facet normal 0.24246775951486327 0.9701594640036464 0
    outer loop
      vertex 5.1975 -3.243363967312743 0.99
      vertex 5.1975 -3.243363967312743 -0.8999999999999999
      vertex 5.04 -3.20400067340022 0.99
    endloop
  endfacet
  facet normal 0.2947957145975258 0.9555602998528842 0
    outer loop
      vertex 4.816431120384157 -3.1350000000000002 0.99
      vertex 4.816431120384157 -3.1350000000000002 -0.8999999999999999
      vertex 4.725 -3.106792986298981 0.99
    endloop
  endfacet
  facet normal 0.3134237559483236 0.9496133682753448 0
    outer loop
      vertex 4.8825 -3.1568063025356348 0.99
      vertex 4.8825 -3.1568063025356348 -0.8999999999999999
      vertex 4.816431120384157 -3.1350000000000002 0.99
    endloop
  endfacet
  facet normal 0.19752600436366807 0.9802976474521012 0
    outer loop
      vertex 5.355 -3.275099579214023 0.99
      vertex 5.355 -3.275099579214023 -0.8999999999999999
      vertex 5.1975 -3.243363967312743 0.99
    endloop
  endfacet
  facet normal 0.15375981096585617 0.9881082534478417 0
    outer loop
      vertex 5.5125 -3.2996081997448408 0.99
      vertex 5.5125 -3.2996081997448408 -0.8999999999999999
      vertex 5.355 -3.275099579214023 0.99
    endloop
  endfacet
  facet normal 0.11890360862378259 0.9929058021062432 0
    outer loop
      vertex 5.515771732045114 -3.3 0.99
      vertex 5.515771732045114 -3.3 -0.8999999999999999
      vertex 5.5125 -3.2996081997448408 0.99
    endloop
  endfacet
  facet normal 0 1 0
    outer loop
      vertex 6.583344889949579 -3.3 0.99
      vertex 6.583344889949579 -3.3 -0.8999999999999999
      vertex 5.515771732045114 -3.3 0.99
    endloop
  endfacet
  facet normal -0.12425553642661678 0.992250251533016 0
    outer loop
      vertex 6.615 -3.296035956983753 0.99
      vertex 6.615 -3.296035956983753 -0.8999999999999999
      vertex 6.583344889949579 -3.3 0.99
    endloop
  endfacet
  facet normal -0.1702457596898938 0.9854016345164093 0
    outer loop
      vertex 6.7725 -3.268825014549791 0.99
      vertex 6.7725 -3.268825014549791 -0.8999999999999999
      vertex 6.615 -3.296035956983753 0.99
    endloop
  endfacet
  facet normal -0.2253392945849999 0.9742803509852463 0
    outer loop
      vertex 6.930000000000001 -3.2323971641253753 0.99
      vertex 6.930000000000001 -3.2323971641253753 -0.8999999999999999
      vertex 6.7725 -3.268825014549791 0.99
    endloop
  endfacet
  facet normal -0.2878078279236319 0.9576881821270852 0
    outer loop
      vertex 7.0874999999999995 -3.185064709006955 0.99
      vertex 7.0874999999999995 -3.185064709006955 -0.8999999999999999
      vertex 6.930000000000001 -3.2323971641253753 0.99
    endloop
  endfacet
  facet normal -0.3534196370935313 0.935464889836426 0
    outer loop
      vertex 7.2200160590425515 -3.1350000000000002 0.99
      vertex 7.2200160590425515 -3.1350000000000002 -0.8999999999999999
      vertex 7.0874999999999995 -3.185064709006955 0.99
    endloop
  endfacet
  facet normal 0 0 -1
    outer loop
      vertex -8.296366628056623 2.475 0.99
      vertex 2.8350000000000004 2.702044146248437 0.99
      vertex 2.9924999999999997 2.6647490640826077 0.99
    endloop
  endfacet
  facet normal -0.44220579608221183 0.8969136156349158 1.0030942003575485e-18
    outer loop
      vertex 7.4025 -3.0659073482655077 0.99
      vertex 7.536178026279728 -3 0.8999999999999999
      vertex 7.536178026279728 -3 -0.8999999999999999
    endloop
  endfacet
  facet normal 0.3719285007533873 0.9282613803920411 2.349891317506651e-17
    outer loop
      vertex 4.095 -2.868271803812274 0.8999999999999999
      vertex 3.9375 -2.8051659371824265 0.8999999999999999
      vertex 3.9375 -2.8051659371824265 0.99
    endloop
  endfacet
  facet normal 0.36095797060124957 0.9325820840330503 -4.716779973640064e-15
    outer loop
      vertex 4.4315197216831335 -3 0.8999999999999999
      vertex 4.41 -2.9916707438415977 0.99
      vertex 4.5675 -3.052631469275909 0.99
    endloop
  endfacet
  facet normal 0 0 -1
    outer loop
      vertex 4.41 -2.9916707438415977 0.99
      vertex 4.354829324922547 -2.97 0.99
      vertex 4.5675 -3.052631469275909 0.99
    endloop
  endfacet
  facet normal 0 0 -1
    outer loop
      vertex 4.725 -3.106792986298981 0.99
      vertex 4.5675 -3.052631469275909 0.99
      vertex 4.354829324922547 -2.97 0.99
    endloop
  endfacet
  facet normal 0 0 -1
    outer loop
      vertex 4.816431120384157 -3.1350000000000002 0.99
      vertex 4.725 -3.106792986298981 0.99
      vertex 4.354829324922547 -2.97 0.99
    endloop
  endfacet
  facet normal 0 0 -1
    outer loop
      vertex 5.1975 -3.243363967312743 0.99
      vertex 5.04 -3.20400067340022 0.99
      vertex 4.816431120384157 -3.1350000000000002 0.99
    endloop
  endfacet
  facet normal 0 0 -1
    outer loop
      vertex 5.355 -3.275099579214023 0.99
      vertex 5.1975 -3.243363967312743 0.99
      vertex 4.816431120384157 -3.1350000000000002 0.99
    endloop
  endfacet
  facet normal 0 0 -1
    outer loop
      vertex 4.816431120384157 -3.1350000000000002 0.99
      vertex 5.04 -3.20400067340022 0.99
      vertex 4.8825 -3.1568063025356348 0.99
    endloop
  endfacet
  facet normal 0 0 -1
    outer loop
      vertex 5.5125 -3.2996081997448408 0.99
      vertex 5.355 -3.275099579214023 0.99
      vertex 4.816431120384157 -3.1350000000000002 0.99
    endloop
  endfacet
  facet normal 0 0 -1
    outer loop
      vertex 5.515771732045114 -3.3 0.99
      vertex 5.5125 -3.2996081997448408 0.99
      vertex 4.816431120384157 -3.1350000000000002 0.99
    endloop
  endfacet
  facet normal 0 0 -1
    outer loop
      vertex 4.816431120384157 -3.1350000000000002 0.99
      vertex 4.354829324922547 -2.97 0.99
      vertex 7.245 -3.126897756383538 0.99
    endloop
  endfacet
  facet normal 0 0 -1
    outer loop
      vertex 6.583344889949579 -3.3 0.99
      vertex 5.515771732045114 -3.3 0.99
      vertex 4.816431120384157 -3.1350000000000002 0.99
    endloop
  endfacet
  facet normal 0 0 -1
    outer loop
      vertex 6.615 -3.296035956983753 0.99
      vertex 6.583344889949579 -3.3 0.99
      vertex 4.816431120384157 -3.1350000000000002 0.99
    endloop
  endfacet
  facet normal 0 0 -1
    outer loop
      vertex 6.7725 -3.268825014549791 0.99
      vertex 6.615 -3.296035956983753 0.99
      vertex 4.816431120384157 -3.1350000000000002 0.99
    endloop
  endfacet
  facet normal 0 0 -1
    outer loop
      vertex 6.930000000000001 -3.2323971641253753 0.99
      vertex 6.7725 -3.268825014549791 0.99
      vertex 4.816431120384157 -3.1350000000000002 0.99
    endloop
  endfacet
  facet normal 0 0 -1
    outer loop
      vertex 7.0874999999999995 -3.185064709006955 0.99
      vertex 6.930000000000001 -3.2323971641253753 0.99
      vertex 4.816431120384157 -3.1350000000000002 0.99
    endloop
  endfacet
  facet normal 0 0 -1
    outer loop
      vertex 7.2200160590425515 -3.1350000000000002 0.99
      vertex 7.0874999999999995 -3.185064709006955 0.99
      vertex 4.816431120384157 -3.1350000000000002 0.99
    endloop
  endfacet
  facet normal 0 0 -1
    outer loop
      vertex 7.245 -3.126897756383538 0.99
      vertex 7.2200160590425515 -3.1350000000000002 0.99
      vertex 4.816431120384157 -3.1350000000000002 0.99
    endloop
  endfacet
  facet normal 0 0 -1
    outer loop
      vertex 7.4025 -3.0659073482655077 0.99
      vertex 7.245 -3.126897756383538 0.99
      vertex 4.354829324922547 -2.97 0.99
    endloop
  endfacet
  facet normal 0 0 -1
    outer loop
      vertex 7.5600000000000005 -2.98825503964976 0.99
      vertex 7.4025 -3.0659073482655077 0.99
      vertex 4.354829324922547 -2.97 0.99
    endloop
  endfacet
  facet normal -0.4422057960822115 0.896913615634916 6.779084699008813e-16
    outer loop
      vertex 7.4025 -3.0659073482655077 0.99
      vertex 7.5600000000000005 -2.98825503964976 0.99
      vertex 7.536178026279728 -3 0.8999999999999999
    endloop
  endfacet
  facet normal 0.3681660552770666 0.9297600527779863 0
    outer loop
      vertex 4.2525 -2.930638597839275 0.99
      vertex 4.2525 -2.930638597839275 0.8999999999999999
      vertex 4.095 -2.868271803812274 0.8999999999999999
    endloop
  endfacet
  facet normal 0 0 -1
    outer loop
      vertex -2.9924999999999997 -2.6647490640826077 0.99
      vertex 1.5 -1.65 0.99
      vertex 8.942774853493466 -1.65 0.99
    endloop
  endfacet
  facet normal 0 0 -1
    outer loop
      vertex 3.15 -2.645409273167823 0.99
      vertex -2.9924999999999997 -2.6647490640826077 0.99
      vertex 8.82 -1.8510199582010838 0.99
    endloop
  endfacet
  facet normal 0.2926881444497452 0.9562079533755015 0
    outer loop
      vertex 3.6225 -2.7020346693370016 0.8999999999999999
      vertex 3.6225 -2.7020346693370016 0.99
      vertex 3.7800000000000002 -2.750244248213755 0.99
    endloop
  endfacet
  facet normal 0.22442743286421674 0.9744908041525981 0
    outer loop
      vertex 3.4650000000000003 -2.6657620636587454 0.8999999999999999
      vertex 3.4650000000000003 -2.6657620636587454 0.99
      vertex 3.6225 -2.7020346693370016 0.99
    endloop
  endfacet
  facet normal 0 0 -1
    outer loop
      vertex -7.0874999999999995 -3.185064709006955 0.99
      vertex -7.2200160590425515 -3.1350000000000002 0.99
      vertex -6.930000000000001 -3.2323971641253753 0.99
    endloop
  endfacet
  facet normal 0 0 -1
    outer loop
      vertex -7.2200160590425515 -3.1350000000000002 0.99
      vertex -7.245 -3.126897756383538 0.99
      vertex -7.592425148724197 -2.97 0.99
    endloop
  endfacet
  facet normal 0 0 -1
    outer loop
      vertex -7.245 -3.126897756383538 0.99
      vertex -7.4025 -3.0659073482655077 0.99
      vertex -7.592425148724197 -2.97 0.99
    endloop
  endfacet
  facet normal -0.36095797060124957 0.9325820840330504 0
    outer loop
      vertex -4.41 -2.9916707438415977 -0.8999999999999999
      vertex -4.5675 -3.052631469275909 0.99
      vertex -4.41 -2.9916707438415977 0.99
    endloop
  endfacet
  facet normal -0.3251919484181428 0.9456480300217476 0
    outer loop
      vertex -4.5675 -3.052631469275909 0.99
      vertex -4.5675 -3.052631469275909 -0.8999999999999999
      vertex -4.725 -3.106792986298981 0.99
    endloop
  endfacet
  facet normal -0.2947957145975258 0.9555602998528842 0
    outer loop
      vertex -4.725 -3.106792986298981 0.99
      vertex -4.725 -3.106792986298981 -0.8999999999999999
      vertex -4.816431120384157 -3.1350000000000002 0.99
    endloop
  endfacet
  facet normal -0.3134237559483236 0.9496133682753448 0
    outer loop
      vertex -4.816431120384157 -3.1350000000000002 0.99
      vertex -4.816431120384157 -3.1350000000000002 -0.8999999999999999
      vertex -4.8825 -3.1568063025356348 0.99
    endloop
  endfacet
  facet normal -0.287037468697843 0.9579193554592864 0
    outer loop
      vertex -4.8825 -3.1568063025356348 0.99
      vertex -4.8825 -3.1568063025356348 -0.8999999999999999
      vertex -5.04 -3.20400067340022 0.99
    endloop
  endfacet
  facet normal -0.24246775951486327 0.9701594640036464 0
    outer loop
      vertex -5.04 -3.20400067340022 0.99
      vertex -5.04 -3.20400067340022 -0.8999999999999999
      vertex -5.1975 -3.243363967312743 0.99
    endloop
  endfacet
  facet normal -0.19752600436366807 0.9802976474521012 0
    outer loop
      vertex -5.1975 -3.243363967312743 0.99
      vertex -5.1975 -3.243363967312743 -0.8999999999999999
      vertex -5.355 -3.275099579214023 0.99
    endloop
  endfacet
  facet normal -0.15375981096585617 0.9881082534478417 0
    outer loop
      vertex -5.355 -3.275099579214023 0.99
      vertex -5.355 -3.275099579214023 -0.8999999999999999
      vertex -5.5125 -3.2996081997448408 0.99
    endloop
  endfacet
  facet normal -0.11890360862378259 0.9929058021062432 0
    outer loop
      vertex -5.5125 -3.2996081997448408 0.99
      vertex -5.5125 -3.2996081997448408 -0.8999999999999999
      vertex -5.515771732045114 -3.3 0.99
    endloop
  endfacet
  facet normal 0 1 0
    outer loop
      vertex -5.515771732045114 -3.3 0.99
      vertex -5.515771732045114 -3.3 -0.8999999999999999
      vertex -6.583344889949578 -3.3 0.99
    endloop
  endfacet
  facet normal 0.12425553642661336 0.9922502515330165 0
    outer loop
      vertex -6.583344889949578 -3.3 0.99
      vertex -6.583344889949578 -3.3 -0.8999999999999999
      vertex -6.615 -3.296035956983753 0.99
    endloop
  endfacet
  facet normal 0.1702457596898938 0.9854016345164093 0
    outer loop
      vertex -6.615 -3.296035956983753 0.99
      vertex -6.615 -3.296035956983753 -0.8999999999999999
      vertex -6.7725 -3.268825014549791 0.99
    endloop
  endfacet
  facet normal 0.2253392945849999 0.9742803509852463 0
    outer loop
      vertex -6.7725 -3.268825014549791 0.99
      vertex -6.7725 -3.268825014549791 -0.8999999999999999
      vertex -6.930000000000001 -3.2323971641253753 0.99
    endloop
  endfacet
  facet normal 0.2878078279236319 0.9576881821270852 0
    outer loop
      vertex -6.930000000000001 -3.2323971641253753 0.99
      vertex -6.930000000000001 -3.2323971641253753 -0.8999999999999999
      vertex -7.0874999999999995 -3.185064709006955 0.99
    endloop
  endfacet
  facet normal 0.22442743286421674 0.9744908041525981 0
    outer loop
      vertex 3.6225 -2.7020346693370016 0.99
      vertex 3.6225 -2.7020346693370016 0.8999999999999999
      vertex 3.4650000000000003 -2.6657620636587454 0.8999999999999999
    endloop
  endfacet
  facet normal 0.2926881444497452 0.9562079533755015 0
    outer loop
      vertex 3.7800000000000002 -2.750244248213755 0.99
      vertex 3.7800000000000002 -2.750244248213755 0.8999999999999999
      vertex 3.6225 -2.7020346693370016 0.8999999999999999
    endloop
  endfacet
  facet normal 0.12491235996041263 0.992167779324203 0
    outer loop
      vertex 3.3075 -2.64593306184701 0.99
      vertex 3.4650000000000003 -2.6657620636587454 0.99
      vertex 3.3075 -2.64593306184701 0.8999999999999999
    endloop
  endfacet
  facet normal 0.12491235996041263 0.992167779324203 0
    outer loop
      vertex 3.4650000000000003 -2.6657620636587454 0.99
      vertex 3.4650000000000003 -2.6657620636587454 0.8999999999999999
      vertex 3.3075 -2.64593306184701 0.8999999999999999
    endloop
  endfacet
  facet normal 0.00332562401705787 0.9999944700971587 0
    outer loop
      vertex 3.15 -2.645409273167823 0.8999999999999999
      vertex 3.15 -2.645409273167823 0.99
      vertex 3.3075 -2.64593306184701 0.99
    endloop
  endfacet
  facet normal 0.00332562401705787 0.9999944700971587 0
    outer loop
      vertex 3.3075 -2.64593306184701 0.99
      vertex 3.3075 -2.64593306184701 0.8999999999999999
      vertex 3.15 -2.645409273167823 0.8999999999999999
    endloop
  endfacet
  facet normal -0.12187693347215278 0.9925452196688193 0
    outer loop
      vertex 3.15 -2.645409273167823 0.99
      vertex 3.15 -2.645409273167823 0.8999999999999999
      vertex 2.9924999999999997 -2.6647490640826077 0.8999999999999999
    endloop
  endfacet
  facet normal -0.12187693347215278 0.9925452196688193 0
    outer loop
      vertex 2.9924999999999997 -2.6647490640826077 0.99
      vertex 3.15 -2.645409273167823 0.99
      vertex 2.9924999999999997 -2.6647490640826077 0.8999999999999999
    endloop
  endfacet
  facet normal -0.2304222181241165 0.9730907467419275 0
    outer loop
      vertex 2.8350000000000004 -2.702044146248437 0.99
      vertex 2.9924999999999997 -2.6647490640826077 0.99
      vertex 2.8350000000000004 -2.702044146248437 0.8999999999999999
    endloop
  endfacet
  facet normal -0.2304222181241165 0.9730907467419275 0
    outer loop
      vertex 2.9924999999999997 -2.6647490640826077 0.99
      vertex 2.9924999999999997 -2.6647490640826077 0.8999999999999999
      vertex 2.8350000000000004 -2.702044146248437 0.8999999999999999
    endloop
  endfacet
  facet normal -0.30956834616029066 0.9508771945186101 0
    outer loop
      vertex 2.6775 -2.7533199732440874 0.99
      vertex 2.8350000000000004 -2.702044146248437 0.99
      vertex 2.6775 -2.7533199732440874 0.8999999999999999
    endloop
  endfacet
  facet normal -0.359689046622875 0.933072231791048 0
    outer loop
      vertex 2.543436429377236 -2.805 0.99
      vertex 2.6775 -2.7533199732440874 0.99
      vertex 2.543436429377236 -2.805 0.8999999999999999
    endloop
  endfacet
  facet normal -0.30956834616029066 0.9508771945186101 0
    outer loop
      vertex 2.8350000000000004 -2.702044146248437 0.99
      vertex 2.8350000000000004 -2.702044146248437 0.8999999999999999
      vertex 2.6775 -2.7533199732440874 0.8999999999999999
    endloop
  endfacet
  facet normal -0.359689046622875 0.933072231791048 0
    outer loop
      vertex 2.6775 -2.7533199732440874 0.99
      vertex 2.6775 -2.7533199732440874 0.8999999999999999
      vertex 2.543436429377236 -2.805 0.8999999999999999
    endloop
  endfacet
  facet normal -0.3602661984472358 0.9328495410602811 0
    outer loop
      vertex 2.52 -2.8140511416313903 0.99
      vertex 2.543436429377236 -2.805 0.99
      vertex 2.52 -2.8140511416313903 0.8999999999999999
    endloop
  endfacet
  facet normal -0.3602661984472358 0.9328495410602811 0
    outer loop
      vertex 2.543436429377236 -2.805 0.99
      vertex 2.543436429377236 -2.805 0.8999999999999999
      vertex 2.52 -2.8140511416313903 0.8999999999999999
    endloop
  endfacet
  facet normal -0.4042161976627608 0.9146634711996866 0
    outer loop
      vertex 2.3625 -2.883654939242748 0.99
      vertex 2.52 -2.8140511416313903 0.99
      vertex 2.3625 -2.883654939242748 0.8999999999999999
    endloop
  endfacet
  facet normal -0.4042161976627608 0.9146634711996866 0
    outer loop
      vertex 2.52 -2.8140511416313903 0.99
      vertex 2.52 -2.8140511416313903 0.8999999999999999
      vertex 2.3625 -2.883654939242748 0.8999999999999999
    endloop
  endfacet
  facet normal -0.4057542001112706 0.9139822367486488 0
    outer loop
      vertex 2.205 -2.953575648801461 0.99
      vertex 2.3625 -2.883654939242748 0.99
      vertex 2.205 -2.953575648801461 0.8999999999999999
    endloop
  endfacet
  facet normal -0.41536972293327395 0.9096526772732191 0
    outer loop
      vertex 2.1690309482965686 -2.97 0.99
      vertex 2.205 -2.953575648801461 0.99
      vertex 2.1690309482965686 -2.97 0.8999999999999999
    endloop
  endfacet
  facet normal -0.4057542001112706 0.9139822367486488 0
    outer loop
      vertex 2.3625 -2.883654939242748 0.99
      vertex 2.3625 -2.883654939242748 0.8999999999999999
      vertex 2.205 -2.953575648801461 0.8999999999999999
    endloop
  endfacet
  facet normal -0.41536972293327395 0.9096526772732191 0
    outer loop
      vertex 2.205 -2.953575648801461 0.99
      vertex 2.205 -2.953575648801461 0.8999999999999999
      vertex 2.1690309482965686 -2.97 0.8999999999999999
    endloop
  endfacet
  facet normal -0.41920878880622503 0.9078898564185073 0
    outer loop
      vertex 2.1690309482965686 -2.97 0.99
      vertex 2.1690309482965686 -2.97 0.8999999999999999
      vertex 2.104059276853046 -3 0.8999999999999999
    endloop
  endfacet
  facet normal -0.4192087888062255 0.9078898564185072 4.256718952334541e-16
    outer loop
      vertex 2.0475 -3.0261156634559776 0.99
      vertex 2.1690309482965686 -2.97 0.99
      vertex 2.104059276853046 -3 0.8999999999999999
    endloop
  endfacet
  facet normal 0 0 -1
    outer loop
      vertex 2.9924999999999997 -2.6647490640826077 0.99
      vertex -2.52 -2.8140511416313903 0.99
      vertex 3.15 -2.645409273167823 0.99
    endloop
  endfacet
  facet normal 0 0 -1
    outer loop
      vertex 2.9924999999999997 -2.6647490640826077 0.99
      vertex 2.8350000000000004 -2.702044146248437 0.99
      vertex -2.3625 -2.883654939242748 0.99
    endloop
  endfacet
  facet normal 0 0 -1
    outer loop
      vertex 2.6775 -2.7533199732440874 0.99
      vertex -2.3625 -2.883654939242748 0.99
      vertex 2.8350000000000004 -2.702044146248437 0.99
    endloop
  endfacet
  facet normal 0 0 -1
    outer loop
      vertex 2.6775 -2.7533199732440874 0.99
      vertex 2.543436429377236 -2.805 0.99
      vertex -2.205 -2.9535756488014617 0.99
    endloop
  endfacet
  facet normal 0 0 -1
    outer loop
      vertex 2.543436429377236 -2.805 0.99
      vertex 2.52 -2.8140511416313903 0.99
      vertex -2.205 -2.9535756488014617 0.99
    endloop
  endfacet
  facet normal 0 0 -1
    outer loop
      vertex 2.52 -2.8140511416313903 0.99
      vertex 2.3625 -2.883654939242748 0.99
      vertex -2.205 -2.9535756488014617 0.99
    endloop
  endfacet
  facet normal 0 0 -1
    outer loop
      vertex 2.205 -2.953575648801461 0.99
      vertex -2.205 -2.9535756488014617 0.99
      vertex 2.3625 -2.883654939242748 0.99
    endloop
  endfacet
  facet normal 0.23042221812411648 -0.9730907467419275 -5.339814845103589e-19
    outer loop
      vertex -2.9924999999999997 2.6647490640826077 -0.8999999999999999
      vertex -2.8350000000000004 2.702044146248437 -0.8999999999999999
      vertex -2.8350000000000004 2.702044146248437 0.99
    endloop
  endfacet
  facet normal 0.259639480369288 -0.9657056177912429 0
    outer loop
      vertex -4.35 -2.9283923149108886 0.8999999999999999
      vertex -4.5 -2.968721294403076 0.8999999999999999
      vertex -4.35 -2.9283923149108886 -0.8999999999999999
    endloop
  endfacet
  facet normal 0 0 1
    outer loop
      vertex -7.838328266143798 -2.4 0.8999999999999999
      vertex -3.3075 -2.64593306184701 0.8999999999999999
      vertex -8.010372161865234 -2.25 0.8999999999999999
    endloop
  endfacet
  facet normal 0 0 1
    outer loop
      vertex 2.543436429377236 -2.805 0.8999999999999999
      vertex 2.6775 -2.7533199732440874 0.8999999999999999
      vertex -2.85 -2.680451488494873 0.8999999999999999
    endloop
  endfacet
  facet normal 0 0 1
    outer loop
      vertex 2.8350000000000004 -2.702044146248437 0.8999999999999999
      vertex 2.9924999999999997 -2.6647490640826077 0.8999999999999999
      vertex -2.85 -2.680451488494873 0.8999999999999999
    endloop
  endfacet
  facet normal 0 0 1
    outer loop
      vertex 2.9924999999999997 -2.6647490640826077 0.8999999999999999
      vertex 3.15 -2.645409273167823 0.8999999999999999
      vertex -2.85 -2.680451488494873 0.8999999999999999
    endloop
  endfacet
  facet normal 0 0 1
    outer loop
      vertex 2.52 -2.8140511416313903 0.8999999999999999
      vertex 2.543436429377236 -2.805 0.8999999999999999
      vertex -2.85 -2.680451488494873 0.8999999999999999
    endloop
  endfacet
  facet normal 0 0 1
    outer loop
      vertex 2.52 -2.8140511416313903 0.8999999999999999
      vertex -2.85 -2.680451488494873 0.8999999999999999
      vertex 2.3625 -2.883654939242748 0.8999999999999999
    endloop
  endfacet
  facet normal 0 0 1
    outer loop
      vertex 2.3625 -2.883654939242748 0.8999999999999999
      vertex -2.25 -2.855024242401123 0.8999999999999999
      vertex 2.205 -2.953575648801461 0.8999999999999999
    endloop
  endfacet
  facet normal 0 0 1
    outer loop
      vertex 2.1690309482965686 -2.97 0.8999999999999999
      vertex 2.205 -2.953575648801461 0.8999999999999999
      vertex -2.25 -2.855024242401123 0.8999999999999999
    endloop
  endfacet
  facet normal 0 0 1
    outer loop
      vertex 2.1690309482965686 -2.97 0.8999999999999999
      vertex -2.25 -2.855024242401123 0.8999999999999999
      vertex 2.104059276853046 -3 0.8999999999999999
    endloop
  endfacet
  facet normal 0 0 1
    outer loop
      vertex 3.15 -2.645409273167823 0.8999999999999999
      vertex 4.5 -0.75 0.8999999999999999
      vertex -2.85 -2.680451488494873 0.8999999999999999
    endloop
  endfacet
  facet normal 0 -1 0
    outer loop
      vertex 2.104059276853046 -3 0.8999999999999999
      vertex -1.8681120872497559 -3 0.8999999999999999
      vertex 2.104059276853046 -3 -0.8999999999999999
    endloop
  endfacet
  facet normal 0 0 -1
    outer loop
      vertex 7.592425148724197 -2.97 -0.8999999999999999
      vertex 4.4315197216831335 -3 -0.8999999999999999
      vertex 7.875 2.8038151944859417 -0.8999999999999999
    endloop
  endfacet
  facet normal 0 0 -1
    outer loop
      vertex 4.5 -0.75 -0.8999999999999999
      vertex 7.873047814591288 2.805 -0.8999999999999999
      vertex 3.7800000000000002 -2.750244248213755 -0.8999999999999999
    endloop
  endfacet
  facet normal 0 0 -1
    outer loop
      vertex 3.9375 -2.8051659371824265 -0.8999999999999999
      vertex 3.9370235096496855 -2.805 -0.8999999999999999
      vertex 7.873047814591288 2.805 -0.8999999999999999
    endloop
  endfacet
  facet normal 0 0 -1
    outer loop
      vertex 3.9370235096496855 -2.805 -0.8999999999999999
      vertex 3.7800000000000002 -2.750244248213755 -0.8999999999999999
      vertex 7.873047814591288 2.805 -0.8999999999999999
    endloop
  endfacet
  facet normal 0 0 -1
    outer loop
      vertex 4.2525 -2.930638597839275 -0.8999999999999999
      vertex 4.095 -2.868271803812274 -0.8999999999999999
      vertex 7.875 2.8038151944859417 -0.8999999999999999
    endloop
  endfacet
  facet normal 0 0 -1
    outer loop
      vertex 4.4315197216831335 -3 -0.8999999999999999
      vertex 4.41 -2.9916707438415977 -0.8999999999999999
      vertex 7.875 2.8038151944859417 -0.8999999999999999
    endloop
  endfacet
  facet normal 0 0 -1
    outer loop
      vertex 4.41 -2.9916707438415977 -0.8999999999999999
      vertex 4.354829324922547 -2.97 -0.8999999999999999
      vertex 7.875 2.8038151944859417 -0.8999999999999999
    endloop
  endfacet
  facet normal 0 0 -1
    outer loop
      vertex 4.354829324922547 -2.97 -0.8999999999999999
      vertex 4.2525 -2.930638597839275 -0.8999999999999999
      vertex 7.875 2.8038151944859417 -0.8999999999999999
    endloop
  endfacet
  facet normal 0 0 -1
    outer loop
      vertex 4.095 -2.868271803812274 -0.8999999999999999
      vertex 3.9375 -2.8051659371824265 -0.8999999999999999
      vertex 7.873047814591288 2.805 -0.8999999999999999
    endloop
  endfacet
  facet normal 0 -1 0
    outer loop
      vertex 4.4315197216831335 -3 0.8999999999999999
      vertex 4.4315197216831335 -3 -0.8999999999999999
      vertex 7.536178026279728 -3 -0.8999999999999999
    endloop
  endfacet
  facet normal 0 0 -1
    outer loop
      vertex 4.4315197216831335 -3 -0.8999999999999999
      vertex 7.592425148724197 -2.97 -0.8999999999999999
      vertex 7.5600000000000005 -2.98825503964976 -0.8999999999999999
    endloop
  endfacet
  facet normal 0 0 -1
    outer loop
      vertex 4.4315197216831335 -3 -0.8999999999999999
      vertex 7.5600000000000005 -2.98825503964976 -0.8999999999999999
      vertex 7.536178026279728 -3 -0.8999999999999999
    endloop
  endfacet
  facet normal 0 0 -1
    outer loop
      vertex 3.4650000000000003 -2.6657620636587454 -0.8999999999999999
      vertex 4.5 -0.75 -0.8999999999999999
      vertex 3.6225 -2.7020346693370016 -0.8999999999999999
    endloop
  endfacet
  facet normal 0 0 -1
    outer loop
      vertex 3.3075 -2.64593306184701 -0.8999999999999999
      vertex 4.5 -0.75 -0.8999999999999999
      vertex 3.4650000000000003 -2.6657620636587454 -0.8999999999999999
    endloop
  endfacet
  facet normal 0 0 -1
    outer loop
      vertex 3.6225 -2.7020346693370016 -0.8999999999999999
      vertex 4.5 -0.75 -0.8999999999999999
      vertex 3.7800000000000002 -2.750244248213755 -0.8999999999999999
    endloop
  endfacet
  facet normal 0 0 1
    outer loop
      vertex -7.838328266143798 2.4 0.8999999999999999
      vertex 3.3075 2.64593306184701 0.8999999999999999
      vertex 3.15 2.645409273167823 0.8999999999999999
    endloop
  endfacet
  facet normal 0 0 -1
    outer loop
      vertex 3.3075 -2.64593306184701 -0.8999999999999999
      vertex 3.15 -2.645409273167823 -0.8999999999999999
      vertex 4.5 -0.75 -0.8999999999999999
    endloop
  endfacet
  facet normal 0 0 -1
    outer loop
      vertex 2.9924999999999997 -2.6647490640826077 -0.8999999999999999
      vertex 4.5 -0.75 -0.8999999999999999
      vertex 3.15 -2.645409273167823 -0.8999999999999999
    endloop
  endfacet
  facet normal 0 0 -1
    outer loop
      vertex 2.8350000000000004 -2.702044146248437 -0.8999999999999999
      vertex 4.5 -0.75 -0.8999999999999999
      vertex 2.9924999999999997 -2.6647490640826077 -0.8999999999999999
    endloop
  endfacet
  facet normal 0 0 -1
    outer loop
      vertex 2.6775 -2.7533199732440874 -0.8999999999999999
      vertex 4.5 -0.75 -0.8999999999999999
      vertex 2.8350000000000004 -2.702044146248437 -0.8999999999999999
    endloop
  endfacet
  facet normal 0 0 -1
    outer loop
      vertex 2.543436429377236 -2.805 -0.8999999999999999
      vertex 4.5 -0.75 -0.8999999999999999
      vertex 2.6775 -2.7533199732440874 -0.8999999999999999
    endloop
  endfacet
  facet normal 0 0 -1
    outer loop
      vertex 2.543436429377236 -2.805 -0.8999999999999999
      vertex 2.52 -2.8140511416313903 -0.8999999999999999
      vertex 4.5 -0.75 -0.8999999999999999
    endloop
  endfacet
  facet normal 0 0 -1
    outer loop
      vertex 2.3625 -2.883654939242748 -0.8999999999999999
      vertex 4.5 -0.75 -0.8999999999999999
      vertex 2.52 -2.8140511416313903 -0.8999999999999999
    endloop
  endfacet
  facet normal 0 0 -1
    outer loop
      vertex -1.8681120872497559 -3 -0.8999999999999999
      vertex 4.5 -0.75 -0.8999999999999999
      vertex 2.3625 -2.883654939242748 -0.8999999999999999
    endloop
  endfacet
  facet normal 0 0 -1
    outer loop
      vertex -1.8681120872497559 -3 -0.8999999999999999
      vertex -2.25 -2.855024242401123 -0.8999999999999999
      vertex 4.5 -0.75 -0.8999999999999999
    endloop
  endfacet
  facet normal 0 0 -1
    outer loop
      vertex -1.8681120872497559 -3 -0.8999999999999999
      vertex 2.3625 -2.883654939242748 -0.8999999999999999
      vertex 2.205 -2.953575648801461 -0.8999999999999999
    endloop
  endfacet
  facet normal 0 0 -1
    outer loop
      vertex -1.8681120872497559 -3 -0.8999999999999999
      vertex 2.205 -2.953575648801461 -0.8999999999999999
      vertex 2.1690309482965686 -2.97 -0.8999999999999999
    endloop
  endfacet
  facet normal 0 0 1
    outer loop
      vertex 4.786474508437579 -0.8816778784387097 0.8999999999999999
      vertex 3.15 -2.645409273167823 0.8999999999999999
      vertex 3.3075 -2.64593306184701 0.8999999999999999
    endloop
  endfacet
  facet normal 0 -1 0
    outer loop
      vertex 7.536178026279728 -3 0.8999999999999999
      vertex 4.4315197216831335 -3 0.8999999999999999
      vertex 7.536178026279728 -3 -0.8999999999999999
    endloop
  endfacet
  facet normal 0 0 -1
    outer loop
      vertex -1.8681120872497559 -3 -0.8999999999999999
      vertex 2.1690309482965686 -2.97 -0.8999999999999999
      vertex 2.104059276853046 -3 -0.8999999999999999
    endloop
  endfacet
  facet normal 0.23237975622275606 -0.9726251327710242 0
    outer loop
      vertex -4.63091697692871 -3 0.8999999999999999
      vertex -4.63091697692871 -3 -0.8999999999999999
      vertex -4.5 -2.968721294403076 0.8999999999999999
    endloop
  endfacet
  facet normal 0 1 0
    outer loop
      vertex 2.104059276853046 3 0.8999999999999999
      vertex -1.8681120872497559 3 -0.8999999999999999
      vertex -1.8681120872497559 3 0.8999999999999999
    endloop
  endfacet
  facet normal 0 1 0
    outer loop
      vertex -4.63091697692871 3 0.8999999999999999
      vertex -6.6838891983032225 3 -0.8999999999999999
      vertex -6.6838891983032225 3 0.8999999999999999
    endloop
  endfacet
  facet normal 0 0 -1
    outer loop
      vertex -7.398881721496582 -2.6999999999999997 -0.8999999999999999
      vertex -7.199999999999999 -2.8072136878967284 -0.8999999999999999
      vertex -7.35 -2.729193592071533 -0.8999999999999999
    endloop
  endfacet
  facet normal 0 1 0
    outer loop
      vertex -4.63091697692871 3 -0.8999999999999999
      vertex -6.6838891983032225 3 -0.8999999999999999
      vertex -4.63091697692871 3 0.8999999999999999
    endloop
  endfacet
  facet normal 0 0 -1
    outer loop
      vertex -7.099445343017578 -2.85 -0.8999999999999999
      vertex -6.8999999999999995 -2.9342087745666503 -0.8999999999999999
      vertex -7.05 -2.8733499526977537 -0.8999999999999999
    endloop
  endfacet
  facet normal 0 0 -1
    outer loop
      vertex -6.6838891983032225 -3 -0.8999999999999999
      vertex -4.5 -2.968721294403076 -0.8999999999999999
      vertex -4.63091697692871 -3 -0.8999999999999999
    endloop
  endfacet
  facet normal 0 0 -1
    outer loop
      vertex -4.5 -2.968721294403076 -0.8999999999999999
      vertex -6.6838891983032225 -3 -0.8999999999999999
      vertex -3.6225 -2.7020346693370016 -0.8999999999999999
    endloop
  endfacet
  facet normal 0 0 -1
    outer loop
      vertex -4.35 -2.9283923149108886 -0.8999999999999999
      vertex -4.088358592987061 -2.85 -0.8999999999999999
      vertex -4.2 -2.8840845108032225 -0.8999999999999999
    endloop
  endfacet
  facet normal 0 0 -1
    outer loop
      vertex -4.5 -2.968721294403076 -0.8999999999999999
      vertex -3.804185101102091 -2.7586778477163123 -0.8999999999999999
      vertex -4.35 -2.9283923149108886 -0.8999999999999999
    endloop
  endfacet
  facet normal 0 0 -1
    outer loop
      vertex -4.35 -2.9283923149108886 -0.8999999999999999
      vertex -3.804185101102091 -2.7586778477163123 -0.8999999999999999
      vertex -4.088358592987061 -2.85 -0.8999999999999999
    endloop
  endfacet
  facet normal 0 0 -1
    outer loop
      vertex -3.804185101102091 -2.7586778477163123 -0.8999999999999999
      vertex -4.5 -2.968721294403076 -0.8999999999999999
      vertex -3.7800000000000002 -2.7502442482137552 -0.8999999999999999
    endloop
  endfacet
  facet normal 0 0 -1
    outer loop
      vertex -4.088358592987061 -2.85 -0.8999999999999999
      vertex -3.804185101102091 -2.7586778477163123 -0.8999999999999999
      vertex -4.05 -2.838613700866699 -0.8999999999999999
    endloop
  endfacet
  facet normal 0 0 -1
    outer loop
      vertex -4.05 -2.838613700866699 -0.8999999999999999
      vertex -3.9370235096496855 -2.805 -0.8999999999999999
      vertex -3.9375 -2.8051659371824265 -0.8999999999999999
    endloop
  endfacet
  facet normal 0 0 -1
    outer loop
      vertex -3.9480452418634897 -2.809391122113327 -0.8999999999999999
      vertex -4.05 -2.838613700866699 -0.8999999999999999
      vertex -3.9375 -2.8051659371824265 -0.8999999999999999
    endloop
  endfacet
  facet normal 0 0 1
    outer loop
      vertex 6 -1.5 0.8999999999999999
      vertex 3.6225 -2.7020346693370016 0.8999999999999999
      vertex 3.7800000000000002 -2.750244248213755 0.8999999999999999
    endloop
  endfacet
  facet normal 0 0 1
    outer loop
      vertex 7.7175 -2.9053742011843156 0.8999999999999999
      vertex 4.095 -2.868271803812274 0.8999999999999999
      vertex 4.2525 -2.930638597839275 0.8999999999999999
    endloop
  endfacet
  facet normal 0 0 1
    outer loop
      vertex 7.536178026279728 -3 0.8999999999999999
      vertex 4.354829324922547 -2.97 0.8999999999999999
      vertex 4.41 -2.9916707438415977 0.8999999999999999
    endloop
  endfacet
  facet normal 0 0 1
    outer loop
      vertex 4.4315197216831335 -3 0.8999999999999999
      vertex 7.536178026279728 -3 0.8999999999999999
      vertex 4.41 -2.9916707438415977 0.8999999999999999
    endloop
  endfacet
  facet normal 0 0 1
    outer loop
      vertex 7.7175 -2.9053742011843156 0.8999999999999999
      vertex 4.2525 -2.930638597839275 0.8999999999999999
      vertex 4.354829324922547 -2.97 0.8999999999999999
    endloop
  endfacet
  facet normal 0 0 -1
    outer loop
      vertex -4.5 -2.968721294403076 -0.8999999999999999
      vertex -3.6225 -2.7020346693370016 -0.8999999999999999
      vertex -3.7800000000000002 -2.7502442482137552 -0.8999999999999999
    endloop
  endfacet
  facet normal 0 0 -1
    outer loop
      vertex -4.05 -2.838613700866699 -0.8999999999999999
      vertex -3.804185101102091 -2.7586778477163123 -0.8999999999999999
      vertex -3.9370235096496855 -2.805 -0.8999999999999999
    endloop
  endfacet
  facet normal 0 0 -1
    outer loop
      vertex 4.5 -0.75 -0.8999999999999999
      vertex -7.949999999999999 -2.3062331199645993 -0.8999999999999999
      vertex -8.1 -2.1625694274902343 -0.8999999999999999
    endloop
  endfacet
  facet normal 0 0 1
    outer loop
      vertex 6.463525491562421 -1.4265847744427302 0.8999999999999999
      vertex 3.9370235096496855 -2.805 0.8999999999999999
      vertex 3.9375 -2.8051659371824265 0.8999999999999999
    endloop
  endfacet
  facet normal 0 0 1
    outer loop
      vertex 6.463525491562421 -1.4265847744427302 0.8999999999999999
      vertex 3.9375 -2.8051659371824265 0.8999999999999999
      vertex 4.095 -2.868271803812274 0.8999999999999999
    endloop
  endfacet
  facet normal 0 0 1
    outer loop
      vertex 6.463525491562421 -1.4265847744427302 0.8999999999999999
      vertex 3.7800000000000002 -2.750244248213755 0.8999999999999999
      vertex 3.9370235096496855 -2.805 0.8999999999999999
    endloop
  endfacet
  facet normal 0 0 -1
    outer loop
      vertex 4.5 -0.75 -0.8999999999999999
      vertex -8.25 -1.9973705291748045 -0.8999999999999999
      vertex -8.4 -1.8041802406311034 -0.8999999999999999
    endloop
  endfacet
  facet normal 0 0 1
    outer loop
      vertex -1.95 2.96980504989624 0.8999999999999999
      vertex 2.1690309482965686 2.97 0.8999999999999999
      vertex -1.8681120872497559 3 0.8999999999999999
    endloop
  endfacet
  facet normal 0 0 1
    outer loop
      vertex -2.1 2.9130732536315915 0.8999999999999999
      vertex 2.1690309482965686 2.97 0.8999999999999999
      vertex -1.95 2.96980504989624 0.8999999999999999
    endloop
  endfacet
  facet normal 0 0 1
    outer loop
      vertex 4.786474508437579 -0.8816778784387097 0.8999999999999999
      vertex 3.3075 -2.64593306184701 0.8999999999999999
      vertex 3.4650000000000003 -2.6657620636587454 0.8999999999999999
    endloop
  endfacet
  facet normal 0 0 1
    outer loop
      vertex 4.786474508437579 -0.8816778784387097 0.8999999999999999
      vertex 3.4650000000000003 -2.6657620636587454 0.8999999999999999
      vertex 3.6225 -2.7020346693370016 0.8999999999999999
    endloop
  endfacet
  facet normal 0 0 1
    outer loop
      vertex 3.6225 -2.7020346693370016 0.8999999999999999
      vertex 5.11832212156129 -1.2135254915624212 0.8999999999999999
      vertex 4.786474508437579 -0.8816778784387097 0.8999999999999999
    endloop
  endfacet
  facet normal 0 0 1
    outer loop
      vertex 3.6225 -2.7020346693370016 0.8999999999999999
      vertex 6 -1.5 0.8999999999999999
      vertex 5.536474508437579 -1.4265847744427302 0.8999999999999999
    endloop
  endfacet
  facet normal 0 0 1
    outer loop
      vertex 3.7800000000000002 -2.750244248213755 0.8999999999999999
      vertex 6.463525491562421 -1.4265847744427302 0.8999999999999999
      vertex 6 -1.5 0.8999999999999999
    endloop
  endfacet
  facet normal 0 0 1
    outer loop
      vertex -2.25 2.855024242401123 0.8999999999999999
      vertex 2.1690309482965686 2.97 0.8999999999999999
      vertex -2.1 2.9130732536315915 0.8999999999999999
    endloop
  endfacet
  facet normal 0 0 1
    outer loop
      vertex -2.2640773773193357 2.85 0.8999999999999999
      vertex 2.1690309482965686 2.97 0.8999999999999999
      vertex -2.25 2.855024242401123 0.8999999999999999
    endloop
  endfacet
  facet normal 0 0 1
    outer loop
      vertex 3.6225 -2.7020346693370016 0.8999999999999999
      vertex 5.536474508437579 -1.4265847744427302 0.8999999999999999
      vertex 5.11832212156129 -1.2135254915624212 0.8999999999999999
    endloop
  endfacet
  facet normal 0 0 1
    outer loop
      vertex 7.536178026279728 -3 0.8999999999999999
      vertex 7.5600000000000005 -2.98825503964976 0.8999999999999999
      vertex 4.354829324922547 -2.97 0.8999999999999999
    endloop
  endfacet
  facet normal 0 0 1
    outer loop
      vertex 7.592425148724197 -2.97 0.8999999999999999
      vertex 4.354829324922547 -2.97 0.8999999999999999
      vertex 7.5600000000000005 -2.98825503964976 0.8999999999999999
    endloop
  endfacet
  facet normal 0 0 1
    outer loop
      vertex 7.592425148724197 -2.97 0.8999999999999999
      vertex 7.7175 -2.9053742011843156 0.8999999999999999
      vertex 4.354829324922547 -2.97 0.8999999999999999
    endloop
  endfacet
  facet normal 0 0 1
    outer loop
      vertex 7.7175 -2.9053742011843156 0.8999999999999999
      vertex 7.873047814591288 -2.805 0.8999999999999999
      vertex 4.095 -2.868271803812274 0.8999999999999999
    endloop
  endfacet
  facet normal 0 0 1
    outer loop
      vertex -2.4 2.8022217750549316 0.8999999999999999
      vertex 2.1690309482965686 2.97 0.8999999999999999
      vertex -2.2640773773193357 2.85 0.8999999999999999
    endloop
  endfacet
  facet normal 0 0 1
    outer loop
      vertex -2.55 2.753272819519043 0.8999999999999999
      vertex 2.8350000000000004 2.702044146248437 0.8999999999999999
      vertex -2.4 2.8022217750549316 0.8999999999999999
    endloop
  endfacet
  facet normal 0 0 1
    outer loop
      vertex -2.55 2.753272819519043 0.8999999999999999
      vertex -2.6999999999999997 2.711220073699951 0.8999999999999999
      vertex 2.9924999999999997 2.6647490640826077 0.8999999999999999
    endloop
  endfacet
  facet normal 0 0 1
    outer loop
      vertex -2.753617286682129 2.6999999999999997 0.8999999999999999
      vertex 2.9924999999999997 2.6647490640826077 0.8999999999999999
      vertex -2.6999999999999997 2.711220073699951 0.8999999999999999
    endloop
  endfacet
  facet normal 0 0 1
    outer loop
      vertex 4.095 -2.868271803812274 0.8999999999999999
      vertex 7.875 -2.8038151944859417 0.8999999999999999
      vertex 6.463525491562421 -1.4265847744427302 0.8999999999999999
    endloop
  endfacet
  facet normal 0 0 1
    outer loop
      vertex 7.873047814591288 -2.805 0.8999999999999999
      vertex 7.875 -2.8038151944859417 0.8999999999999999
      vertex 4.095 -2.868271803812274 0.8999999999999999
    endloop
  endfacet
  facet normal 0 0 1
    outer loop
      vertex -2.85 2.680451488494873 0.8999999999999999
      vertex 2.9924999999999997 2.6647490640826077 0.8999999999999999
      vertex -2.753617286682129 2.6999999999999997 0.8999999999999999
    endloop
  endfacet
  facet normal 0 0 -1
    outer loop
      vertex -8.1 -2.1625694274902343 -0.8999999999999999
      vertex -8.25 -1.9973705291748045 -0.8999999999999999
      vertex 4.5 -0.75 -0.8999999999999999
    endloop
  endfacet
  facet normal -0.3915326668746319 -0.9201642085899877 9.566582319334693e-19
    outer loop
      vertex -7.099445343017578 -2.85 -0.8999999999999999
      vertex -7.199999999999999 -2.8072136878967284 0.8999999999999999
      vertex -7.199999999999999 -2.8072136878967284 -0.8999999999999999
    endloop
  endfacet
  facet normal 0 0 1
    outer loop
      vertex 7.875 -2.8038151944859417 0.8999999999999999
      vertex 8.0325 -2.696549613019818 0.8999999999999999
      vertex 6.463525491562421 -1.4265847744427302 0.8999999999999999
    endloop
  endfacet
  facet normal -0.4270177137989178 -0.9042432593621837 -7.266677879106786e-19
    outer loop
      vertex -7.099445343017578 -2.85 -0.8999999999999999
      vertex -7.05 -2.8733499526977537 -0.8999999999999999
      vertex -7.05 -2.8733499526977537 0.8999999999999999
    endloop
  endfacet
  facet normal 0 0 1
    outer loop
      vertex -3 2.6621526718139648 0.8999999999999999
      vertex 2.9924999999999997 2.6647490640826077 0.8999999999999999
      vertex -2.85 2.680451488494873 0.8999999999999999
    endloop
  endfacet
  facet normal 0 0 1
    outer loop
      vertex 2.9924999999999997 2.6647490640826077 0.8999999999999999
      vertex -3 2.6621526718139648 0.8999999999999999
      vertex -3.15 2.645409273167823 0.8999999999999999
    endloop
  endfacet
  facet normal 0 0 1
    outer loop
      vertex -7.838328266143798 2.4 0.8999999999999999
      vertex 2.9924999999999997 2.6647490640826077 0.8999999999999999
      vertex -3.15 2.645409273167823 0.8999999999999999
    endloop
  endfacet
  facet normal 0 0 1
    outer loop
      vertex -8.010372161865234 2.25 0.8999999999999999
      vertex 8.103278710919977 2.64 0.8999999999999999
      vertex -7.838328266143798 2.4 0.8999999999999999
    endloop
  endfacet
  facet normal 0 0 1
    outer loop
      vertex -8.010372161865234 2.25 0.8999999999999999
      vertex -8.159650325775146 2.1 0.8999999999999999
      vertex 8.19 2.5711522162367886 0.8999999999999999
    endloop
  endfacet
  facet normal 0 0 1
    outer loop
      vertex -3 2.6621526718139648 0.8999999999999999
      vertex -3.018785860985028 2.6615213621431444 0.8999999999999999
      vertex -3.15 2.645409273167823 0.8999999999999999
    endloop
  endfacet
  facet normal 0 0 1
    outer loop
      vertex -8.290021991729736 1.95 0.8999999999999999
      vertex 8.19 2.5711522162367886 0.8999999999999999
      vertex -8.159650325775146 2.1 0.8999999999999999
    endloop
  endfacet
  facet normal 0 0 1
    outer loop
      vertex 6.463525491562421 -1.4265847744427302 0.8999999999999999
      vertex 8.3475 -2.427481600847447 0.8999999999999999
      vertex 6.88167787843871 -1.2135254915624212 0.8999999999999999
    endloop
  endfacet
  facet normal 0 0 1
    outer loop
      vertex 7.213525491562421 -0.8816778784387097 0.8999999999999999
      vertex 6.88167787843871 -1.2135254915624212 0.8999999999999999
      vertex 8.3475 -2.427481600847447 0.8999999999999999
    endloop
  endfacet
  facet normal 0 0 1
    outer loop
      vertex -7.838328266143798 2.4 0.8999999999999999
      vertex 3.15 2.645409273167823 0.8999999999999999
      vertex 2.9924999999999997 2.6647490640826077 0.8999999999999999
    endloop
  endfacet
  facet normal 0 0 1
    outer loop
      vertex 3.15 -2.645409273167823 0.8999999999999999
      vertex 4.786474508437579 -0.8816778784387097 0.8999999999999999
      vertex 4.5 -0.75 0.8999999999999999
    endloop
  endfacet
  facet normal 0 0 1
    outer loop
      vertex 4.5734152255572695 -0.46352549156242107 0.8999999999999999
      vertex 4.5 -0.75 0.8999999999999999
      vertex 4.786474508437579 -0.8816778784387097 0.8999999999999999
    endloop
  endfacet
  facet normal 0 0 1
    outer loop
      vertex 4.5 0 0.8999999999999999
      vertex 4.5 -0.75 0.8999999999999999
      vertex 4.5734152255572695 -0.46352549156242107 0.8999999999999999
    endloop
  endfacet
  facet normal 0 0 1
    outer loop
      vertex -8.403119087219238 1.7999999999999998 0.8999999999999999
      vertex 8.19 2.5711522162367886 0.8999999999999999
      vertex -8.290021991729736 1.95 0.8999999999999999
    endloop
  endfacet
  facet normal 0 0 1
    outer loop
      vertex -8.507271480560302 1.65 0.8999999999999999
      vertex 8.19 2.5711522162367886 0.8999999999999999
      vertex -8.403119087219238 1.7999999999999998 0.8999999999999999
    endloop
  endfacet
  facet normal 0 0 1
    outer loop
      vertex -8.549999999999999 1.5769801139831543 0.8999999999999999
      vertex 8.19 2.5711522162367886 0.8999999999999999
      vertex -8.507271480560302 1.65 0.8999999999999999
    endloop
  endfacet
  facet normal 0 0 1
    outer loop
      vertex -8.67456178665161 1.3499999999999999 0.8999999999999999
      vertex 8.19 2.5711522162367886 0.8999999999999999
      vertex -8.549999999999999 1.5769801139831543 0.8999999999999999
    endloop
  endfacet
  facet normal 0 0 1
    outer loop
      vertex -8.7 1.2918631553649902 0.8999999999999999
      vertex 8.19 2.5711522162367886 0.8999999999999999
      vertex -8.67456178665161 1.3499999999999999 0.8999999999999999
    endloop
  endfacet
  facet normal 0 0 1
    outer loop
      vertex -8.803410243988036 1.05 0.8999999999999999
      vertex 8.19 2.5711522162367886 0.8999999999999999
      vertex -8.7 1.2918631553649902 0.8999999999999999
    endloop
  endfacet
  facet normal 0 0 1
    outer loop
      vertex -8.849954223632812 0.8999999999999999 0.8999999999999999
      vertex 8.19 2.5711522162367886 0.8999999999999999
      vertex -8.803410243988036 1.05 0.8999999999999999
    endloop
  endfacet
  facet normal -0.34596480928397483 0.9382474890651735 9.091208427678746e-19
    outer loop
      vertex -1.8681120872497559 3 0.8999999999999999
      vertex -1.95 2.96980504989624 -0.8999999999999999
      vertex -1.95 2.96980504989624 0.8999999999999999
    endloop
  endfacet
  facet normal -0.3537559430975099 0.9353377639779072 0
    outer loop
      vertex -1.95 2.96980504989624 -0.8999999999999999
      vertex -2.1 2.9130732536315915 0.8999999999999999
      vertex -1.95 2.96980504989624 0.8999999999999999
    endloop
  endfacet
  facet normal -0.3609102643466955 0.932600547442043 0
    outer loop
      vertex -2.1 2.9130732536315915 0.8999999999999999
      vertex -2.1 2.9130732536315915 -0.8999999999999999
      vertex -2.25 2.855024242401123 0.8999999999999999
    endloop
  endfacet
  facet normal -0.3361351056749407 0.9418137770986876 0
    outer loop
      vertex -2.25 2.855024242401123 0.8999999999999999
      vertex -2.25 2.855024242401123 -0.8999999999999999
      vertex -2.2640773773193357 2.85 0.8999999999999999
    endloop
  endfacet
  facet normal -0.3316196110492593 0.9434131828459565 7.845326027864296e-20
    outer loop
      vertex -2.2640773773193357 2.85 0.8999999999999999
      vertex -2.4 2.8022217750549316 -0.8999999999999999
      vertex -2.4 2.8022217750549316 0.8999999999999999
    endloop
  endfacet
  facet normal -0.31022631884141455 0.9506627325703396 0
    outer loop
      vertex -2.4 2.8022217750549316 -0.8999999999999999
      vertex -2.55 2.753272819519043 0.8999999999999999
      vertex -2.4 2.8022217750549316 0.8999999999999999
    endloop
  endfacet
  facet normal -0.2699438805647752 0.962876057104771 0
    outer loop
      vertex -2.55 2.753272819519043 0.8999999999999999
      vertex -2.55 2.753272819519043 -0.8999999999999999
      vertex -2.6999999999999997 2.711220073699951 0.8999999999999999
    endloop
  endfacet
  facet normal -0.20482556820016443 0.9787984913205985 0
    outer loop
      vertex -2.6999999999999997 2.711220073699951 0.8999999999999999
      vertex -2.6999999999999997 2.711220073699951 -0.8999999999999999
      vertex -2.753617286682129 2.6999999999999997 0.8999999999999999
    endloop
  endfacet
  facet normal -0.19877450256732906 0.9800452525925071 1.6369215028108752e-19
    outer loop
      vertex -2.753617286682129 2.6999999999999997 0.8999999999999999
      vertex -2.85 2.680451488494873 -0.8999999999999999
      vertex -2.85 2.680451488494873 0.8999999999999999
    endloop
  endfacet
  facet normal -0.12109437116089092 0.9926409991901142 0
    outer loop
      vertex -2.85 2.680451488494873 -0.8999999999999999
      vertex -3 2.6621526718139648 0.8999999999999999
      vertex -2.85 2.680451488494873 0.8999999999999999
    endloop
  endfacet
  facet normal -0.033586615647619715 0.9994358104697566 0
    outer loop
      vertex -3.018785860985028 2.6615213621431444 -0.8999999999999999
      vertex -3.018785860985028 2.6615213621431444 0.8999999999999999
      vertex -3 2.6621526718139648 0.8999999999999999
    endloop
  endfacet
  facet normal 0 0 1
    outer loop
      vertex -8.85 0.8998243331909179 0.8999999999999999
      vertex 8.19 2.5711522162367886 0.8999999999999999
      vertex -8.849954223632812 0.8999999999999999 0.8999999999999999
    endloop
  endfacet
  facet normal 0 0 1
    outer loop
      vertex -8.895325756072998 0.75 0.8999999999999999
      vertex 8.19 2.5711522162367886 0.8999999999999999
      vertex -8.85 0.8998243331909179 0.8999999999999999
    endloop
  endfacet
  facet normal 0 0 1
    outer loop
      vertex -4.2 2.8840845108032225 0.8999999999999999
      vertex -7.099445343017578 2.85 0.8999999999999999
      vertex -4.088358592987061 2.85 0.8999999999999999
    endloop
  endfacet
  facet normal 0 0 1
    outer loop
      vertex -7.398881721496582 2.6999999999999997 0.8999999999999999
      vertex -3.4650000000000003 2.6657620636587454 0.8999999999999999
      vertex -3.6225 2.7020346693370016 0.8999999999999999
    endloop
  endfacet
  facet normal 0 0 1
    outer loop
      vertex -7.398881721496582 2.6999999999999997 0.8999999999999999
      vertex -3.7800000000000002 2.7502442482137552 0.8999999999999999
      vertex -3.9370235096496855 2.805 0.8999999999999999
    endloop
  endfacet
  facet normal 0 0 1
    outer loop
      vertex -7.398881721496582 2.6999999999999997 0.8999999999999999
      vertex -3.9375 2.8051659371824265 0.8999999999999999
      vertex -3.9480452418634897 2.809391122113327 0.8999999999999999
    endloop
  endfacet
  facet normal 0 0 1
    outer loop
      vertex -7.398881721496582 2.6999999999999997 0.8999999999999999
      vertex -3.9370235096496855 2.805 0.8999999999999999
      vertex -3.9375 2.8051659371824265 0.8999999999999999
    endloop
  endfacet
  facet normal 0 0 1
    outer loop
      vertex -4.05 2.838613700866699 0.8999999999999999
      vertex -7.398881721496582 2.6999999999999997 0.8999999999999999
      vertex -3.9480452418634897 2.809391122113327 0.8999999999999999
    endloop
  endfacet
  facet normal 0 0 1
    outer loop
      vertex -7.398881721496582 2.6999999999999997 0.8999999999999999
      vertex -3.6225 2.7020346693370016 0.8999999999999999
      vertex -3.7800000000000002 2.7502442482137552 0.8999999999999999
    endloop
  endfacet
  facet normal 0 0 1
    outer loop
      vertex -4.5 2.968721294403076 0.8999999999999999
      vertex -7.099445343017578 2.85 0.8999999999999999
      vertex -4.35 2.9283923149108886 0.8999999999999999
    endloop
  endfacet
  facet normal 0 0 1
    outer loop
      vertex -4.35 2.9283923149108886 0.8999999999999999
      vertex -7.099445343017578 2.85 0.8999999999999999
      vertex -4.2 2.8840845108032225 0.8999999999999999
    endloop
  endfacet
  facet normal 0 0 1
    outer loop
      vertex -4.5 2.968721294403076 0.8999999999999999
      vertex -4.63091697692871 3 0.8999999999999999
      vertex -7.099445343017578 2.85 0.8999999999999999
    endloop
  endfacet
  facet normal -0.6430417909649935 -0.7658310878206327 0
    outer loop
      vertex -7.949999999999999 -2.3062331199645993 -0.8999999999999999
      vertex -7.838328266143798 -2.4 -0.8999999999999999
      vertex -7.949999999999999 -2.3062331199645993 0.8999999999999999
    endloop
  endfacet
  facet normal 0 0 -1
    outer loop
      vertex 7.7175 -2.9053742011843156 -0.8999999999999999
      vertex 7.592425148724197 -2.97 -0.8999999999999999
      vertex 7.875 2.8038151944859417 -0.8999999999999999
    endloop
  endfacet
  facet normal 0 0 -1
    outer loop
      vertex 7.873047814591288 -2.805 -0.8999999999999999
      vertex 7.7175 -2.9053742011843156 -0.8999999999999999
      vertex 7.875 2.8038151944859417 -0.8999999999999999
    endloop
  endfacet
  facet normal 0 0 -1
    outer loop
      vertex 7.875 -2.8038151944859417 -0.8999999999999999
      vertex 7.873047814591288 -2.805 -0.8999999999999999
      vertex 7.875 2.8038151944859417 -0.8999999999999999
    endloop
  endfacet
  facet normal 0 0 -1
    outer loop
      vertex 8.0325 -2.696549613019818 -0.8999999999999999
      vertex 7.875 -2.8038151944859417 -0.8999999999999999
      vertex 8.103278710919977 2.64 -0.8999999999999999
    endloop
  endfacet
  facet normal 0 0 -1
    outer loop
      vertex 8.103278710919977 -2.64 -0.8999999999999999
      vertex 8.0325 -2.696549613019818 -0.8999999999999999
      vertex 8.103278710919977 2.64 -0.8999999999999999
    endloop
  endfacet
  facet normal 0 0 -1
    outer loop
      vertex 8.19 -2.5711522162367886 -0.8999999999999999
      vertex 8.103278710919977 -2.64 -0.8999999999999999
      vertex 8.296366628056623 2.475 -0.8999999999999999
    endloop
  endfacet
  facet normal 0 0 -1
    outer loop
      vertex 8.296366628056623 -2.475 -0.8999999999999999
      vertex 8.19 -2.5711522162367886 -0.8999999999999999
      vertex 8.296366628056623 2.475 -0.8999999999999999
    endloop
  endfacet
  facet normal 0 0 -1
    outer loop
      vertex 8.3475 -2.427481600847447 -0.8999999999999999
      vertex 8.296366628056623 -2.475 -0.8999999999999999
      vertex 8.296366628056623 2.475 -0.8999999999999999
    endloop
  endfacet
  facet normal 0 0 -1
    outer loop
      vertex 8.462437124604365 -2.31 -0.8999999999999999
      vertex 8.3475 -2.427481600847447 -0.8999999999999999
      vertex 8.60752987044666 2.145 -0.8999999999999999
    endloop
  endfacet
  facet normal 0 0 -1
    outer loop
      vertex 8.505 -2.26360417770149 -0.8999999999999999
      vertex 8.462437124604365 -2.31 -0.8999999999999999
      vertex 8.60752987044666 2.145 -0.8999999999999999
    endloop
  endfacet
  facet normal 0 0 -1
    outer loop
      vertex 8.60752987044666 -2.145 -0.8999999999999999
      vertex 8.505 -2.26360417770149 -0.8999999999999999
      vertex 8.734547844985961 1.98 -0.8999999999999999
    endloop
  endfacet
  facet normal 0 0 -1
    outer loop
      vertex 8.6625 -2.074570018804785 -0.8999999999999999
      vertex 8.60752987044666 -2.145 -0.8999999999999999
      vertex 8.734547844985961 1.98 -0.8999999999999999
    endloop
  endfacet
  facet normal 0 0 -1
    outer loop
      vertex 8.734547844985961 -1.98 -0.8999999999999999
      vertex 8.6625 -2.074570018804785 -0.8999999999999999
      vertex 8.734547844985961 1.98 -0.8999999999999999
    endloop
  endfacet
  facet normal 0 0 -1
    outer loop
      vertex 8.82 -1.8510199582010838 -0.8999999999999999
      vertex 8.734547844985961 -1.98 -0.8999999999999999
      vertex 8.82 1.8510199582010838 -0.8999999999999999
    endloop
  endfacet
  facet normal 0 0 -1
    outer loop
      vertex 8.844074937857114 -1.8150000000000002 -0.8999999999999999
      vertex 8.82 -1.8510199582010838 -0.8999999999999999
      vertex 8.82 1.8510199582010838 -0.8999999999999999
    endloop
  endfacet
  facet normal 0 0 -1
    outer loop
      vertex 8.942774853493466 -1.65 -0.8999999999999999
      vertex 8.844074937857114 -1.8150000000000002 -0.8999999999999999
      vertex 8.942774853493466 1.65 -0.8999999999999999
    endloop
  endfacet
  facet normal 0 0 -1
    outer loop
      vertex 8.942774853493466 -1.65 -0.8999999999999999
      vertex 8.942774853493466 1.65 -0.8999999999999999
      vertex 9 -1.65 -0.8999999999999999
    endloop
  endfacet
  facet normal 1 0 0
    outer loop
      vertex 9 -1.65 -0.8999999999999999
      vertex 9 1.65 -0.8999999999999999
      vertex 9 -1.65 0.8999999999999999
    endloop
  endfacet
  facet normal 0 0 1
    outer loop
      vertex -4.088358592987061 2.85 0.8999999999999999
      vertex -7.398881721496582 2.6999999999999997 0.8999999999999999
      vertex -4.05 2.838613700866699 0.8999999999999999
    endloop
  endfacet
  facet normal 0 0 1
    outer loop
      vertex -8.743821430206298 -1.2 0.8999999999999999
      vertex -8.7 -1.2918631553649902 0.8999999999999999
      vertex -8.803410243988036 -1.05 0.8999999999999999
    endloop
  endfacet
  facet normal 0 0 1
    outer loop
      vertex -8.596794319152831 -1.5 0.8999999999999999
      vertex -8.549999999999999 -1.5769801139831543 0.8999999999999999
      vertex -8.67456178665161 -1.3499999999999999 0.8999999999999999
    endloop
  endfacet
  facet normal 0 0 1
    outer loop
      vertex -7.637579441070557 2.55 0.8999999999999999
      vertex -3.3075 2.64593306184701 0.8999999999999999
      vertex -3.4650000000000003 2.6657620636587454 0.8999999999999999
    endloop
  endfacet
  facet normal 0 0 1
    outer loop
      vertex -7.838328266143798 2.4 0.8999999999999999
      vertex -3.15 2.645409273167823 0.8999999999999999
      vertex -3.3075 2.64593306184701 0.8999999999999999
    endloop
  endfacet
  facet normal 0 0 1
    outer loop
      vertex -6.6838891983032225 3 0.8999999999999999
      vertex -7.099445343017578 2.85 0.8999999999999999
      vertex -4.63091697692871 3 0.8999999999999999
    endloop
  endfacet
  facet normal -0.6376078440825345 -0.770361108289108 -8.377967091900379e-19
    outer loop
      vertex -7.838328266143798 -2.4 -0.8999999999999999
      vertex -7.8 -2.431723308563232 -0.8999999999999999
      vertex -7.8 -2.431723308563232 0.8999999999999999
    endloop
  endfacet
  facet normal -0.5609366074505518 -0.827858757531661 -5.111021539877657e-19
    outer loop
      vertex -7.637579441070557 -2.55 -0.8999999999999999
      vertex -7.5 -2.6432204246520996 -0.8999999999999999
      vertex -7.5 -2.6432204246520996 0.8999999999999999
    endloop
  endfacet
  facet normal -0.5469869648159178 -0.8371411233008864 -8.309724521741339e-20
    outer loop
      vertex -7.637579441070557 -2.55 -0.8999999999999999
      vertex -7.6499999999999995 -2.541884422302246 0.8999999999999999
      vertex -7.6499999999999995 -2.541884422302246 -0.8999999999999999
    endloop
  endfacet
  facet normal 0 0 1
    outer loop
      vertex -7.099445343017578 2.85 0.8999999999999999
      vertex -7.398881721496582 2.6999999999999997 0.8999999999999999
      vertex -4.088358592987061 2.85 0.8999999999999999
    endloop
  endfacet
  facet normal 0 0 1
    outer loop
      vertex -7.637579441070557 2.55 0.8999999999999999
      vertex -3.4650000000000003 2.6657620636587454 0.8999999999999999
      vertex -7.398881721496582 2.6999999999999997 0.8999999999999999
    endloop
  endfacet
  facet normal 0 0 1
    outer loop
      vertex -7.838328266143798 2.4 0.8999999999999999
      vertex -3.3075 2.64593306184701 0.8999999999999999
      vertex -7.637579441070557 2.55 0.8999999999999999
    endloop
  endfacet
  facet normal 0 0 1
    outer loop
      vertex -6.6838891983032225 3 0.8999999999999999
      vertex -6.75 2.982608699798584 0.8999999999999999
      vertex -7.099445343017578 2.85 0.8999999999999999
    endloop
  endfacet
  facet normal 0 0 1
    outer loop
      vertex -6.75 2.982608699798584 0.8999999999999999
      vertex -6.8999999999999995 2.9342087745666503 0.8999999999999999
      vertex -7.099445343017578 2.85 0.8999999999999999
    endloop
  endfacet
  facet normal 0 0 1
    outer loop
      vertex -7.05 2.8733499526977537 0.8999999999999999
      vertex -7.099445343017578 2.85 0.8999999999999999
      vertex -6.8999999999999995 2.9342087745666503 0.8999999999999999
    endloop
  endfacet
  facet normal 0 0 1
    outer loop
      vertex -7.099445343017578 2.85 0.8999999999999999
      vertex -7.199999999999999 2.8072136878967284 0.8999999999999999
      vertex -7.398881721496582 2.6999999999999997 0.8999999999999999
    endloop
  endfacet
  facet normal 0 0 1
    outer loop
      vertex -7.35 2.729193592071533 0.8999999999999999
      vertex -7.398881721496582 2.6999999999999997 0.8999999999999999
      vertex -7.199999999999999 2.8072136878967284 0.8999999999999999
    endloop
  endfacet
  facet normal 0.2755286449350063 0.961292861629732 0
    outer loop
      vertex -4.05 2.838613700866699 0.8999999999999999
      vertex -3.9480452418634897 2.809391122113327 0.8999999999999999
      vertex -4.05 2.838613700866699 -0.8999999999999999
    endloop
  endfacet
  facet normal 0.2845659460632667 0.9586564673234715 0
    outer loop
      vertex -4.05 2.838613700866699 0.8999999999999999
      vertex -4.05 2.838613700866699 -0.8999999999999999
      vertex -4.088358592987061 2.85 0.8999999999999999
    endloop
  endfacet
  facet normal 0.29199803078583336 0.9564189197298407 -4.2833108622953366e-19
    outer loop
      vertex -4.088358592987061 2.85 0.8999999999999999
      vertex -4.2 2.8840845108032225 -0.8999999999999999
      vertex -4.2 2.8840845108032225 0.8999999999999999
    endloop
  endfacet
  facet normal 0.259639480369288 0.9657056177912429 0
    outer loop
      vertex -4.35 2.9283923149108886 -0.8999999999999999
      vertex -4.5 2.968721294403076 0.8999999999999999
      vertex -4.35 2.9283923149108886 0.8999999999999999
    endloop
  endfacet
  facet normal 0.28328511677192647 0.9590357358386161 6.861521833544489e-19
    outer loop
      vertex -4.35 2.9283923149108886 0.8999999999999999
      vertex -4.2 2.8840845108032225 0.8999999999999999
      vertex -4.2 2.8840845108032225 -0.8999999999999999
    endloop
  endfacet
  facet normal 0 0 1
    outer loop
      vertex 8.0325 -2.696549613019818 0.8999999999999999
      vertex 8.103278710919977 -2.64 0.8999999999999999
      vertex 6.463525491562421 -1.4265847744427302 0.8999999999999999
    endloop
  endfacet
  facet normal 0.23237975622275606 0.9726251327710242 -1.0117561304912858e-19
    outer loop
      vertex -4.5 2.968721294403076 0.8999999999999999
      vertex -4.63091697692871 3 -0.8999999999999999
      vertex -4.63091697692871 3 0.8999999999999999
    endloop
  endfacet
  facet normal -0.2544073926968139 0.9670971401783842 1.0463309258148667e-20
    outer loop
      vertex -6.6838891983032225 3 0.8999999999999999
      vertex -6.75 2.982608699798584 -0.8999999999999999
      vertex -6.75 2.982608699798584 0.8999999999999999
    endloop
  endfacet
  facet normal -0.3070764988344697 0.9516848343141567 0
    outer loop
      vertex -6.75 2.982608699798584 -0.8999999999999999
      vertex -6.8999999999999995 2.9342087745666503 0.8999999999999999
      vertex -6.75 2.982608699798584 0.8999999999999999
    endloop
  endfacet
  facet normal -0.3759598211487164 0.9266359656746683 0
    outer loop
      vertex -6.8999999999999995 2.9342087745666503 0.8999999999999999
      vertex -6.8999999999999995 2.9342087745666503 -0.8999999999999999
      vertex -7.05 2.8733499526977537 0.8999999999999999
    endloop
  endfacet
  facet normal -0.4270177137989178 0.9042432593621837 0
    outer loop
      vertex -7.05 2.8733499526977537 0.8999999999999999
      vertex -7.05 2.8733499526977537 -0.8999999999999999
      vertex -7.099445343017578 2.85 0.8999999999999999
    endloop
  endfacet
  facet normal -0.3915326668746319 0.9201642085899877 -9.566582319334693e-19
    outer loop
      vertex -7.099445343017578 2.85 0.8999999999999999
      vertex -7.199999999999999 2.8072136878967284 -0.8999999999999999
      vertex -7.199999999999999 2.8072136878967284 0.8999999999999999
    endloop
  endfacet
  facet normal -0.46144629188538167 0.8871681462413038 0
    outer loop
      vertex -7.199999999999999 2.8072136878967284 -0.8999999999999999
      vertex -7.35 2.729193592071533 0.8999999999999999
      vertex -7.199999999999999 2.8072136878967284 0.8999999999999999
    endloop
  endfacet
  facet normal -0.5127455431303728 0.8585406268779241 0
    outer loop
      vertex -7.35 2.729193592071533 0.8999999999999999
      vertex -7.35 2.729193592071533 -0.8999999999999999
      vertex -7.398881721496582 2.6999999999999997 0.8999999999999999
    endloop
  endfacet
  facet normal -0.4896096239857101 0.8719417504057089 -1.641604541158596e-18
    outer loop
      vertex -7.398881721496582 2.6999999999999997 0.8999999999999999
      vertex -7.5 2.6432204246520996 -0.8999999999999999
      vertex -7.5 2.6432204246520996 0.8999999999999999
    endloop
  endfacet
  facet normal -0.34596480928397483 0.9382474890651735 0
    outer loop
      vertex -1.8681120872497559 3 -0.8999999999999999
      vertex -1.95 2.96980504989624 -0.8999999999999999
      vertex -1.8681120872497559 3 0.8999999999999999
    endloop
  endfacet
  facet normal 0 0 1
    outer loop
      vertex 8.103278710919977 -2.64 0.8999999999999999
      vertex 8.19 -2.5711522162367886 0.8999999999999999
      vertex 6.463525491562421 -1.4265847744427302 0.8999999999999999
    endloop
  endfacet
  facet normal 0 0 1
    outer loop
      vertex 8.19 -2.5711522162367886 0.8999999999999999
      vertex 8.296366628056623 -2.475 0.8999999999999999
      vertex 6.463525491562421 -1.4265847744427302 0.8999999999999999
    endloop
  endfacet
  facet normal 0 0 1
    outer loop
      vertex 8.296366628056623 -2.475 0.8999999999999999
      vertex 8.3475 -2.427481600847447 0.8999999999999999
      vertex 6.463525491562421 -1.4265847744427302 0.8999999999999999
    endloop
  endfacet
  facet normal 0 0 1
    outer loop
      vertex 7.213525491562421 -0.8816778784387097 0.8999999999999999
      vertex 8.3475 -2.427481600847447 0.8999999999999999
      vertex 8.462437124604365 -2.31 0.8999999999999999
    endloop
  endfacet
  facet normal 0 0 1
    outer loop
      vertex 7.213525491562421 -0.8816778784387097 0.8999999999999999
      vertex 8.462437124604365 -2.31 0.8999999999999999
      vertex 8.505 -2.26360417770149 0.8999999999999999
    endloop
  endfacet
  facet normal -0.3537559430975099 0.9353377639779072 2.1453865469875867e-18
    outer loop
      vertex -1.95 2.96980504989624 -0.8999999999999999
      vertex -2.1 2.9130732536315915 -0.8999999999999999
      vertex -2.1 2.9130732536315915 0.8999999999999999
    endloop
  endfacet
  facet normal -0.3609102643466955 0.932600547442043 -1.0312564674694036e-18
    outer loop
      vertex -2.1 2.9130732536315915 -0.8999999999999999
      vertex -2.25 2.855024242401123 -0.8999999999999999
      vertex -2.25 2.855024242401123 0.8999999999999999
    endloop
  endfacet
  facet normal -0.3361351056749407 0.9418137770986876 7.272488885343428e-20
    outer loop
      vertex -2.25 2.855024242401123 -0.8999999999999999
      vertex -2.2640773773193357 2.85 -0.8999999999999999
      vertex -2.2640773773193357 2.85 0.8999999999999999
    endloop
  endfacet
  facet normal -0.3316196110492593 0.9434131828459565 0
    outer loop
      vertex -2.2640773773193357 2.85 -0.8999999999999999
      vertex -2.4 2.8022217750549316 -0.8999999999999999
      vertex -2.2640773773193357 2.85 0.8999999999999999
    endloop
  endfacet
  facet normal -0.31022631884141455 0.9506627325703396 -1.2593696905164852e-18
    outer loop
      vertex -2.4 2.8022217750549316 -0.8999999999999999
      vertex -2.55 2.753272819519043 -0.8999999999999999
      vertex -2.55 2.753272819519043 0.8999999999999999
    endloop
  endfacet
  facet normal -0.2699438805647752 0.962876057104771 -3.285006193084943e-19
    outer loop
      vertex -2.55 2.753272819519043 -0.8999999999999999
      vertex -2.6999999999999997 2.711220073699951 -0.8999999999999999
      vertex -2.6999999999999997 2.711220073699951 0.8999999999999999
    endloop
  endfacet
  facet normal -0.20482556820016443 0.9787984913205985 -6.84659405235342e-20
    outer loop
      vertex -2.6999999999999997 2.711220073699951 -0.8999999999999999
      vertex -2.753617286682129 2.6999999999999997 -0.8999999999999999
      vertex -2.753617286682129 2.6999999999999997 0.8999999999999999
    endloop
  endfacet
  facet normal -0.19877450256732906 0.9800452525925071 0
    outer loop
      vertex -2.753617286682129 2.6999999999999997 -0.8999999999999999
      vertex -2.85 2.680451488494873 -0.8999999999999999
      vertex -2.753617286682129 2.6999999999999997 0.8999999999999999
    endloop
  endfacet
  facet normal -0.12109437116089092 0.9926409991901142 4.024316160305904e-19
    outer loop
      vertex -2.85 2.680451488494873 -0.8999999999999999
      vertex -3 2.6621526718139648 -0.8999999999999999
      vertex -3 2.6621526718139648 0.8999999999999999
    endloop
  endfacet
  facet normal -0.033586615647619715 0.9994358104697566 -2.733736001074491e-22
    outer loop
      vertex -3.018785860985028 2.6615213621431444 -0.8999999999999999
      vertex -3 2.6621526718139648 0.8999999999999999
      vertex -3 2.6621526718139648 -0.8999999999999999
    endloop
  endfacet
  facet normal 0 0 -1
    outer loop
      vertex 2.104059276853046 3 -0.8999999999999999
      vertex -2.624799297503421 0.75 -0.8999999999999999
      vertex -1.8681120872497559 3 -0.8999999999999999
    endloop
  endfacet
  facet normal 0 0 -1
    outer loop
      vertex -3.018785860985028 2.6615213621431444 -0.8999999999999999
      vertex -3 2.6621526718139648 -0.8999999999999999
      vertex -3.15 2.645409273167823 -0.8999999999999999
    endloop
  endfacet
  facet normal -0.5919264807021711 -0.8059919611531757 0
    outer loop
      vertex -7.8 -2.431723308563232 0.8999999999999999
      vertex -7.8 -2.431723308563232 -0.8999999999999999
      vertex -7.6499999999999995 -2.541884422302246 -0.8999999999999999
    endloop
  endfacet
  facet normal -0.6815779409751429 -0.7317455229627885 0
    outer loop
      vertex -7.949999999999999 -2.3062331199645993 -0.8999999999999999
      vertex -7.949999999999999 -2.3062331199645993 0.8999999999999999
      vertex -8.010372161865234 -2.25 -0.8999999999999999
    endloop
  endfacet
  facet normal 0 0 1
    outer loop
      vertex 8.505 -2.26360417770149 0.8999999999999999
      vertex 7.4265847744427305 -0.46352549156242107 0.8999999999999999
      vertex 7.213525491562421 -0.8816778784387097 0.8999999999999999
    endloop
  endfacet
  facet normal 0 0 1
    outer loop
      vertex 8.505 -2.26360417770149 0.8999999999999999
      vertex 8.60752987044666 -2.145 0.8999999999999999
      vertex 7.4265847744427305 0.46352549156242107 0.8999999999999999
    endloop
  endfacet
  facet normal 0 0 1
    outer loop
      vertex 7.4265847744427305 0.46352549156242107 0.8999999999999999
      vertex 8.60752987044666 -2.145 0.8999999999999999
      vertex 8.6625 -2.074570018804785 0.8999999999999999
    endloop
  endfacet
  facet normal 0 0 1
    outer loop
      vertex 7.4265847744427305 0.46352549156242107 0.8999999999999999
      vertex 8.6625 -2.074570018804785 0.8999999999999999
      vertex 8.734547844985961 -1.98 0.8999999999999999
    endloop
  endfacet
  facet normal 0 0 1
    outer loop
      vertex 8.505 -2.26360417770149 0.8999999999999999
      vertex 7.5 0 0.8999999999999999
      vertex 7.4265847744427305 -0.46352549156242107 0.8999999999999999
    endloop
  endfacet
  facet normal 0 0 1
    outer loop
      vertex 7.4265847744427305 0.46352549156242107 0.8999999999999999
      vertex 8.734547844985961 -1.98 0.8999999999999999
      vertex 8.82 -1.8510199582010838 0.8999999999999999
    endloop
  endfacet
  facet normal 0 0 1
    outer loop
      vertex 7.4265847744427305 0.46352549156242107 0.8999999999999999
      vertex 8.82 -1.8510199582010838 0.8999999999999999
      vertex 8.844074937857114 -1.8150000000000002 0.8999999999999999
    endloop
  endfacet
  facet normal 0 0 1
    outer loop
      vertex 7.5 0 0.8999999999999999
      vertex 8.505 -2.26360417770149 0.8999999999999999
      vertex 7.4265847744427305 0.46352549156242107 0.8999999999999999
    endloop
  endfacet
  facet normal 0 0 1
    outer loop
      vertex 9 1.65 0.8999999999999999
      vertex 8.844074937857114 -1.8150000000000002 0.8999999999999999
      vertex 8.942774853493466 -1.65 0.8999999999999999
    endloop
  endfacet
  facet normal 0 0 1
    outer loop
      vertex 9 -1.65 0.8999999999999999
      vertex 9 1.65 0.8999999999999999
      vertex 8.942774853493466 -1.65 0.8999999999999999
    endloop
  endfacet
  facet normal -0.5127455431303728 -0.8585406268779241 -2.5241269279288874e-19
    outer loop
      vertex -7.398881721496582 -2.6999999999999997 -0.8999999999999999
      vertex -7.35 -2.729193592071533 -0.8999999999999999
      vertex -7.35 -2.729193592071533 0.8999999999999999
    endloop
  endfacet
  facet normal -0.46144629188538167 -0.8871681462413038 0
    outer loop
      vertex -7.35 -2.729193592071533 0.8999999999999999
      vertex -7.35 -2.729193592071533 -0.8999999999999999
      vertex -7.199999999999999 -2.8072136878967284 -0.8999999999999999
    endloop
  endfacet
  facet normal -0.4896096239857101 -0.8719417504057089 0
    outer loop
      vertex -7.5 -2.6432204246520996 -0.8999999999999999
      vertex -7.398881721496582 -2.6999999999999997 -0.8999999999999999
      vertex -7.5 -2.6432204246520996 0.8999999999999999
    endloop
  endfacet
  facet normal -0.3070764988344697 -0.9516848343141567 0
    outer loop
      vertex -6.8999999999999995 -2.9342087745666503 -0.8999999999999999
      vertex -6.75 -2.982608699798584 -0.8999999999999999
      vertex -6.8999999999999995 -2.9342087745666503 0.8999999999999999
    endloop
  endfacet
  facet normal -0.3759598211487164 -0.9266359656746683 0
    outer loop
      vertex -7.05 -2.8733499526977537 0.8999999999999999
      vertex -7.05 -2.8733499526977537 -0.8999999999999999
      vertex -6.8999999999999995 -2.9342087745666503 -0.8999999999999999
    endloop
  endfacet
  facet normal -0.2544073926968139 -0.9670971401783842 0
    outer loop
      vertex -6.75 -2.982608699798584 -0.8999999999999999
      vertex -6.6838891983032225 -3 -0.8999999999999999
      vertex -6.75 -2.982608699798584 0.8999999999999999
    endloop
  endfacet
  facet normal 0 -1 0
    outer loop
      vertex -4.63091697692871 -3 -0.8999999999999999
      vertex -4.63091697692871 -3 0.8999999999999999
      vertex -6.6838891983032225 -3 -0.8999999999999999
    endloop
  endfacet
  facet normal 0.23237975622275606 -0.9726251327710242 1.0117561304912858e-19
    outer loop
      vertex -4.63091697692871 -3 -0.8999999999999999
      vertex -4.5 -2.968721294403076 -0.8999999999999999
      vertex -4.5 -2.968721294403076 0.8999999999999999
    endloop
  endfacet
  facet normal 0.259639480369288 -0.9657056177912429 0
    outer loop
      vertex -4.5 -2.968721294403076 0.8999999999999999
      vertex -4.5 -2.968721294403076 -0.8999999999999999
      vertex -4.35 -2.9283923149108886 -0.8999999999999999
    endloop
  endfacet
  facet normal 0 0 -1
    outer loop
      vertex -8.403119087219238 -1.7999999999999998 -0.8999999999999999
      vertex -8.507271480560302 -1.65 -0.8999999999999999
      vertex -8.4 -1.8041802406311034 -0.8999999999999999
    endloop
  endfacet
  facet normal 0 0 -1
    outer loop
      vertex -8.25 -1.9973705291748045 -0.8999999999999999
      vertex -8.290021991729736 -1.95 -0.8999999999999999
      vertex -8.4 -1.8041802406311034 -0.8999999999999999
    endloop
  endfacet
  facet normal 0 0 -1
    outer loop
      vertex -8.159650325775146 -2.1 -0.8999999999999999
      vertex -8.25 -1.9973705291748045 -0.8999999999999999
      vertex -8.1 -2.1625694274902343 -0.8999999999999999
    endloop
  endfacet
  facet normal 0 0 -1
    outer loop
      vertex -7.949999999999999 -2.3062331199645993 -0.8999999999999999
      vertex -8.010372161865234 -2.25 -0.8999999999999999
      vertex -8.1 -2.1625694274902343 -0.8999999999999999
    endloop
  endfacet
  facet normal 0 0 -1
    outer loop
      vertex -8.4 -1.8041802406311034 -0.8999999999999999
      vertex -8.507271480560302 -1.65 -0.8999999999999999
      vertex -8.549999999999999 -1.5769801139831543 -0.8999999999999999
    endloop
  endfacet
  facet normal 0 0 -1
    outer loop
      vertex -7.8 -2.431723308563232 -0.8999999999999999
      vertex -7.838328266143798 -2.4 -0.8999999999999999
      vertex -7.949999999999999 -2.3062331199645993 -0.8999999999999999
    endloop
  endfacet
  facet normal 0 0 -1
    outer loop
      vertex -7.5 -2.6432204246520996 -0.8999999999999999
      vertex -7.637579441070557 -2.55 -0.8999999999999999
      vertex -7.398881721496582 -2.6999999999999997 -0.8999999999999999
    endloop
  endfacet
  facet normal 0 0 -1
    outer loop
      vertex -1.95 2.96980504989624 -0.8999999999999999
      vertex -1.8681120872497559 3 -0.8999999999999999
      vertex -2.624799297503421 0.75 -0.8999999999999999
    endloop
  endfacet
  facet normal 0 0 -1
    outer loop
      vertex -2.1 2.9130732536315915 -0.8999999999999999
      vertex -1.95 2.96980504989624 -0.8999999999999999
      vertex -2.624799297503421 0.75 -0.8999999999999999
    endloop
  endfacet
  facet normal 0 0 -1
    outer loop
      vertex -2.25 2.855024242401123 -0.8999999999999999
      vertex -2.1 2.9130732536315915 -0.8999999999999999
      vertex -2.624799297503421 0.75 -0.8999999999999999
    endloop
  endfacet
  facet normal 0.28328511677192647 -0.9590357358386161 0
    outer loop
      vertex -4.2 -2.8840845108032225 0.8999999999999999
      vertex -4.35 -2.9283923149108886 0.8999999999999999
      vertex -4.2 -2.8840845108032225 -0.8999999999999999
    endloop
  endfacet
  facet normal 0.29199803078583336 -0.9564189197298407 4.2833108622953366e-19
    outer loop
      vertex -4.088358592987061 -2.85 0.8999999999999999
      vertex -4.2 -2.8840845108032225 0.8999999999999999
      vertex -4.2 -2.8840845108032225 -0.8999999999999999
    endloop
  endfacet
  facet normal 0.2845659460632667 -0.9586564673234715 0
    outer loop
      vertex -4.05 -2.838613700866699 0.8999999999999999
      vertex -4.088358592987061 -2.85 0.8999999999999999
      vertex -4.05 -2.838613700866699 -0.8999999999999999
    endloop
  endfacet
  facet normal 0.2755286449350063 -0.961292861629732 0
    outer loop
      vertex -3.9480452418634897 -2.809391122113327 0.8999999999999999
      vertex -4.05 -2.838613700866699 0.8999999999999999
      vertex -3.9480452418634897 -2.809391122113327 -0.8999999999999999
    endloop
  endfacet
  facet normal 0 0 1
    outer loop
      vertex -7.398881721496582 -2.6999999999999997 0.8999999999999999
      vertex -7.35 -2.729193592071533 0.8999999999999999
      vertex -7.199999999999999 -2.8072136878967284 0.8999999999999999
    endloop
  endfacet
  facet normal 0 0 1
    outer loop
      vertex -7.199999999999999 -2.8072136878967284 0.8999999999999999
      vertex -7.099445343017578 -2.85 0.8999999999999999
      vertex -7.398881721496582 -2.6999999999999997 0.8999999999999999
    endloop
  endfacet
  facet normal -0.8214065830444909 -0.5703430768679267 1.7552954660965676e-18
    outer loop
      vertex -8.507271480560302 -1.65 -0.8999999999999999
      vertex -8.403119087219238 -1.7999999999999998 -0.8999999999999999
      vertex -8.403119087219238 -1.7999999999999998 0.8999999999999999
    endloop
  endfacet
  facet normal -0.8630908738959377 -0.5050486544854331 0
    outer loop
      vertex -8.549999999999999 -1.5769801139831543 -0.8999999999999999
      vertex -8.507271480560302 -1.65 -0.8999999999999999
      vertex -8.549999999999999 -1.5769801139831543 0.8999999999999999
    endloop
  endfacet
  facet normal -0.8545096970091685 -0.5194354413373224 0
    outer loop
      vertex -8.549999999999999 -1.5769801139831543 -0.8999999999999999
      vertex -8.549999999999999 -1.5769801139831543 0.8999999999999999
      vertex -8.596794319152831 -1.5 -0.8999999999999999
    endloop
  endfacet
  facet normal 0 0 1
    outer loop
      vertex -7.099445343017578 -2.85 0.8999999999999999
      vertex -6.8999999999999995 -2.9342087745666503 0.8999999999999999
      vertex -6.75 -2.982608699798584 0.8999999999999999
    endloop
  endfacet
  facet normal 0 0 1
    outer loop
      vertex -7.099445343017578 -2.85 0.8999999999999999
      vertex -6.75 -2.982608699798584 0.8999999999999999
      vertex -6.6838891983032225 -3 0.8999999999999999
    endloop
  endfacet
  facet normal 0 0 1
    outer loop
      vertex -7.099445343017578 -2.85 0.8999999999999999
      vertex -7.05 -2.8733499526977537 0.8999999999999999
      vertex -6.8999999999999995 -2.9342087745666503 0.8999999999999999
    endloop
  endfacet
  facet normal 0 0 1
    outer loop
      vertex -7.099445343017578 -2.85 0.8999999999999999
      vertex -6.6838891983032225 -3 0.8999999999999999
      vertex -4.63091697692871 -3 0.8999999999999999
    endloop
  endfacet
  facet normal -0.6982779361227444 -0.7158267415542399 0
    outer loop
      vertex -8.1 -2.1625694274902343 -0.8999999999999999
      vertex -8.010372161865234 -2.25 -0.8999999999999999
      vertex -8.1 -2.1625694274902343 0.8999999999999999
    endloop
  endfacet
  facet normal -0.723788936869452 -0.6900214307290669 3.7875814618251685e-19
    outer loop
      vertex -8.159650325775146 -2.1 -0.8999999999999999
      vertex -8.1 -2.1625694274902343 -0.8999999999999999
      vertex -8.1 -2.1625694274902343 0.8999999999999999
    endloop
  endfacet
  facet normal -0.7505838706559137 -0.6607751910530438 0
    outer loop
      vertex -8.25 -1.9973705291748045 -0.8999999999999999
      vertex -8.159650325775146 -2.1 -0.8999999999999999
      vertex -8.25 -1.9973705291748045 0.8999999999999999
    endloop
  endfacet
  facet normal -0.7638692343100862 -0.6453710505395501 3.1350634722400345e-19
    outer loop
      vertex -8.290021991729736 -1.95 -0.8999999999999999
      vertex -8.25 -1.9973705291748045 -0.8999999999999999
      vertex -8.25 -1.9973705291748045 0.8999999999999999
    endloop
  endfacet
  facet normal -0.79838560921022 -0.602146509585521 0
    outer loop
      vertex -8.4 -1.8041802406311034 -0.8999999999999999
      vertex -8.290021991729736 -1.95 -0.8999999999999999
      vertex -8.4 -1.8041802406311034 0.8999999999999999
    endloop
  endfacet
  facet normal -0.8014786333346227 -0.5980234111705541 0
    outer loop
      vertex -8.4 -1.8041802406311034 -0.8999999999999999
      vertex -8.4 -1.8041802406311034 0.8999999999999999
      vertex -8.403119087219238 -1.7999999999999998 -0.8999999999999999
    endloop
  endfacet
  facet normal 0 0 -1
    outer loop
      vertex -8.67456178665161 -1.3499999999999999 -0.8999999999999999
      vertex -8.549999999999999 -1.5769801139831543 -0.8999999999999999
      vertex -8.596794319152831 -1.5 -0.8999999999999999
    endloop
  endfacet
  facet normal 0 0 -1
    outer loop
      vertex -8.549999999999999 -1.5769801139831543 -0.8999999999999999
      vertex -8.67456178665161 -1.3499999999999999 -0.8999999999999999
      vertex -8.7 -1.2918631553649902 -0.8999999999999999
    endloop
  endfacet
  facet normal 0 0 -1
    outer loop
      vertex -8.743821430206298 -1.2 -0.8999999999999999
      vertex -8.803410243988036 -1.05 -0.8999999999999999
      vertex -8.7 -1.2918631553649902 -0.8999999999999999
    endloop
  endfacet
  facet normal 0 0 -1
    outer loop
      vertex -8.7 -1.2918631553649902 -0.8999999999999999
      vertex -8.803410243988036 -1.05 -0.8999999999999999
      vertex -8.849954223632812 -0.8999999999999999 -0.8999999999999999
    endloop
  endfacet
  facet normal 0 0 -1
    outer loop
      vertex -8.7 -1.2918631553649902 -0.8999999999999999
      vertex -8.849954223632812 -0.8999999999999999 -0.8999999999999999
      vertex -8.85 -0.8998243331909179 -0.8999999999999999
    endloop
  endfacet
  facet normal -0.8877794665788026 -0.4602690720883351 2.4381787461347844e-18
    outer loop
      vertex -8.67456178665161 -1.3499999999999999 -0.8999999999999999
      vertex -8.596794319152831 -1.5 -0.8999999999999999
      vertex -8.596794319152831 -1.5 0.8999999999999999
    endloop
  endfacet
  facet normal -0.9161379842974592 -0.4008630610662306 0
    outer loop
      vertex -8.7 -1.2918631553649902 -0.8999999999999999
      vertex -8.67456178665161 -1.3499999999999999 -0.8999999999999999
      vertex -8.7 -1.2918631553649902 0.8999999999999999
    endloop
  endfacet
  facet normal -0.90256637502686 -0.43055073878797806 -8.183495651394456e-19
    outer loop
      vertex -8.743821430206298 -1.2 -0.8999999999999999
      vertex -8.7 -1.2918631553649902 -0.8999999999999999
      vertex -8.7 -1.2918631553649902 0.8999999999999999
    endloop
  endfacet
  facet normal -0.9293525692723816 -0.3691934479196823 2.692605654356051e-18
    outer loop
      vertex -8.803410243988036 -1.05 -0.8999999999999999
      vertex -8.743821430206298 -1.2 -0.8999999999999999
      vertex -8.743821430206298 -1.2 0.8999999999999999
    endloop
  endfacet
  facet normal 0 0 -1
    outer loop
      vertex -2.2640773773193357 2.85 -0.8999999999999999
      vertex -2.25 2.855024242401123 -0.8999999999999999
      vertex -2.624799297503421 0.75 -0.8999999999999999
    endloop
  endfacet
  facet normal 0 0 -1
    outer loop
      vertex -2.4 2.8022217750549316 -0.8999999999999999
      vertex -2.2640773773193357 2.85 -0.8999999999999999
      vertex -2.624799297503421 0.75 -0.8999999999999999
    endloop
  endfacet
  facet normal 0 0 -1
    outer loop
      vertex -2.55 2.753272819519043 -0.8999999999999999
      vertex -2.4 2.8022217750549316 -0.8999999999999999
      vertex -2.624799297503421 0.75 -0.8999999999999999
    endloop
  endfacet
  facet normal -0.9571582725415512 -0.28956526260115123 0
    outer loop
      vertex -8.895325756072998 -0.75 -0.8999999999999999
      vertex -8.85 -0.8998243331909179 0.8999999999999999
      vertex -8.895325756072998 -0.75 0.8999999999999999
    endloop
  endfacet
  facet normal -0.9676841848949296 -0.25216525990753724 0
    outer loop
      vertex -8.85 -0.8998243331909179 0.8999999999999999
      vertex -8.849954223632812 -0.8999999999999999 -0.8999999999999999
      vertex -8.849954223632812 -0.8999999999999999 0.8999999999999999
    endloop
  endfacet
  facet normal 0 0 -1
    outer loop
      vertex -2.6999999999999997 2.711220073699951 -0.8999999999999999
      vertex -2.55 2.753272819519043 -0.8999999999999999
      vertex -2.624799297503421 0.75 -0.8999999999999999
    endloop
  endfacet
  facet normal 0 0 -1
    outer loop
      vertex -2.753617286682129 2.6999999999999997 -0.8999999999999999
      vertex -2.6999999999999997 2.711220073699951 -0.8999999999999999
      vertex -2.624799297503421 0.75 -0.8999999999999999
    endloop
  endfacet
  facet normal -0.9550780946204747 -0.2963542359679102 0
    outer loop
      vertex -8.849954223632812 -0.8999999999999999 -0.8999999999999999
      vertex -8.803410243988036 -1.05 0.8999999999999999
      vertex -8.849954223632812 -0.8999999999999999 0.8999999999999999
    endloop
  endfacet
  facet normal -0.9293525692723816 -0.3691934479196823 0
    outer loop
      vertex -8.803410243988036 -1.05 0.8999999999999999
      vertex -8.803410243988036 -1.05 -0.8999999999999999
      vertex -8.743821430206298 -1.2 0.8999999999999999
    endloop
  endfacet
  facet normal -0.90256637502686 -0.43055073878797806 0
    outer loop
      vertex -8.743821430206298 -1.2 0.8999999999999999
      vertex -8.743821430206298 -1.2 -0.8999999999999999
      vertex -8.7 -1.2918631553649902 0.8999999999999999
    endloop
  endfacet
  facet normal -0.8877794665788026 -0.4602690720883351 0
    outer loop
      vertex -8.67456178665161 -1.3499999999999999 -0.8999999999999999
      vertex -8.596794319152831 -1.5 0.8999999999999999
      vertex -8.67456178665161 -1.3499999999999999 0.8999999999999999
    endloop
  endfacet
  facet normal 0 0 -1
    outer loop
      vertex 3.4650000000000003 2.6657620636587454 -0.8999999999999999
      vertex 4.5 0.75 -0.8999999999999999
      vertex -2.624799297503421 0.75 -0.8999999999999999
    endloop
  endfacet
  facet normal 0 0 -1
    outer loop
      vertex 2.205 2.953575648801461 -0.8999999999999999
      vertex -2.624799297503421 0.75 -0.8999999999999999
      vertex 2.1690309482965686 2.97 -0.8999999999999999
    endloop
  endfacet
  facet normal 0 0 -1
    outer loop
      vertex 2.1690309482965686 2.97 -0.8999999999999999
      vertex -2.624799297503421 0.75 -0.8999999999999999
      vertex 2.104059276853046 3 -0.8999999999999999
    endloop
  endfacet
  facet normal 0 0 -1
    outer loop
      vertex 2.3625 2.883654939242748 -0.8999999999999999
      vertex -2.624799297503421 0.75 -0.8999999999999999
      vertex 2.205 2.953575648801461 -0.8999999999999999
    endloop
  endfacet
  facet normal 0 0 -1
    outer loop
      vertex 2.3625 2.883654939242748 -0.8999999999999999
      vertex 2.52 2.8140511416313903 -0.8999999999999999
      vertex -2.624799297503421 0.75 -0.8999999999999999
    endloop
  endfacet
  facet normal 0 0 -1
    outer loop
      vertex 2.52 2.8140511416313903 -0.8999999999999999
      vertex 2.543436429377236 2.805 -0.8999999999999999
      vertex -2.624799297503421 0.75 -0.8999999999999999
    endloop
  endfacet
  facet normal 0 0 -1
    outer loop
      vertex 2.6775 2.7533199732440874 -0.8999999999999999
      vertex -2.624799297503421 0.75 -0.8999999999999999
      vertex 2.543436429377236 2.805 -0.8999999999999999
    endloop
  endfacet
  facet normal 0 0 -1
    outer loop
      vertex 2.8350000000000004 2.702044146248437 -0.8999999999999999
      vertex 2.9924999999999997 2.6647490640826077 -0.8999999999999999
      vertex -2.624799297503421 0.75 -0.8999999999999999
    endloop
  endfacet
  facet normal 0 0 -1
    outer loop
      vertex 2.9924999999999997 2.6647490640826077 -0.8999999999999999
      vertex 3.3075 2.64593306184701 -0.8999999999999999
      vertex -2.624799297503421 0.75 -0.8999999999999999
    endloop
  endfacet
  facet normal 0 0 -1
    outer loop
      vertex 3.3075 2.64593306184701 -0.8999999999999999
      vertex 3.4650000000000003 2.6657620636587454 -0.8999999999999999
      vertex -2.624799297503421 0.75 -0.8999999999999999
    endloop
  endfacet
  facet normal 0 0 -1
    outer loop
      vertex 2.6775 2.7533199732440874 -0.8999999999999999
      vertex 2.8350000000000004 2.702044146248437 -0.8999999999999999
      vertex -2.624799297503421 0.75 -0.8999999999999999
    endloop
  endfacet
  facet normal -0.9161379842974592 -0.4008630610662306 2.4315244906265076e-19
    outer loop
      vertex -8.7 -1.2918631553649902 0.8999999999999999
      vertex -8.67456178665161 -1.3499999999999999 -0.8999999999999999
      vertex -8.67456178665161 -1.3499999999999999 0.8999999999999999
    endloop
  endfacet
  facet normal 0 0 1
    outer loop
      vertex -8.4 -1.8041802406311034 0.8999999999999999
      vertex -8.290021991729736 -1.95 0.8999999999999999
      vertex -8.403119087219238 -1.7999999999999998 0.8999999999999999
    endloop
  endfacet
  facet normal 0 0 1
    outer loop
      vertex -8.25 -1.9973705291748045 0.8999999999999999
      vertex -8.159650325775146 -2.1 0.8999999999999999
      vertex -8.290021991729736 -1.95 0.8999999999999999
    endloop
  endfacet
  facet normal 0 0 1
    outer loop
      vertex -8.159650325775146 -2.1 0.8999999999999999
      vertex -8.1 -2.1625694274902343 0.8999999999999999
      vertex -8.010372161865234 -2.25 0.8999999999999999
    endloop
  endfacet
  facet normal 0 0 -1
    outer loop
      vertex -2.85 2.680451488494873 -0.8999999999999999
      vertex -2.753617286682129 2.6999999999999997 -0.8999999999999999
      vertex -2.624799297503421 0.75 -0.8999999999999999
    endloop
  endfacet
  facet normal 0 0 -1
    outer loop
      vertex -3 2.6621526718139648 -0.8999999999999999
      vertex -2.85 2.680451488494873 -0.8999999999999999
      vertex -2.624799297503421 0.75 -0.8999999999999999
    endloop
  endfacet
  facet normal 0 0 -1
    outer loop
      vertex -2.624799297503421 0.75 -0.8999999999999999
      vertex -3.15 2.645409273167823 -0.8999999999999999
      vertex -3 2.6621526718139648 -0.8999999999999999
    endloop
  endfacet
  facet normal 0 0 -1
    outer loop
      vertex -2.624799297503421 0.75 -0.8999999999999999
      vertex -3.3075 2.64593306184701 -0.8999999999999999
      vertex -3.15 2.645409273167823 -0.8999999999999999
    endloop
  endfacet
  facet normal 0 0 -1
    outer loop
      vertex -2.624799297503421 0.75 -0.8999999999999999
      vertex -3.4650000000000003 2.6657620636587454 -0.8999999999999999
      vertex -3.3075 2.64593306184701 -0.8999999999999999
    endloop
  endfacet
  facet normal 0 0 1
    outer loop
      vertex -7.949999999999999 -2.3062331199645993 0.8999999999999999
      vertex -7.838328266143798 -2.4 0.8999999999999999
      vertex -8.010372161865234 -2.25 0.8999999999999999
    endloop
  endfacet
  facet normal 0 0 1
    outer loop
      vertex -7.6499999999999995 -2.541884422302246 0.8999999999999999
      vertex -7.637579441070557 -2.55 0.8999999999999999
      vertex -7.838328266143798 -2.4 0.8999999999999999
    endloop
  endfacet
  facet normal 0 0 1
    outer loop
      vertex -7.838328266143798 -2.4 0.8999999999999999
      vertex -7.8 -2.431723308563232 0.8999999999999999
      vertex -7.6499999999999995 -2.541884422302246 0.8999999999999999
    endloop
  endfacet
  facet normal 0 0 -1
    outer loop
      vertex -3.4650000000000003 2.6657620636587454 -0.8999999999999999
      vertex -2.624799297503421 0.75 -0.8999999999999999
      vertex -3.6225 2.7020346693370016 -0.8999999999999999
    endloop
  endfacet
  facet normal 0 0 -1
    outer loop
      vertex -2.624799297503421 0.75 -0.8999999999999999
      vertex -3.7800000000000002 2.7502442482137552 -0.8999999999999999
      vertex -3.6225 2.7020346693370016 -0.8999999999999999
    endloop
  endfacet
  facet normal 0 0 -1
    outer loop
      vertex -2.624799297503421 0.75 -0.8999999999999999
      vertex -3.9480452418634897 2.809391122113327 -0.8999999999999999
      vertex -3.9375 2.8051659371824265 -0.8999999999999999
    endloop
  endfacet
  facet normal 0 0 1
    outer loop
      vertex -7.637579441070557 -2.55 0.8999999999999999
      vertex -7.5 -2.6432204246520996 0.8999999999999999
      vertex -7.398881721496582 -2.6999999999999997 0.8999999999999999
    endloop
  endfacet
  facet normal 0 0 -1
    outer loop
      vertex 7.873047814591288 2.805 -0.8999999999999999
      vertex 4.5 -0.75 -0.8999999999999999
      vertex 4.5 0.75 -0.8999999999999999
    endloop
  endfacet
  facet normal 0 0 -1
    outer loop
      vertex 4.095 -2.868271803812274 -0.8999999999999999
      vertex 7.873047814591288 2.805 -0.8999999999999999
      vertex 7.875 2.8038151944859417 -0.8999999999999999
    endloop
  endfacet
  facet normal 0 0 1
    outer loop
      vertex -7.398881721496582 -2.6999999999999997 0.8999999999999999
      vertex -7.099445343017578 -2.85 0.8999999999999999
      vertex -4.05 -2.838613700866699 0.8999999999999999
    endloop
  endfacet
  facet normal 0 0 -1
    outer loop
      vertex 3.4650000000000003 2.6657620636587454 -0.8999999999999999
      vertex 3.6225 2.7020346693370016 -0.8999999999999999
      vertex 4.5 0.75 -0.8999999999999999
    endloop
  endfacet
  facet normal 0 0 -1
    outer loop
      vertex 3.6225 2.7020346693370016 -0.8999999999999999
      vertex 3.7800000000000002 2.750244248213755 -0.8999999999999999
      vertex 4.5 0.75 -0.8999999999999999
    endloop
  endfacet
  facet normal 0 0 -1
    outer loop
      vertex 4.5 0.75 -0.8999999999999999
      vertex 3.7800000000000002 2.750244248213755 -0.8999999999999999
      vertex 3.9370235096496855 2.805 -0.8999999999999999
    endloop
  endfacet
  facet normal 0 0 -1
    outer loop
      vertex 4.5 0.75 -0.8999999999999999
      vertex 3.9370235096496855 2.805 -0.8999999999999999
      vertex 3.9375 2.8051659371824265 -0.8999999999999999
    endloop
  endfacet
  facet normal 0 0 -1
    outer loop
      vertex 4.095 2.868271803812274 -0.8999999999999999
      vertex 4.5 0.75 -0.8999999999999999
      vertex 3.9375 2.8051659371824265 -0.8999999999999999
    endloop
  endfacet
  facet normal 0 0 -1
    outer loop
      vertex 4.095 2.868271803812274 -0.8999999999999999
      vertex 4.2525 2.930638597839275 -0.8999999999999999
      vertex 4.5 0.75 -0.8999999999999999
    endloop
  endfacet
  facet normal 0 0 -1
    outer loop
      vertex 4.2525 2.930638597839275 -0.8999999999999999
      vertex 4.354829324922547 2.97 -0.8999999999999999
      vertex 4.5 0.75 -0.8999999999999999
    endloop
  endfacet
  facet normal 0 0 -1
    outer loop
      vertex 4.354829324922547 2.97 -0.8999999999999999
      vertex 4.41 2.9916707438415977 -0.8999999999999999
      vertex 4.5 0.75 -0.8999999999999999
    endloop
  endfacet
  facet normal 0 0 -1
    outer loop
      vertex 4.41 2.9916707438415977 -0.8999999999999999
      vertex 4.4315197216831335 3 -0.8999999999999999
      vertex 4.5 0.75 -0.8999999999999999
    endloop
  endfacet
  facet normal 0 0 -1
    outer loop
      vertex 4.4315197216831335 3 -0.8999999999999999
      vertex 7.536178026279728 3 -0.8999999999999999
      vertex 4.5 0.75 -0.8999999999999999
    endloop
  endfacet
  facet normal 0 0 -1
    outer loop
      vertex 7.536178026279728 3 -0.8999999999999999
      vertex 7.5600000000000005 2.98825503964976 -0.8999999999999999
      vertex 4.5 0.75 -0.8999999999999999
    endloop
  endfacet
  facet normal 0 0 -1
    outer loop
      vertex 7.5600000000000005 2.98825503964976 -0.8999999999999999
      vertex 7.592425148724197 2.97 -0.8999999999999999
      vertex 4.5 0.75 -0.8999999999999999
    endloop
  endfacet
  facet normal 0 0 -1
    outer loop
      vertex 7.7175 2.9053742011843156 -0.8999999999999999
      vertex 7.873047814591288 2.805 -0.8999999999999999
      vertex 4.5 0.75 -0.8999999999999999
    endloop
  endfacet
  facet normal 0 0 -1
    outer loop
      vertex 7.592425148724197 2.97 -0.8999999999999999
      vertex 7.7175 2.9053742011843156 -0.8999999999999999
      vertex 4.5 0.75 -0.8999999999999999
    endloop
  endfacet
  facet normal 0 0 1
    outer loop
      vertex -3.6225 -2.7020346693370016 0.8999999999999999
      vertex -7.637579441070557 -2.55 0.8999999999999999
      vertex -7.398881721496582 -2.6999999999999997 0.8999999999999999
    endloop
  endfacet
  facet normal 0 0 1
    outer loop
      vertex -8.895325756072998 0.75 0.8999999999999999
      vertex 4.5 0.75 0.8999999999999999
      vertex 5.11832212156129 1.2135254915624212 0.8999999999999999
    endloop
  endfacet
  facet normal 0 0 1
    outer loop
      vertex 5.11832212156129 1.2135254915624212 0.8999999999999999
      vertex 5.536474508437579 1.4265847744427302 0.8999999999999999
      vertex -8.895325756072998 0.75 0.8999999999999999
    endloop
  endfacet
  facet normal 0 0 -1
    outer loop
      vertex -3.9370235096496855 2.805 -0.8999999999999999
      vertex -2.624799297503421 0.75 -0.8999999999999999
      vertex -3.9375 2.8051659371824265 -0.8999999999999999
    endloop
  endfacet
  facet normal 0 0 1
    outer loop
      vertex 8.19 2.5711522162367886 0.8999999999999999
      vertex -8.895325756072998 0.75 0.8999999999999999
      vertex 5.536474508437579 1.4265847744427302 0.8999999999999999
    endloop
  endfacet
  facet normal 0 0 1
    outer loop
      vertex -2.4 2.8022217750549316 0.8999999999999999
      vertex 2.543436429377236 2.805 0.8999999999999999
      vertex 2.52 2.8140511416313903 0.8999999999999999
    endloop
  endfacet
  facet normal 0 0 1
    outer loop
      vertex -2.4 2.8022217750549316 0.8999999999999999
      vertex 2.205 2.953575648801461 0.8999999999999999
      vertex 2.1690309482965686 2.97 0.8999999999999999
    endloop
  endfacet
  facet normal 0 0 1
    outer loop
      vertex -2.4 2.8022217750549316 0.8999999999999999
      vertex 2.3625 2.883654939242748 0.8999999999999999
      vertex 2.205 2.953575648801461 0.8999999999999999
    endloop
  endfacet
  facet normal 0 0 1
    outer loop
      vertex -2.4 2.8022217750549316 0.8999999999999999
      vertex 2.52 2.8140511416313903 0.8999999999999999
      vertex 2.3625 2.883654939242748 0.8999999999999999
    endloop
  endfacet
  facet normal 0 0 1
    outer loop
      vertex 2.104059276853046 3 0.8999999999999999
      vertex -1.8681120872497559 3 0.8999999999999999
      vertex 2.1690309482965686 2.97 0.8999999999999999
    endloop
  endfacet
  facet normal 0 0 -1
    outer loop
      vertex -2.624799297503421 0.75 -0.8999999999999999
      vertex -3.9370235096496855 2.805 -0.8999999999999999
      vertex -3.7800000000000002 2.7502442482137552 -0.8999999999999999
    endloop
  endfacet
  facet normal 0 0 -1
    outer loop
      vertex -4.088358592987061 2.85 -0.8999999999999999
      vertex -2.624799297503421 0.75 -0.8999999999999999
      vertex -4.2 2.8840845108032225 -0.8999999999999999
    endloop
  endfacet
  facet normal 0 0 -1
    outer loop
      vertex -2.624799297503421 0.75 -0.8999999999999999
      vertex -4.35 2.9283923149108886 -0.8999999999999999
      vertex -4.2 2.8840845108032225 -0.8999999999999999
    endloop
  endfacet
  facet normal 0 0 -1
    outer loop
      vertex -2.624799297503421 0.75 -0.8999999999999999
      vertex -4.05 2.838613700866699 -0.8999999999999999
      vertex -3.9480452418634897 2.809391122113327 -0.8999999999999999
    endloop
  endfacet
  facet normal 0 0 1
    outer loop
      vertex -7.838328266143798 2.4 0.8999999999999999
      vertex 8.103278710919977 2.64 0.8999999999999999
      vertex 3.3075 2.64593306184701 0.8999999999999999
    endloop
  endfacet
  facet normal 0 0 -1
    outer loop
      vertex -4.088358592987061 2.85 -0.8999999999999999
      vertex -4.05 2.838613700866699 -0.8999999999999999
      vertex -2.624799297503421 0.75 -0.8999999999999999
    endloop
  endfacet
  facet normal 0 0 1
    outer loop
      vertex -2.55 2.753272819519043 0.8999999999999999
      vertex 2.9924999999999997 2.6647490640826077 0.8999999999999999
      vertex 2.8350000000000004 2.702044146248437 0.8999999999999999
    endloop
  endfacet
  facet normal 0 0 1
    outer loop
      vertex -2.4 2.8022217750549316 0.8999999999999999
      vertex 2.8350000000000004 2.702044146248437 0.8999999999999999
      vertex 2.6775 2.7533199732440874 0.8999999999999999
    endloop
  endfacet
  facet normal 0 0 1
    outer loop
      vertex -2.4 2.8022217750549316 0.8999999999999999
      vertex 2.6775 2.7533199732440874 0.8999999999999999
      vertex 2.543436429377236 2.805 0.8999999999999999
    endloop
  endfacet
  facet normal 0 0 1
    outer loop
      vertex -3.4650000000000003 -2.6657620636587454 0.8999999999999999
      vertex -7.838328266143798 -2.4 0.8999999999999999
      vertex -7.637579441070557 -2.55 0.8999999999999999
    endloop
  endfacet
  facet normal 0.2755286449350063 0.961292861629732 0
    outer loop
      vertex -3.9480452418634897 2.809391122113327 -0.8999999999999999
      vertex -4.05 2.838613700866699 -0.8999999999999999
      vertex -3.9480452418634897 2.809391122113327 0.8999999999999999
    endloop
  endfacet
  facet normal 0 0 1
    outer loop
      vertex 2.6775 -2.7533199732440874 0.8999999999999999
      vertex 2.8350000000000004 -2.702044146248437 0.8999999999999999
      vertex -2.85 -2.680451488494873 0.8999999999999999
    endloop
  endfacet
  facet normal 0.29199803078583336 0.9564189197298407 0
    outer loop
      vertex -4.088358592987061 2.85 -0.8999999999999999
      vertex -4.2 2.8840845108032225 -0.8999999999999999
      vertex -4.088358592987061 2.85 0.8999999999999999
    endloop
  endfacet
  facet normal 0.28328511677192647 0.9590357358386161 6.861521833544489e-19
    outer loop
      vertex -4.2 2.8840845108032225 -0.8999999999999999
      vertex -4.35 2.9283923149108886 -0.8999999999999999
      vertex -4.35 2.9283923149108886 0.8999999999999999
    endloop
  endfacet
  facet normal 0.259639480369288 0.9657056177912429 0
    outer loop
      vertex -4.5 2.968721294403076 -0.8999999999999999
      vertex -4.5 2.968721294403076 0.8999999999999999
      vertex -4.35 2.9283923149108886 -0.8999999999999999
    endloop
  endfacet
  facet normal 0.23237975622275606 0.9726251327710242 -1.0117561304912858e-19
    outer loop
      vertex -4.63091697692871 3 -0.8999999999999999
      vertex -4.5 2.968721294403076 0.8999999999999999
      vertex -4.5 2.968721294403076 -0.8999999999999999
    endloop
  endfacet
  facet normal -0.2544073926968139 0.9670971401783842 1.0463309258148667e-20
    outer loop
      vertex -6.75 2.982608699798584 -0.8999999999999999
      vertex -6.6838891983032225 3 0.8999999999999999
      vertex -6.6838891983032225 3 -0.8999999999999999
    endloop
  endfacet
  facet normal 0 0 1
    outer loop
      vertex -8.010372161865234 2.25 0.8999999999999999
      vertex 8.19 2.5711522162367886 0.8999999999999999
      vertex 8.103278710919977 2.64 0.8999999999999999
    endloop
  endfacet
  facet normal -0.3070764988344697 0.9516848343141567 0
    outer loop
      vertex -6.8999999999999995 2.9342087745666503 -0.8999999999999999
      vertex -6.8999999999999995 2.9342087745666503 0.8999999999999999
      vertex -6.75 2.982608699798584 -0.8999999999999999
    endloop
  endfacet
  facet normal -0.3759598211487164 0.9266359656746683 0
    outer loop
      vertex -7.05 2.8733499526977537 -0.8999999999999999
      vertex -7.05 2.8733499526977537 0.8999999999999999
      vertex -6.8999999999999995 2.9342087745666503 -0.8999999999999999
    endloop
  endfacet
  facet normal -0.4270177137989178 0.9042432593621837 0
    outer loop
      vertex -7.099445343017578 2.85 -0.8999999999999999
      vertex -7.099445343017578 2.85 0.8999999999999999
      vertex -7.05 2.8733499526977537 -0.8999999999999999
    endloop
  endfacet
  facet normal -0.3915326668746319 0.9201642085899877 -9.566582319334693e-19
    outer loop
      vertex -7.199999999999999 2.8072136878967284 -0.8999999999999999
      vertex -7.099445343017578 2.85 0.8999999999999999
      vertex -7.099445343017578 2.85 -0.8999999999999999
    endloop
  endfacet
  facet normal -0.46144629188538167 0.8871681462413038 0
    outer loop
      vertex -7.35 2.729193592071533 -0.8999999999999999
      vertex -7.35 2.729193592071533 0.8999999999999999
      vertex -7.199999999999999 2.8072136878967284 -0.8999999999999999
    endloop
  endfacet
  facet normal -0.5127455431303728 0.8585406268779241 0
    outer loop
      vertex -7.398881721496582 2.6999999999999997 -0.8999999999999999
      vertex -7.398881721496582 2.6999999999999997 0.8999999999999999
      vertex -7.35 2.729193592071533 -0.8999999999999999
    endloop
  endfacet
  facet normal -0.4896096239857101 0.8719417504057089 -1.641604541158596e-18
    outer loop
      vertex -7.5 2.6432204246520996 -0.8999999999999999
      vertex -7.398881721496582 2.6999999999999997 0.8999999999999999
      vertex -7.398881721496582 2.6999999999999997 -0.8999999999999999
    endloop
  endfacet
  facet normal 0.28328511677192647 -0.9590357358386161 0
    outer loop
      vertex -4.35 -2.9283923149108886 -0.8999999999999999
      vertex -4.2 -2.8840845108032225 -0.8999999999999999
      vertex -4.35 -2.9283923149108886 0.8999999999999999
    endloop
  endfacet
  facet normal 0.29199803078583336 -0.9564189197298407 0
    outer loop
      vertex -4.088358592987061 -2.85 -0.8999999999999999
      vertex -4.088358592987061 -2.85 0.8999999999999999
      vertex -4.2 -2.8840845108032225 -0.8999999999999999
    endloop
  endfacet
  facet normal 0.2845659460632667 -0.9586564673234715 0
    outer loop
      vertex -4.088358592987061 -2.85 0.8999999999999999
      vertex -4.088358592987061 -2.85 -0.8999999999999999
      vertex -4.05 -2.838613700866699 -0.8999999999999999
    endloop
  endfacet
  facet normal 0.2755286449350063 -0.961292861629732 9.009850531622118e-19
    outer loop
      vertex -3.9480452418634897 -2.809391122113327 -0.8999999999999999
      vertex -4.05 -2.838613700866699 0.8999999999999999
      vertex -4.05 -2.838613700866699 -0.8999999999999999
    endloop
  endfacet
  facet normal 0 0 -1
    outer loop
      vertex -2.624799297503421 0.75 -0.8999999999999999
      vertex -6.6838891983032225 3 -0.8999999999999999
      vertex -4.63091697692871 3 -0.8999999999999999
    endloop
  endfacet
  facet normal 0 0 -1
    outer loop
      vertex -2.624799297503421 0.75 -0.8999999999999999
      vertex -4.5 2.968721294403076 -0.8999999999999999
      vertex -4.35 2.9283923149108886 -0.8999999999999999
    endloop
  endfacet
  facet normal 0 0 -1
    outer loop
      vertex -2.624799297503421 0.75 -0.8999999999999999
      vertex -4.63091697692871 3 -0.8999999999999999
      vertex -4.5 2.968721294403076 -0.8999999999999999
    endloop
  endfacet
  facet normal 0 0 -1
    outer loop
      vertex -2.624799297503421 0.75 -0.8999999999999999
      vertex -6.75 2.982608699798584 -0.8999999999999999
      vertex -6.6838891983032225 3 -0.8999999999999999
    endloop
  endfacet
  facet normal 0 0 -1
    outer loop
      vertex -2.624799297503421 0.75 -0.8999999999999999
      vertex -6.8999999999999995 2.9342087745666503 -0.8999999999999999
      vertex -6.75 2.982608699798584 -0.8999999999999999
    endloop
  endfacet
  facet normal 0 0 -1
    outer loop
      vertex -2.624799297503421 0.75 -0.8999999999999999
      vertex -7.05 2.8733499526977537 -0.8999999999999999
      vertex -6.8999999999999995 2.9342087745666503 -0.8999999999999999
    endloop
  endfacet
  facet normal 0 0 -1
    outer loop
      vertex -2.624799297503421 0.75 -0.8999999999999999
      vertex -7.099445343017578 2.85 -0.8999999999999999
      vertex -7.05 2.8733499526977537 -0.8999999999999999
    endloop
  endfacet
  facet normal 0 0 -1
    outer loop
      vertex -2.624799297503421 0.75 -0.8999999999999999
      vertex -7.199999999999999 2.8072136878967284 -0.8999999999999999
      vertex -7.099445343017578 2.85 -0.8999999999999999
    endloop
  endfacet
  facet normal 0 0 -1
    outer loop
      vertex -2.624799297503421 0.75 -0.8999999999999999
      vertex -7.35 2.729193592071533 -0.8999999999999999
      vertex -7.199999999999999 2.8072136878967284 -0.8999999999999999
    endloop
  endfacet
  facet normal 0 0 -1
    outer loop
      vertex -2.624799297503421 0.75 -0.8999999999999999
      vertex -7.398881721496582 2.6999999999999997 -0.8999999999999999
      vertex -7.35 2.729193592071533 -0.8999999999999999
    endloop
  endfacet
  facet normal 0 0 -1
    outer loop
      vertex -2.624799297503421 0.75 -0.8999999999999999
      vertex -7.5 2.6432204246520996 -0.8999999999999999
      vertex -7.398881721496582 2.6999999999999997 -0.8999999999999999
    endloop
  endfacet
  facet normal 0 0 -1
    outer loop
      vertex -2.624799297503421 0.75 -0.8999999999999999
      vertex -7.637579441070557 2.55 -0.8999999999999999
      vertex -7.5 2.6432204246520996 -0.8999999999999999
    endloop
  endfacet
  facet normal 0 0 -1
    outer loop
      vertex -2.624799297503421 0.75 -0.8999999999999999
      vertex -7.6499999999999995 2.541884422302246 -0.8999999999999999
      vertex -7.637579441070557 2.55 -0.8999999999999999
    endloop
  endfacet
  facet normal 0 0 -1
    outer loop
      vertex -2.624799297503421 0.75 -0.8999999999999999
      vertex -7.8 2.431723308563232 -0.8999999999999999
      vertex -7.6499999999999995 2.541884422302246 -0.8999999999999999
    endloop
  endfacet
  facet normal 0 0 -1
    outer loop
      vertex -2.624799297503421 0.75 -0.8999999999999999
      vertex -7.838328266143798 2.4 -0.8999999999999999
      vertex -7.8 2.431723308563232 -0.8999999999999999
    endloop
  endfacet
  facet normal 0 0 -1
    outer loop
      vertex -2.624799297503421 0.75 -0.8999999999999999
      vertex -7.949999999999999 2.3062331199645993 -0.8999999999999999
      vertex -7.838328266143798 2.4 -0.8999999999999999
    endloop
  endfacet
  facet normal 0 0 -1
    outer loop
      vertex -2.624799297503421 0.75 -0.8999999999999999
      vertex -8.010372161865234 2.25 -0.8999999999999999
      vertex -7.949999999999999 2.3062331199645993 -0.8999999999999999
    endloop
  endfacet
  facet normal 0 0 -1
    outer loop
      vertex -2.624799297503421 0.75 -0.8999999999999999
      vertex -8.1 2.1625694274902343 -0.8999999999999999
      vertex -8.010372161865234 2.25 -0.8999999999999999
    endloop
  endfacet
  facet normal 0 0 -1
    outer loop
      vertex -2.624799297503421 0.75 -0.8999999999999999
      vertex -8.159650325775146 2.1 -0.8999999999999999
      vertex -8.1 2.1625694274902343 -0.8999999999999999
    endloop
  endfacet
  facet normal 0 0 -1
    outer loop
      vertex -2.624799297503421 0.75 -0.8999999999999999
      vertex -8.25 1.9973705291748045 -0.8999999999999999
      vertex -8.159650325775146 2.1 -0.8999999999999999
    endloop
  endfacet
  facet normal -0.9550780946204747 -0.2963542359679102 1.5599881393974466e-19
    outer loop
      vertex -8.849954223632812 -0.8999999999999999 -0.8999999999999999
      vertex -8.803410243988036 -1.05 -0.8999999999999999
      vertex -8.803410243988036 -1.05 0.8999999999999999
    endloop
  endfacet
  facet normal 0 0 1
    outer loop
      vertex 4.5 0.75 0.8999999999999999
      vertex 4.5 0 0.8999999999999999
      vertex 4.5734152255572695 0.46352549156242107 0.8999999999999999
    endloop
  endfacet
  facet normal 0 0 1
    outer loop
      vertex 4.5734152255572695 0.46352549156242107 0.8999999999999999
      vertex 4.786474508437579 0.8816778784387097 0.8999999999999999
      vertex 4.5 0.75 0.8999999999999999
    endloop
  endfacet
  facet normal 0 0 1
    outer loop
      vertex 5.11832212156129 1.2135254915624212 0.8999999999999999
      vertex 4.5 0.75 0.8999999999999999
      vertex 4.786474508437579 0.8816778784387097 0.8999999999999999
    endloop
  endfacet
  facet normal 0 0 -1
    outer loop
      vertex -2.624799297503421 0.75 -0.8999999999999999
      vertex -8.290021991729736 1.95 -0.8999999999999999
      vertex -8.25 1.9973705291748045 -0.8999999999999999
    endloop
  endfacet
  facet normal 0 0 -1
    outer loop
      vertex -2.624799297503421 0.75 -0.8999999999999999
      vertex -8.4 1.8041802406311034 -0.8999999999999999
      vertex -8.290021991729736 1.95 -0.8999999999999999
    endloop
  endfacet
  facet normal -0.9676841848949296 -0.25216525990753724 0
    outer loop
      vertex -8.85 -0.8998243331909179 -0.8999999999999999
      vertex -8.849954223632812 -0.8999999999999999 -0.8999999999999999
      vertex -8.85 -0.8998243331909179 0.8999999999999999
    endloop
  endfacet
  facet normal 0 0 -1
    outer loop
      vertex -2.624799297503421 0.75 -0.8999999999999999
      vertex -8.403119087219238 1.7999999999999998 -0.8999999999999999
      vertex -8.4 1.8041802406311034 -0.8999999999999999
    endloop
  endfacet
  facet normal 0 0 -1
    outer loop
      vertex -2.624799297503421 0.75 -0.8999999999999999
      vertex -8.507271480560302 1.65 -0.8999999999999999
      vertex -8.403119087219238 1.7999999999999998 -0.8999999999999999
    endloop
  endfacet
  facet normal 0 0 -1
    outer loop
      vertex -2.624799297503421 0.75 -0.8999999999999999
      vertex -8.549999999999999 1.5769801139831543 -0.8999999999999999
      vertex -8.507271480560302 1.65 -0.8999999999999999
    endloop
  endfacet
  facet normal 0 0 -1
    outer loop
      vertex -2.624799297503421 0.75 -0.8999999999999999
      vertex -8.596794319152831 1.5 -0.8999999999999999
      vertex -8.549999999999999 1.5769801139831543 -0.8999999999999999
    endloop
  endfacet
  facet normal 0 0 -1
    outer loop
      vertex -2.624799297503421 0.75 -0.8999999999999999
      vertex -8.67456178665161 1.3499999999999999 -0.8999999999999999
      vertex -8.596794319152831 1.5 -0.8999999999999999
    endloop
  endfacet
  facet normal 0 0 -1
    outer loop
      vertex -2.624799297503421 0.75 -0.8999999999999999
      vertex -8.7 1.2918631553649902 -0.8999999999999999
      vertex -8.67456178665161 1.3499999999999999 -0.8999999999999999
    endloop
  endfacet
  facet normal 0 0 -1
    outer loop
      vertex -2.624799297503421 0.75 -0.8999999999999999
      vertex -8.743821430206298 1.2 -0.8999999999999999
      vertex -8.7 1.2918631553649902 -0.8999999999999999
    endloop
  endfacet
  facet normal 0 0 -1
    outer loop
      vertex -2.624799297503421 0.75 -0.8999999999999999
      vertex -8.803410243988036 1.05 -0.8999999999999999
      vertex -8.743821430206298 1.2 -0.8999999999999999
    endloop
  endfacet
  facet normal 0 0 -1
    outer loop
      vertex -2.624799297503421 0.75 -0.8999999999999999
      vertex -8.849954223632812 0.8999999999999999 -0.8999999999999999
      vertex -8.803410243988036 1.05 -0.8999999999999999
    endloop
  endfacet
  facet normal 0 0 -1
    outer loop
      vertex -2.624799297503421 0.75 -0.8999999999999999
      vertex -8.85 0.8998243331909179 -0.8999999999999999
      vertex -8.849954223632812 0.8999999999999999 -0.8999999999999999
    endloop
  endfacet
  facet normal 0 0 -1
    outer loop
      vertex -8.85 0.8998243331909179 -0.8999999999999999
      vertex -2.624799297503421 0.75 -0.8999999999999999
      vertex -8.895325756072998 0.75 -0.8999999999999999
    endloop
  endfacet
  facet normal 0 0 -1
    outer loop
      vertex 4.5 -0.75 -0.8999999999999999
      vertex -8.549999999999999 -1.5769801139831543 -0.8999999999999999
      vertex -8.7 -1.2918631553649902 -0.8999999999999999
    endloop
  endfacet
  facet normal 0 0 1
    outer loop
      vertex 8.103278710919977 2.64 0.8999999999999999
      vertex 3.4650000000000003 2.6657620636587454 0.8999999999999999
      vertex 3.3075 2.64593306184701 0.8999999999999999
    endloop
  endfacet
  facet normal 0 0 1
    outer loop
      vertex 8.103278710919977 2.64 0.8999999999999999
      vertex 3.6225 2.7020346693370016 0.8999999999999999
      vertex 3.4650000000000003 2.6657620636587454 0.8999999999999999
    endloop
  endfacet
  facet normal 0 0 1
    outer loop
      vertex 3.7800000000000002 2.750244248213755 0.8999999999999999
      vertex 3.6225 2.7020346693370016 0.8999999999999999
      vertex 8.103278710919977 2.64 0.8999999999999999
    endloop
  endfacet
  facet normal 0 0 1
    outer loop
      vertex 3.7800000000000002 2.750244248213755 0.8999999999999999
      vertex 8.0325 2.696549613019818 0.8999999999999999
      vertex 3.9370235096496855 2.805 0.8999999999999999
    endloop
  endfacet
  facet normal 0 0 1
    outer loop
      vertex 3.9375 2.8051659371824265 0.8999999999999999
      vertex 3.9370235096496855 2.805 0.8999999999999999
      vertex 7.873047814591288 2.805 0.8999999999999999
    endloop
  endfacet
  facet normal 0 0 1
    outer loop
      vertex 4.095 2.868271803812274 0.8999999999999999
      vertex 3.9375 2.8051659371824265 0.8999999999999999
      vertex 7.873047814591288 2.805 0.8999999999999999
    endloop
  endfacet
  facet normal 0 0 1
    outer loop
      vertex 4.2525 2.930638597839275 0.8999999999999999
      vertex 4.095 2.868271803812274 0.8999999999999999
      vertex 7.7175 2.9053742011843156 0.8999999999999999
    endloop
  endfacet
  facet normal 0 0 1
    outer loop
      vertex 4.2525 2.930638597839275 0.8999999999999999
      vertex 7.7175 2.9053742011843156 0.8999999999999999
      vertex 4.354829324922547 2.97 0.8999999999999999
    endloop
  endfacet
  facet normal 0 0 1
    outer loop
      vertex 4.41 2.9916707438415977 0.8999999999999999
      vertex 4.354829324922547 2.97 0.8999999999999999
      vertex 7.7175 2.9053742011843156 0.8999999999999999
    endloop
  endfacet
  facet normal 0 0 1
    outer loop
      vertex 4.4315197216831335 3 0.8999999999999999
      vertex 4.41 2.9916707438415977 0.8999999999999999
      vertex 7.5600000000000005 2.98825503964976 0.8999999999999999
    endloop
  endfacet
  facet normal 0 0 -1
    outer loop
      vertex 4.5 -0.75 -0.8999999999999999
      vertex -8.4 -1.8041802406311034 -0.8999999999999999
      vertex -8.549999999999999 -1.5769801139831543 -0.8999999999999999
    endloop
  endfacet
  facet normal 0 0 -1
    outer loop
      vertex 4.5 -0.75 -0.8999999999999999
      vertex -8.7 -1.2918631553649902 -0.8999999999999999
      vertex -8.85 -0.8998243331909179 -0.8999999999999999
    endloop
  endfacet
  facet normal 0 0 -1
    outer loop
      vertex 4.5 -0.75 -0.8999999999999999
      vertex -8.85 -0.8998243331909179 -0.8999999999999999
      vertex -8.895325756072998 -0.75 -0.8999999999999999
    endloop
  endfacet
  facet normal 0 0 -1
    outer loop
      vertex -2.1 -2.9130732536315915 -0.8999999999999999
      vertex -2.25 -2.855024242401123 -0.8999999999999999
      vertex -1.95 -2.96980504989624 -0.8999999999999999
    endloop
  endfacet
  facet normal 0 0 -1
    outer loop
      vertex -1.95 -2.96980504989624 -0.8999999999999999
      vertex -2.25 -2.855024242401123 -0.8999999999999999
      vertex -1.8681120872497559 -3 -0.8999999999999999
    endloop
  endfacet
  facet normal 0 0 -1
    outer loop
      vertex -7.199999999999999 -2.8072136878967284 -0.8999999999999999
      vertex -7.398881721496582 -2.6999999999999997 -0.8999999999999999
      vertex 4.5 -0.75 -0.8999999999999999
    endloop
  endfacet
  facet normal 0 0 -1
    outer loop
      vertex -7.6499999999999995 -2.541884422302246 -0.8999999999999999
      vertex -7.8 -2.431723308563232 -0.8999999999999999
      vertex 4.5 -0.75 -0.8999999999999999
    endloop
  endfacet
  facet normal 0 0 1
    outer loop
      vertex 5.536474508437579 1.4265847744427302 0.8999999999999999
      vertex 6 1.5 0.8999999999999999
      vertex 8.3475 2.427481600847447 0.8999999999999999
    endloop
  endfacet
  facet normal 0 0 1
    outer loop
      vertex 8.462437124604365 2.31 0.8999999999999999
      vertex 6 1.5 0.8999999999999999
      vertex 6.463525491562421 1.4265847744427302 0.8999999999999999
    endloop
  endfacet
  facet normal 0 0 1
    outer loop
      vertex 6.463525491562421 1.4265847744427302 0.8999999999999999
      vertex 6.88167787843871 1.2135254915624212 0.8999999999999999
      vertex 8.462437124604365 2.31 0.8999999999999999
    endloop
  endfacet
  facet normal 0 0 1
    outer loop
      vertex 5.536474508437579 1.4265847744427302 0.8999999999999999
      vertex 8.3475 2.427481600847447 0.8999999999999999
      vertex 8.296366628056623 2.475 0.8999999999999999
    endloop
  endfacet
  facet normal 0 0 1
    outer loop
      vertex 5.536474508437579 1.4265847744427302 0.8999999999999999
      vertex 8.296366628056623 2.475 0.8999999999999999
      vertex 8.19 2.5711522162367886 0.8999999999999999
    endloop
  endfacet
  facet normal 0 0 1
    outer loop
      vertex 3.9370235096496855 2.805 0.8999999999999999
      vertex 7.875 2.8038151944859417 0.8999999999999999
      vertex 7.873047814591288 2.805 0.8999999999999999
    endloop
  endfacet
  facet normal 0 0 1
    outer loop
      vertex 4.095 2.868271803812274 0.8999999999999999
      vertex 7.873047814591288 2.805 0.8999999999999999
      vertex 7.7175 2.9053742011843156 0.8999999999999999
    endloop
  endfacet
  facet normal 0 0 1
    outer loop
      vertex 4.41 2.9916707438415977 0.8999999999999999
      vertex 7.592425148724197 2.97 0.8999999999999999
      vertex 7.5600000000000005 2.98825503964976 0.8999999999999999
    endloop
  endfacet
  facet normal 0 0 1
    outer loop
      vertex 7.536178026279728 3 0.8999999999999999
      vertex 4.4315197216831335 3 0.8999999999999999
      vertex 7.5600000000000005 2.98825503964976 0.8999999999999999
    endloop
  endfacet
  facet normal 0 0 -1
    outer loop
      vertex -7.637579441070557 -2.55 -0.8999999999999999
      vertex -7.6499999999999995 -2.541884422302246 -0.8999999999999999
      vertex 4.5 -0.75 -0.8999999999999999
    endloop
  endfacet
  facet normal 0 0 -1
    outer loop
      vertex 4.5 -0.75 -0.8999999999999999
      vertex -7.398881721496582 -2.6999999999999997 -0.8999999999999999
      vertex -7.637579441070557 -2.55 -0.8999999999999999
    endloop
  endfacet
  facet normal 0 0 -1
    outer loop
      vertex -6.8999999999999995 -2.9342087745666503 -0.8999999999999999
      vertex -7.099445343017578 -2.85 -0.8999999999999999
      vertex 4.5 -0.75 -0.8999999999999999
    endloop
  endfacet
  facet normal 0 0 1
    outer loop
      vertex 3.7800000000000002 2.750244248213755 0.8999999999999999
      vertex 8.103278710919977 2.64 0.8999999999999999
      vertex 8.0325 2.696549613019818 0.8999999999999999
    endloop
  endfacet
  facet normal 0 0 1
    outer loop
      vertex 3.9370235096496855 2.805 0.8999999999999999
      vertex 8.0325 2.696549613019818 0.8999999999999999
      vertex 7.875 2.8038151944859417 0.8999999999999999
    endloop
  endfacet
  facet normal 0 0 1
    outer loop
      vertex 4.41 2.9916707438415977 0.8999999999999999
      vertex 7.7175 2.9053742011843156 0.8999999999999999
      vertex 7.592425148724197 2.97 0.8999999999999999
    endloop
  endfacet
  facet normal 0 0 -1
    outer loop
      vertex -6.75 -2.982608699798584 -0.8999999999999999
      vertex -6.8999999999999995 -2.9342087745666503 -0.8999999999999999
      vertex 4.5 -0.75 -0.8999999999999999
    endloop
  endfacet
  facet normal 0 0 -1
    outer loop
      vertex 4.5 -0.75 -0.8999999999999999
      vertex -7.099445343017578 -2.85 -0.8999999999999999
      vertex -7.199999999999999 -2.8072136878967284 -0.8999999999999999
    endloop
  endfacet
  facet normal 0 0 -1
    outer loop
      vertex -6.6838891983032225 -3 -0.8999999999999999
      vertex -6.75 -2.982608699798584 -0.8999999999999999
      vertex 4.5 -0.75 -0.8999999999999999
    endloop
  endfacet
  facet normal 0 0 -1
    outer loop
      vertex 4.5 -0.75 -0.8999999999999999
      vertex -7.8 -2.431723308563232 -0.8999999999999999
      vertex -7.949999999999999 -2.3062331199645993 -0.8999999999999999
    endloop
  endfacet
  facet normal 0 0 -1
    outer loop
      vertex -6.6838891983032225 -3 -0.8999999999999999
      vertex 4.5 -0.75 -0.8999999999999999
      vertex -3.6225 -2.7020346693370016 -0.8999999999999999
    endloop
  endfacet
  facet normal 0 0 -1
    outer loop
      vertex -3.4650000000000003 -2.6657620636587454 -0.8999999999999999
      vertex -3.6225 -2.7020346693370016 -0.8999999999999999
      vertex 4.5 -0.75 -0.8999999999999999
    endloop
  endfacet
  facet normal 0 1 0
    outer loop
      vertex 2.104059276853046 3 -0.8999999999999999
      vertex -1.8681120872497559 3 -0.8999999999999999
      vertex 2.104059276853046 3 0.8999999999999999
    endloop
  endfacet
  facet normal 0 0 -1
    outer loop
      vertex -3.3075 -2.64593306184701 -0.8999999999999999
      vertex -3.4650000000000003 -2.6657620636587454 -0.8999999999999999
      vertex 4.5 -0.75 -0.8999999999999999
    endloop
  endfacet
  facet normal 0 0 -1
    outer loop
      vertex -3.3075 -2.64593306184701 -0.8999999999999999
      vertex 4.5 -0.75 -0.8999999999999999
      vertex -3.15 -2.645409273167823 -0.8999999999999999
    endloop
  endfacet
  facet normal 0 0 -1
    outer loop
      vertex -3.15 -2.645409273167823 -0.8999999999999999
      vertex 4.5 -0.75 -0.8999999999999999
      vertex -3.018785860985028 -2.6615213621431444 -0.8999999999999999
    endloop
  endfacet
  facet normal 0 0 -1
    outer loop
      vertex -3.018785860985028 -2.6615213621431444 -0.8999999999999999
      vertex 4.5 -0.75 -0.8999999999999999
      vertex -3 -2.6621526718139648 -0.8999999999999999
    endloop
  endfacet
  facet normal 0 0 -1
    outer loop
      vertex -2.55 -2.753272819519043 -0.8999999999999999
      vertex -2.6999999999999997 -2.711220073699951 -0.8999999999999999
      vertex 4.5 -0.75 -0.8999999999999999
    endloop
  endfacet
  facet normal 0 0 -1
    outer loop
      vertex -2.4 -2.8022217750549316 -0.8999999999999999
      vertex -2.55 -2.753272819519043 -0.8999999999999999
      vertex 4.5 -0.75 -0.8999999999999999
    endloop
  endfacet
  facet normal 0 0 -1
    outer loop
      vertex -2.2640773773193357 -2.85 -0.8999999999999999
      vertex -2.4 -2.8022217750549316 -0.8999999999999999
      vertex 4.5 -0.75 -0.8999999999999999
    endloop
  endfacet
  facet normal 0 0 -1
    outer loop
      vertex -2.25 -2.855024242401123 -0.8999999999999999
      vertex -2.2640773773193357 -2.85 -0.8999999999999999
      vertex 4.5 -0.75 -0.8999999999999999
    endloop
  endfacet
  facet normal 0 0 -1
    outer loop
      vertex -2.85 -2.680451488494873 -0.8999999999999999
      vertex -3 -2.6621526718139648 -0.8999999999999999
      vertex 4.5 -0.75 -0.8999999999999999
    endloop
  endfacet
  facet normal 0 0 -1
    outer loop
      vertex -2.753617286682129 -2.6999999999999997 -0.8999999999999999
      vertex -2.85 -2.680451488494873 -0.8999999999999999
      vertex 4.5 -0.75 -0.8999999999999999
    endloop
  endfacet
  facet normal 0 0 -1
    outer loop
      vertex -2.6999999999999997 -2.711220073699951 -0.8999999999999999
      vertex -2.753617286682129 -2.6999999999999997 -0.8999999999999999
      vertex 4.5 -0.75 -0.8999999999999999
    endloop
  endfacet
  facet normal -0.033586615647619715 -0.9994358104697566 0
    outer loop
      vertex -3.018785860985028 -2.6615213621431444 -0.8999999999999999
      vertex -3 -2.6621526718139648 -0.8999999999999999
      vertex -3.018785860985028 -2.6615213621431444 0.8999999999999999
    endloop
  endfacet
  facet normal -0.12109437116089092 -0.9926409991901142 0
    outer loop
      vertex -3 -2.6621526718139648 -0.8999999999999999
      vertex -2.85 -2.680451488494873 -0.8999999999999999
      vertex -3 -2.6621526718139648 0.8999999999999999
    endloop
  endfacet
  facet normal -0.19877450256732906 -0.9800452525925071 0
    outer loop
      vertex -2.85 -2.680451488494873 -0.8999999999999999
      vertex -2.753617286682129 -2.6999999999999997 -0.8999999999999999
      vertex -2.85 -2.680451488494873 0.8999999999999999
    endloop
  endfacet
  facet normal 0 0 1
    outer loop
      vertex -7.5 2.6432204246520996 0.8999999999999999
      vertex -7.637579441070557 2.55 0.8999999999999999
      vertex -7.398881721496582 2.6999999999999997 0.8999999999999999
    endloop
  endfacet
  facet normal 0 0 1
    outer loop
      vertex -7.637579441070557 2.55 0.8999999999999999
      vertex -7.6499999999999995 2.541884422302246 0.8999999999999999
      vertex -7.838328266143798 2.4 0.8999999999999999
    endloop
  endfacet
  facet normal 0 0 1
    outer loop
      vertex -7.8 2.431723308563232 0.8999999999999999
      vertex -7.838328266143798 2.4 0.8999999999999999
      vertex -7.6499999999999995 2.541884422302246 0.8999999999999999
    endloop
  endfacet
  facet normal 0 0 1
    outer loop
      vertex -7.949999999999999 2.3062331199645993 0.8999999999999999
      vertex -8.010372161865234 2.25 0.8999999999999999
      vertex -7.838328266143798 2.4 0.8999999999999999
    endloop
  endfacet
  facet normal 0 1 0
    outer loop
      vertex 4.4315197216831335 3 -0.8999999999999999
      vertex 7.536178026279728 3 0.8999999999999999
      vertex 7.536178026279728 3 -0.8999999999999999
    endloop
  endfacet
  facet normal 0 0 1
    outer loop
      vertex -8.1 2.1625694274902343 0.8999999999999999
      vertex -8.159650325775146 2.1 0.8999999999999999
      vertex -8.010372161865234 2.25 0.8999999999999999
    endloop
  endfacet
  facet normal 0 0 1
    outer loop
      vertex -8.25 1.9973705291748045 0.8999999999999999
      vertex -8.290021991729736 1.95 0.8999999999999999
      vertex -8.159650325775146 2.1 0.8999999999999999
    endloop
  endfacet
  facet normal 0 0 1
    outer loop
      vertex -8.4 1.8041802406311034 0.8999999999999999
      vertex -8.403119087219238 1.7999999999999998 0.8999999999999999
      vertex -8.290021991729736 1.95 0.8999999999999999
    endloop
  endfacet
  facet normal -0.5609366074505518 0.827858757531661 0
    outer loop
      vertex -7.5 2.6432204246520996 -0.8999999999999999
      vertex -7.637579441070557 2.55 0.8999999999999999
      vertex -7.5 2.6432204246520996 0.8999999999999999
    endloop
  endfacet
  facet normal -0.5469869648159178 0.8371411233008864 8.309724521741339e-20
    outer loop
      vertex -7.637579441070557 2.55 0.8999999999999999
      vertex -7.6499999999999995 2.541884422302246 -0.8999999999999999
      vertex -7.6499999999999995 2.541884422302246 0.8999999999999999
    endloop
  endfacet
  facet normal -0.5919264807021711 0.8059919611531757 0
    outer loop
      vertex -7.6499999999999995 2.541884422302246 -0.8999999999999999
      vertex -7.8 2.431723308563232 0.8999999999999999
      vertex -7.6499999999999995 2.541884422302246 0.8999999999999999
    endloop
  endfacet
  facet normal -0.6376078440825345 0.770361108289108 0
    outer loop
      vertex -7.8 2.431723308563232 0.8999999999999999
      vertex -7.8 2.431723308563232 -0.8999999999999999
      vertex -7.838328266143798 2.4 0.8999999999999999
    endloop
  endfacet
  facet normal -0.6430417909649935 0.7658310878206327 2.0716934813530122e-18
    outer loop
      vertex -7.838328266143798 2.4 0.8999999999999999
      vertex -7.949999999999999 2.3062331199645993 -0.8999999999999999
      vertex -7.949999999999999 2.3062331199645993 0.8999999999999999
    endloop
  endfacet
  facet normal -0.6815779409751429 0.7317455229627885 0
    outer loop
      vertex -7.949999999999999 2.3062331199645993 -0.8999999999999999
      vertex -8.010372161865234 2.25 0.8999999999999999
      vertex -7.949999999999999 2.3062331199645993 0.8999999999999999
    endloop
  endfacet
  facet normal -0.6982779361227444 0.7158267415542399 -1.822931506211884e-18
    outer loop
      vertex -8.010372161865234 2.25 0.8999999999999999
      vertex -8.1 2.1625694274902343 -0.8999999999999999
      vertex -8.1 2.1625694274902343 0.8999999999999999
    endloop
  endfacet
  facet normal -0.723788936869452 0.6900214307290669 0
    outer loop
      vertex -8.1 2.1625694274902343 -0.8999999999999999
      vertex -8.159650325775146 2.1 0.8999999999999999
      vertex -8.1 2.1625694274902343 0.8999999999999999
    endloop
  endfacet
  facet normal -0.7505838706559137 0.6607751910530438 1.9573854064944856e-18
    outer loop
      vertex -8.159650325775146 2.1 0.8999999999999999
      vertex -8.25 1.9973705291748045 -0.8999999999999999
      vertex -8.25 1.9973705291748045 0.8999999999999999
    endloop
  endfacet
  facet normal -0.7638692343100862 0.6453710505395501 0
    outer loop
      vertex -8.25 1.9973705291748045 -0.8999999999999999
      vertex -8.290021991729736 1.95 0.8999999999999999
      vertex -8.25 1.9973705291748045 0.8999999999999999
    endloop
  endfacet
  facet normal -0.79838560921022 0.602146509585521 -4.2284158399948115e-18
    outer loop
      vertex -8.290021991729736 1.95 0.8999999999999999
      vertex -8.4 1.8041802406311034 -0.8999999999999999
      vertex -8.4 1.8041802406311034 0.8999999999999999
    endloop
  endfacet
  facet normal -0.8014786333346227 0.5980234111705541 0
    outer loop
      vertex -8.4 1.8041802406311034 -0.8999999999999999
      vertex -8.403119087219238 1.7999999999999998 0.8999999999999999
      vertex -8.4 1.8041802406311034 0.8999999999999999
    endloop
  endfacet
  facet normal -0.8214065830444909 0.5703430768679267 0
    outer loop
      vertex -8.403119087219238 1.7999999999999998 0.8999999999999999
      vertex -8.403119087219238 1.7999999999999998 -0.8999999999999999
      vertex -8.507271480560302 1.65 0.8999999999999999
    endloop
  endfacet
  facet normal -0.8630908738959377 0.5050486544854331 -1.3917070752880194e-18
    outer loop
      vertex -8.507271480560302 1.65 0.8999999999999999
      vertex -8.549999999999999 1.5769801139831543 -0.8999999999999999
      vertex -8.549999999999999 1.5769801139831543 0.8999999999999999
    endloop
  endfacet
  facet normal -0.8545096970091685 0.5194354413373224 0
    outer loop
      vertex -8.549999999999999 1.5769801139831543 -0.8999999999999999
      vertex -8.596794319152831 1.5 0.8999999999999999
      vertex -8.549999999999999 1.5769801139831543 0.8999999999999999
    endloop
  endfacet
  facet normal 0 0 1
    outer loop
      vertex -8.596794319152831 1.5 0.8999999999999999
      vertex -8.67456178665161 1.3499999999999999 0.8999999999999999
      vertex -8.549999999999999 1.5769801139831543 0.8999999999999999
    endloop
  endfacet
  facet normal 0 0 1
    outer loop
      vertex -8.743821430206298 1.2 0.8999999999999999
      vertex -8.803410243988036 1.05 0.8999999999999999
      vertex -8.7 1.2918631553649902 0.8999999999999999
    endloop
  endfacet
  facet normal -0.8877794665788026 0.4602690720883351 0
    outer loop
      vertex -8.596794319152831 1.5 -0.8999999999999999
      vertex -8.67456178665161 1.3499999999999999 0.8999999999999999
      vertex -8.596794319152831 1.5 0.8999999999999999
    endloop
  endfacet
  facet normal -0.9161379842974592 0.4008630610662306 -2.4315244906265076e-19
    outer loop
      vertex -8.67456178665161 1.3499999999999999 0.8999999999999999
      vertex -8.7 1.2918631553649902 -0.8999999999999999
      vertex -8.7 1.2918631553649902 0.8999999999999999
    endloop
  endfacet
  facet normal 0 1 0
    outer loop
      vertex 7.536178026279728 3 0.8999999999999999
      vertex 4.4315197216831335 3 -0.8999999999999999
      vertex 4.4315197216831335 3 0.8999999999999999
    endloop
  endfacet
  facet normal -0.90256637502686 0.43055073878797806 0
    outer loop
      vertex -8.7 1.2918631553649902 -0.8999999999999999
      vertex -8.743821430206298 1.2 0.8999999999999999
      vertex -8.7 1.2918631553649902 0.8999999999999999
    endloop
  endfacet
  facet normal -0.9293525692723816 0.3691934479196823 0
    outer loop
      vertex -8.743821430206298 1.2 0.8999999999999999
      vertex -8.743821430206298 1.2 -0.8999999999999999
      vertex -8.803410243988036 1.05 0.8999999999999999
    endloop
  endfacet
  facet normal -0.9550780946204747 0.2963542359679102 0
    outer loop
      vertex -8.803410243988036 1.05 0.8999999999999999
      vertex -8.803410243988036 1.05 -0.8999999999999999
      vertex -8.849954223632812 0.8999999999999999 0.8999999999999999
    endloop
  endfacet
  facet normal -0.9676841848949296 0.25216525990753724 0
    outer loop
      vertex -8.849954223632812 0.8999999999999999 0.8999999999999999
      vertex -8.85 0.8998243331909179 -0.8999999999999999
      vertex -8.85 0.8998243331909179 0.8999999999999999
    endloop
  endfacet
  facet normal -0.9571582725415512 0.28956526260115123 0
    outer loop
      vertex -8.85 0.8998243331909179 -0.8999999999999999
      vertex -8.895325756072998 0.75 0.8999999999999999
      vertex -8.85 0.8998243331909179 0.8999999999999999
    endloop
  endfacet
  facet normal -0.5609366074505518 0.827858757531661 0
    outer loop
      vertex -7.637579441070557 2.55 -0.8999999999999999
      vertex -7.637579441070557 2.55 0.8999999999999999
      vertex -7.5 2.6432204246520996 -0.8999999999999999
    endloop
  endfacet
  facet normal -0.5469869648159178 0.8371411233008864 8.309724521741339e-20
    outer loop
      vertex -7.6499999999999995 2.541884422302246 -0.8999999999999999
      vertex -7.637579441070557 2.55 0.8999999999999999
      vertex -7.637579441070557 2.55 -0.8999999999999999
    endloop
  endfacet
  facet normal -0.5919264807021711 0.8059919611531757 0
    outer loop
      vertex -7.8 2.431723308563232 -0.8999999999999999
      vertex -7.8 2.431723308563232 0.8999999999999999
      vertex -7.6499999999999995 2.541884422302246 -0.8999999999999999
    endloop
  endfacet
  facet normal -0.6376078440825345 0.770361108289108 0
    outer loop
      vertex -7.838328266143798 2.4 -0.8999999999999999
      vertex -7.838328266143798 2.4 0.8999999999999999
      vertex -7.8 2.431723308563232 -0.8999999999999999
    endloop
  endfacet
  facet normal -0.6430417909649935 0.7658310878206327 2.0716934813530122e-18
    outer loop
      vertex -7.949999999999999 2.3062331199645993 -0.8999999999999999
      vertex -7.838328266143798 2.4 0.8999999999999999
      vertex -7.838328266143798 2.4 -0.8999999999999999
    endloop
  endfacet
  facet normal -0.6815779409751429 0.7317455229627885 0
    outer loop
      vertex -8.010372161865234 2.25 -0.8999999999999999
      vertex -8.010372161865234 2.25 0.8999999999999999
      vertex -7.949999999999999 2.3062331199645993 -0.8999999999999999
    endloop
  endfacet
  facet normal -0.6982779361227444 0.7158267415542399 -1.822931506211884e-18
    outer loop
      vertex -8.1 2.1625694274902343 -0.8999999999999999
      vertex -8.010372161865234 2.25 0.8999999999999999
      vertex -8.010372161865234 2.25 -0.8999999999999999
    endloop
  endfacet
  facet normal -0.723788936869452 0.6900214307290669 0
    outer loop
      vertex -8.159650325775146 2.1 -0.8999999999999999
      vertex -8.159650325775146 2.1 0.8999999999999999
      vertex -8.1 2.1625694274902343 -0.8999999999999999
    endloop
  endfacet
  facet normal -0.7505838706559137 0.6607751910530438 1.9573854064944856e-18
    outer loop
      vertex -8.25 1.9973705291748045 -0.8999999999999999
      vertex -8.159650325775146 2.1 0.8999999999999999
      vertex -8.159650325775146 2.1 -0.8999999999999999
    endloop
  endfacet
  facet normal -0.7638692343100862 0.6453710505395501 0
    outer loop
      vertex -8.290021991729736 1.95 -0.8999999999999999
      vertex -8.290021991729736 1.95 0.8999999999999999
      vertex -8.25 1.9973705291748045 -0.8999999999999999
    endloop
  endfacet
  facet normal -0.79838560921022 0.602146509585521 -4.2284158399948115e-18
    outer loop
      vertex -8.4 1.8041802406311034 -0.8999999999999999
      vertex -8.290021991729736 1.95 0.8999999999999999
      vertex -8.290021991729736 1.95 -0.8999999999999999
    endloop
  endfacet
  facet normal -0.8014786333346227 0.5980234111705541 -2.4360277394691068e-20
    outer loop
      vertex -8.4 1.8041802406311034 -0.8999999999999999
      vertex -8.403119087219238 1.7999999999999998 -0.8999999999999999
      vertex -8.403119087219238 1.7999999999999998 0.8999999999999999
    endloop
  endfacet
  facet normal -0.8214065830444909 0.5703430768679267 -1.7552954660965676e-18
    outer loop
      vertex -8.403119087219238 1.7999999999999998 -0.8999999999999999
      vertex -8.507271480560302 1.65 -0.8999999999999999
      vertex -8.507271480560302 1.65 0.8999999999999999
    endloop
  endfacet
  facet normal -0.8630908738959377 0.5050486544854331 0
    outer loop
      vertex -8.507271480560302 1.65 -0.8999999999999999
      vertex -8.549999999999999 1.5769801139831543 -0.8999999999999999
      vertex -8.507271480560302 1.65 0.8999999999999999
    endloop
  endfacet
  facet normal -0.8545096970091685 0.5194354413373224 -9.036751652966292e-19
    outer loop
      vertex -8.549999999999999 1.5769801139831543 -0.8999999999999999
      vertex -8.596794319152831 1.5 -0.8999999999999999
      vertex -8.596794319152831 1.5 0.8999999999999999
    endloop
  endfacet
  facet normal -0.3316196110492593 -0.9434131828459565 -7.845326027864296e-20
    outer loop
      vertex -2.2640773773193357 -2.85 -0.8999999999999999
      vertex -2.4 -2.8022217750549316 0.8999999999999999
      vertex -2.4 -2.8022217750549316 -0.8999999999999999
    endloop
  endfacet
  facet normal -0.2699438805647752 -0.962876057104771 3.285006193084943e-19
    outer loop
      vertex -2.55 -2.753272819519043 -0.8999999999999999
      vertex -2.6999999999999997 -2.711220073699951 0.8999999999999999
      vertex -2.6999999999999997 -2.711220073699951 -0.8999999999999999
    endloop
  endfacet
  facet normal -0.20482556820016443 -0.9787984913205985 0
    outer loop
      vertex -2.6999999999999997 -2.711220073699951 -0.8999999999999999
      vertex -2.6999999999999997 -2.711220073699951 0.8999999999999999
      vertex -2.753617286682129 -2.6999999999999997 -0.8999999999999999
    endloop
  endfacet
  facet normal -0.31022631884141455 -0.9506627325703396 0
    outer loop
      vertex -2.55 -2.753272819519043 -0.8999999999999999
      vertex -2.4 -2.8022217750549316 -0.8999999999999999
      vertex -2.55 -2.753272819519043 0.8999999999999999
    endloop
  endfacet
  facet normal -0.3361351056749407 -0.9418137770986876 0
    outer loop
      vertex -2.25 -2.855024242401123 -0.8999999999999999
      vertex -2.25 -2.855024242401123 0.8999999999999999
      vertex -2.2640773773193357 -2.85 -0.8999999999999999
    endloop
  endfacet
  facet normal -0.3609102643466955 -0.932600547442043 0
    outer loop
      vertex -2.25 -2.855024242401123 -0.8999999999999999
      vertex -2.1 -2.9130732536315915 -0.8999999999999999
      vertex -2.25 -2.855024242401123 0.8999999999999999
    endloop
  endfacet
  facet normal -0.3537559430975099 -0.9353377639779072 0
    outer loop
      vertex -2.1 -2.9130732536315915 -0.8999999999999999
      vertex -1.95 -2.96980504989624 -0.8999999999999999
      vertex -2.1 -2.9130732536315915 0.8999999999999999
    endloop
  endfacet
  facet normal -0.34596480928397483 -0.9382474890651735 0
    outer loop
      vertex -1.95 -2.96980504989624 -0.8999999999999999
      vertex -1.8681120872497559 -3 -0.8999999999999999
      vertex -1.95 -2.96980504989624 0.8999999999999999
    endloop
  endfacet
  facet normal 0 -1 0
    outer loop
      vertex -1.8681120872497559 -3 -0.8999999999999999
      vertex 2.104059276853046 -3 -0.8999999999999999
      vertex -1.8681120872497559 -3 0.8999999999999999
    endloop
  endfacet
  facet normal -0.8877794665788026 0.4602690720883351 0
    outer loop
      vertex -8.67456178665161 1.3499999999999999 -0.8999999999999999
      vertex -8.67456178665161 1.3499999999999999 0.8999999999999999
      vertex -8.596794319152831 1.5 -0.8999999999999999
    endloop
  endfacet
  facet normal -0.9161379842974592 0.4008630610662306 0
    outer loop
      vertex -8.67456178665161 1.3499999999999999 -0.8999999999999999
      vertex -8.7 1.2918631553649902 -0.8999999999999999
      vertex -8.67456178665161 1.3499999999999999 0.8999999999999999
    endloop
  endfacet
  facet normal -0.90256637502686 0.43055073878797806 8.183495651394456e-19
    outer loop
      vertex -8.7 1.2918631553649902 -0.8999999999999999
      vertex -8.743821430206298 1.2 -0.8999999999999999
      vertex -8.743821430206298 1.2 0.8999999999999999
    endloop
  endfacet
  facet normal -0.9293525692723816 0.3691934479196823 -2.692605654356051e-18
    outer loop
      vertex -8.743821430206298 1.2 -0.8999999999999999
      vertex -8.803410243988036 1.05 -0.8999999999999999
      vertex -8.803410243988036 1.05 0.8999999999999999
    endloop
  endfacet
  facet normal -0.9550780946204747 0.2963542359679102 -1.5599881393974466e-19
    outer loop
      vertex -8.803410243988036 1.05 -0.8999999999999999
      vertex -8.849954223632812 0.8999999999999999 -0.8999999999999999
      vertex -8.849954223632812 0.8999999999999999 0.8999999999999999
    endloop
  endfacet
  facet normal -0.9676841848949296 0.25216525990753724 0
    outer loop
      vertex -8.849954223632812 0.8999999999999999 -0.8999999999999999
      vertex -8.85 0.8998243331909179 -0.8999999999999999
      vertex -8.849954223632812 0.8999999999999999 0.8999999999999999
    endloop
  endfacet
  facet normal -0.9571582725415512 0.28956526260115123 -9.87186682483055e-19
    outer loop
      vertex -8.85 0.8998243331909179 -0.8999999999999999
      vertex -8.895325756072998 0.75 -0.8999999999999999
      vertex -8.895325756072998 0.75 0.8999999999999999
    endloop
  endfacet
  facet normal -0.3915326668746319 -0.9201642085899877 9.566582319334693e-19
    outer loop
      vertex -7.199999999999999 -2.8072136878967284 0.8999999999999999
      vertex -7.099445343017578 -2.85 -0.8999999999999999
      vertex -7.099445343017578 -2.85 0.8999999999999999
    endloop
  endfacet
  facet normal -0.4270177137989178 -0.9042432593621837 0
    outer loop
      vertex -7.099445343017578 -2.85 -0.8999999999999999
      vertex -7.05 -2.8733499526977537 0.8999999999999999
      vertex -7.099445343017578 -2.85 0.8999999999999999
    endloop
  endfacet
  facet normal 0 0 -1
    outer loop
      vertex 8.844074937857114 -1.8150000000000002 -0.8999999999999999
      vertex 8.844074937857114 1.8150000000000002 -0.8999999999999999
      vertex 8.942774853493466 1.65 -0.8999999999999999
    endloop
  endfacet
  facet normal 0 0 -1
    outer loop
      vertex 8.505 -2.26360417770149 -0.8999999999999999
      vertex 8.6625 2.074570018804785 -0.8999999999999999
      vertex 8.734547844985961 1.98 -0.8999999999999999
    endloop
  endfacet
  facet normal 0 0 -1
    outer loop
      vertex 8.505 -2.26360417770149 -0.8999999999999999
      vertex 8.60752987044666 2.145 -0.8999999999999999
      vertex 8.6625 2.074570018804785 -0.8999999999999999
    endloop
  endfacet
  facet normal 0 0 -1
    outer loop
      vertex 8.3475 -2.427481600847447 -0.8999999999999999
      vertex 8.505 2.26360417770149 -0.8999999999999999
      vertex 8.60752987044666 2.145 -0.8999999999999999
    endloop
  endfacet
  facet normal 0 0 -1
    outer loop
      vertex 8.3475 -2.427481600847447 -0.8999999999999999
      vertex 8.462437124604365 2.31 -0.8999999999999999
      vertex 8.505 2.26360417770149 -0.8999999999999999
    endloop
  endfacet
  facet normal 0 0 -1
    outer loop
      vertex 8.82 1.8510199582010838 -0.8999999999999999
      vertex 8.734547844985961 -1.98 -0.8999999999999999
      vertex 8.734547844985961 1.98 -0.8999999999999999
    endloop
  endfacet
  facet normal 0 0 -1
    outer loop
      vertex 8.844074937857114 -1.8150000000000002 -0.8999999999999999
      vertex 8.82 1.8510199582010838 -0.8999999999999999
      vertex 8.844074937857114 1.8150000000000002 -0.8999999999999999
    endloop
  endfacet
  facet normal 0 0 -1
    outer loop
      vertex 8.942774853493466 1.65 -0.8999999999999999
      vertex 9 1.65 -0.8999999999999999
      vertex 9 -1.65 -0.8999999999999999
    endloop
  endfacet
  facet normal 0 0 -1
    outer loop
      vertex 7.875 -2.8038151944859417 -0.8999999999999999
      vertex 7.875 2.8038151944859417 -0.8999999999999999
      vertex 8.0325 2.696549613019818 -0.8999999999999999
    endloop
  endfacet
  facet normal 0 0 -1
    outer loop
      vertex 8.103278710919977 -2.64 -0.8999999999999999
      vertex 8.19 2.5711522162367886 -0.8999999999999999
      vertex 8.296366628056623 2.475 -0.8999999999999999
    endloop
  endfacet
  facet normal 0 0 -1
    outer loop
      vertex 7.875 -2.8038151944859417 -0.8999999999999999
      vertex 8.0325 2.696549613019818 -0.8999999999999999
      vertex 8.103278710919977 2.64 -0.8999999999999999
    endloop
  endfacet
  facet normal 0 0 -1
    outer loop
      vertex 8.103278710919977 -2.64 -0.8999999999999999
      vertex 8.103278710919977 2.64 -0.8999999999999999
      vertex 8.19 2.5711522162367886 -0.8999999999999999
    endloop
  endfacet
  facet normal 0 0 -1
    outer loop
      vertex 8.3475 -2.427481600847447 -0.8999999999999999
      vertex 8.3475 2.427481600847447 -0.8999999999999999
      vertex 8.462437124604365 2.31 -0.8999999999999999
    endloop
  endfacet
  facet normal 0 0 -1
    outer loop
      vertex 8.3475 -2.427481600847447 -0.8999999999999999
      vertex 8.296366628056623 2.475 -0.8999999999999999
      vertex 8.3475 2.427481600847447 -0.8999999999999999
    endloop
  endfacet
  facet normal -0.4896096239857101 -0.8719417504057089 1.641604541158596e-18
    outer loop
      vertex -7.5 -2.6432204246520996 0.8999999999999999
      vertex -7.398881721496582 -2.6999999999999997 -0.8999999999999999
      vertex -7.398881721496582 -2.6999999999999997 0.8999999999999999
    endloop
  endfacet
  facet normal -0.5127455431303728 -0.8585406268779241 0
    outer loop
      vertex -7.398881721496582 -2.6999999999999997 0.8999999999999999
      vertex -7.398881721496582 -2.6999999999999997 -0.8999999999999999
      vertex -7.35 -2.729193592071533 0.8999999999999999
    endloop
  endfacet
  facet normal -0.8014786333346227 -0.5980234111705541 0
    outer loop
      vertex -8.403119087219238 -1.7999999999999998 0.8999999999999999
      vertex -8.403119087219238 -1.7999999999999998 -0.8999999999999999
      vertex -8.4 -1.8041802406311034 0.8999999999999999
    endloop
  endfacet
  facet normal -0.7638692343100862 -0.6453710505395501 0
    outer loop
      vertex -8.290021991729736 -1.95 -0.8999999999999999
      vertex -8.25 -1.9973705291748045 0.8999999999999999
      vertex -8.290021991729736 -1.95 0.8999999999999999
    endloop
  endfacet
  facet normal -0.79838560921022 -0.602146509585521 4.2284158399948115e-18
    outer loop
      vertex -8.4 -1.8041802406311034 0.8999999999999999
      vertex -8.290021991729736 -1.95 -0.8999999999999999
      vertex -8.290021991729736 -1.95 0.8999999999999999
    endloop
  endfacet
  facet normal -0.7505838706559137 -0.6607751910530438 -1.9573854064944856e-18
    outer loop
      vertex -8.25 -1.9973705291748045 0.8999999999999999
      vertex -8.159650325775146 -2.1 -0.8999999999999999
      vertex -8.159650325775146 -2.1 0.8999999999999999
    endloop
  endfacet
  facet normal 1 0 0
    outer loop
      vertex 9 1.65 0.8999999999999999
      vertex 9 -1.65 0.8999999999999999
      vertex 9 1.65 -0.8999999999999999
    endloop
  endfacet
  facet normal -0.723788936869452 -0.6900214307290669 0
    outer loop
      vertex -8.159650325775146 -2.1 -0.8999999999999999
      vertex -8.1 -2.1625694274902343 0.8999999999999999
      vertex -8.159650325775146 -2.1 0.8999999999999999
    endloop
  endfacet
  facet normal 0 0 1
    outer loop
      vertex 8.844074937857114 -1.8150000000000002 0.8999999999999999
      vertex 8.942774853493466 1.65 0.8999999999999999
      vertex 7.4265847744427305 0.46352549156242107 0.8999999999999999
    endloop
  endfacet
  facet normal 0 0 1
    outer loop
      vertex 8.844074937857114 -1.8150000000000002 0.8999999999999999
      vertex 9 1.65 0.8999999999999999
      vertex 8.942774853493466 1.65 0.8999999999999999
    endloop
  endfacet
  facet normal 0 0 1
    outer loop
      vertex 7.213525491562421 0.8816778784387097 0.8999999999999999
      vertex 7.4265847744427305 0.46352549156242107 0.8999999999999999
      vertex 8.6625 2.074570018804785 0.8999999999999999
    endloop
  endfacet
  facet normal 0 0 1
    outer loop
      vertex 7.213525491562421 0.8816778784387097 0.8999999999999999
      vertex 8.60752987044666 2.145 0.8999999999999999
      vertex 6.88167787843871 1.2135254915624212 0.8999999999999999
    endloop
  endfacet
  facet normal 0 0 1
    outer loop
      vertex 8.942774853493466 1.65 0.8999999999999999
      vertex 8.844074937857114 1.8150000000000002 0.8999999999999999
      vertex 7.4265847744427305 0.46352549156242107 0.8999999999999999
    endloop
  endfacet
  facet normal 0 0 1
    outer loop
      vertex 8.844074937857114 1.8150000000000002 0.8999999999999999
      vertex 8.82 1.8510199582010838 0.8999999999999999
      vertex 7.4265847744427305 0.46352549156242107 0.8999999999999999
    endloop
  endfacet
  facet normal 0 0 1
    outer loop
      vertex 8.82 1.8510199582010838 0.8999999999999999
      vertex 8.734547844985961 1.98 0.8999999999999999
      vertex 7.4265847744427305 0.46352549156242107 0.8999999999999999
    endloop
  endfacet
  facet normal -0.6982779361227444 -0.7158267415542399 1.822931506211884e-18
    outer loop
      vertex -8.1 -2.1625694274902343 0.8999999999999999
      vertex -8.010372161865234 -2.25 -0.8999999999999999
      vertex -8.010372161865234 -2.25 0.8999999999999999
    endloop
  endfacet
  facet normal -0.8545096970091685 -0.5194354413373224 0
    outer loop
      vertex -8.596794319152831 -1.5 -0.8999999999999999
      vertex -8.549999999999999 -1.5769801139831543 0.8999999999999999
      vertex -8.596794319152831 -1.5 0.8999999999999999
    endloop
  endfacet
  facet normal 0 0 1
    outer loop
      vertex 8.734547844985961 1.98 0.8999999999999999
      vertex 8.6625 2.074570018804785 0.8999999999999999
      vertex 7.4265847744427305 0.46352549156242107 0.8999999999999999
    endloop
  endfacet
  facet normal 0 0 1
    outer loop
      vertex 8.60752987044666 2.145 0.8999999999999999
      vertex 7.213525491562421 0.8816778784387097 0.8999999999999999
      vertex 8.6625 2.074570018804785 0.8999999999999999
    endloop
  endfacet
  facet normal 0 0 1
    outer loop
      vertex 8.60752987044666 2.145 0.8999999999999999
      vertex 8.505 2.26360417770149 0.8999999999999999
      vertex 6.88167787843871 1.2135254915624212 0.8999999999999999
    endloop
  endfacet
  facet normal 0 0 1
    outer loop
      vertex 6.88167787843871 1.2135254915624212 0.8999999999999999
      vertex 8.505 2.26360417770149 0.8999999999999999
      vertex 8.462437124604365 2.31 0.8999999999999999
    endloop
  endfacet
  facet normal 0 0 1
    outer loop
      vertex 6 1.5 0.8999999999999999
      vertex 8.462437124604365 2.31 0.8999999999999999
      vertex 8.3475 2.427481600847447 0.8999999999999999
    endloop
  endfacet
  facet normal -0.46144629188538167 -0.8871681462413038 1.2246025401229546e-19
    outer loop
      vertex -7.35 -2.729193592071533 0.8999999999999999
      vertex -7.199999999999999 -2.8072136878967284 -0.8999999999999999
      vertex -7.199999999999999 -2.8072136878967284 0.8999999999999999
    endloop
  endfacet
  facet normal -0.3759598211487164 -0.9266359656746683 -2.761770477900502e-18
    outer loop
      vertex -7.05 -2.8733499526977537 0.8999999999999999
      vertex -6.8999999999999995 -2.9342087745666503 -0.8999999999999999
      vertex -6.8999999999999995 -2.9342087745666503 0.8999999999999999
    endloop
  endfacet
  facet normal -0.3070764988344697 -0.9516848343141567 1.0300274128625501e-18
    outer loop
      vertex -6.8999999999999995 -2.9342087745666503 0.8999999999999999
      vertex -6.75 -2.982608699798584 -0.8999999999999999
      vertex -6.75 -2.982608699798584 0.8999999999999999
    endloop
  endfacet
  facet normal -0.8630908738959377 -0.5050486544854331 1.3917070752880194e-18
    outer loop
      vertex -8.549999999999999 -1.5769801139831543 0.8999999999999999
      vertex -8.507271480560302 -1.65 -0.8999999999999999
      vertex -8.507271480560302 -1.65 0.8999999999999999
    endloop
  endfacet
  facet normal -0.2544073926968139 -0.9670971401783842 -1.0463309258148667e-20
    outer loop
      vertex -6.75 -2.982608699798584 0.8999999999999999
      vertex -6.6838891983032225 -3 -0.8999999999999999
      vertex -6.6838891983032225 -3 0.8999999999999999
    endloop
  endfacet
  facet normal 0 -1 0
    outer loop
      vertex -6.6838891983032225 -3 0.8999999999999999
      vertex -6.6838891983032225 -3 -0.8999999999999999
      vertex -4.63091697692871 -3 0.8999999999999999
    endloop
  endfacet
  facet normal 0 0 1
    outer loop
      vertex 2.104059276853046 -3 0.8999999999999999
      vertex -2.25 -2.855024242401123 0.8999999999999999
      vertex -1.8681120872497559 -3 0.8999999999999999
    endloop
  endfacet
  facet normal 0 0 1
    outer loop
      vertex 2.3625 -2.883654939242748 0.8999999999999999
      vertex -2.4 -2.8022217750549316 0.8999999999999999
      vertex -2.2640773773193357 -2.85 0.8999999999999999
    endloop
  endfacet
  facet normal 0 0 1
    outer loop
      vertex 2.3625 -2.883654939242748 0.8999999999999999
      vertex -2.2640773773193357 -2.85 0.8999999999999999
      vertex -2.25 -2.855024242401123 0.8999999999999999
    endloop
  endfacet
  facet normal 0 0 1
    outer loop
      vertex 2.3625 -2.883654939242748 0.8999999999999999
      vertex -2.55 -2.753272819519043 0.8999999999999999
      vertex -2.4 -2.8022217750549316 0.8999999999999999
    endloop
  endfacet
  facet normal 0 0 1
    outer loop
      vertex 2.3625 -2.883654939242748 0.8999999999999999
      vertex -2.753617286682129 -2.6999999999999997 0.8999999999999999
      vertex -2.6999999999999997 -2.711220073699951 0.8999999999999999
    endloop
  endfacet
  facet normal 0 0 1
    outer loop
      vertex 2.3625 -2.883654939242748 0.8999999999999999
      vertex -2.6999999999999997 -2.711220073699951 0.8999999999999999
      vertex -2.55 -2.753272819519043 0.8999999999999999
    endloop
  endfacet
  facet normal 0 0 1
    outer loop
      vertex 2.3625 -2.883654939242748 0.8999999999999999
      vertex -2.85 -2.680451488494873 0.8999999999999999
      vertex -2.753617286682129 -2.6999999999999997 0.8999999999999999
    endloop
  endfacet
  facet normal 0 0 1
    outer loop
      vertex -8.403119087219238 -1.7999999999999998 0.8999999999999999
      vertex -2.85 -2.680451488494873 0.8999999999999999
      vertex 4.5 -0.75 0.8999999999999999
    endloop
  endfacet
  facet normal 0 0 1
    outer loop
      vertex -2.25 -2.855024242401123 0.8999999999999999
      vertex -1.95 -2.96980504989624 0.8999999999999999
      vertex -1.8681120872497559 -3 0.8999999999999999
    endloop
  endfacet
  facet normal 0 0 1
    outer loop
      vertex -2.25 -2.855024242401123 0.8999999999999999
      vertex -2.1 -2.9130732536315915 0.8999999999999999
      vertex -1.95 -2.96980504989624 0.8999999999999999
    endloop
  endfacet
  facet normal 0 0 1
    outer loop
      vertex -3.018785860985028 -2.6615213621431444 0.8999999999999999
      vertex -3 -2.6621526718139648 0.8999999999999999
      vertex -3.15 -2.645409273167823 0.8999999999999999
    endloop
  endfacet
  facet normal -0.34596480928397483 -0.9382474890651735 -9.091208427678746e-19
    outer loop
      vertex -1.95 -2.96980504989624 0.8999999999999999
      vertex -1.8681120872497559 -3 -0.8999999999999999
      vertex -1.8681120872497559 -3 0.8999999999999999
    endloop
  endfacet
  facet normal -0.3537559430975099 -0.9353377639779072 -2.1453865469875867e-18
    outer loop
      vertex -2.1 -2.9130732536315915 0.8999999999999999
      vertex -1.95 -2.96980504989624 -0.8999999999999999
      vertex -1.95 -2.96980504989624 0.8999999999999999
    endloop
  endfacet
  facet normal -0.3609102643466955 -0.932600547442043 1.0312564674694036e-18
    outer loop
      vertex -2.25 -2.855024242401123 0.8999999999999999
      vertex -2.1 -2.9130732536315915 -0.8999999999999999
      vertex -2.1 -2.9130732536315915 0.8999999999999999
    endloop
  endfacet
  facet normal -0.3361351056749407 -0.9418137770986876 0
    outer loop
      vertex -2.2640773773193357 -2.85 -0.8999999999999999
      vertex -2.25 -2.855024242401123 0.8999999999999999
      vertex -2.2640773773193357 -2.85 0.8999999999999999
    endloop
  endfacet
  facet normal -0.3316196110492593 -0.9434131828459565 -7.845326027864296e-20
    outer loop
      vertex -2.4 -2.8022217750549316 0.8999999999999999
      vertex -2.2640773773193357 -2.85 -0.8999999999999999
      vertex -2.2640773773193357 -2.85 0.8999999999999999
    endloop
  endfacet
  facet normal -0.31022631884141455 -0.9506627325703396 1.2593696905164852e-18
    outer loop
      vertex -2.55 -2.753272819519043 0.8999999999999999
      vertex -2.4 -2.8022217750549316 -0.8999999999999999
      vertex -2.4 -2.8022217750549316 0.8999999999999999
    endloop
  endfacet
  facet normal -0.20482556820016443 -0.9787984913205985 0
    outer loop
      vertex -2.753617286682129 -2.6999999999999997 0.8999999999999999
      vertex -2.753617286682129 -2.6999999999999997 -0.8999999999999999
      vertex -2.6999999999999997 -2.711220073699951 0.8999999999999999
    endloop
  endfacet
  facet normal -0.19877450256732906 -0.9800452525925071 -1.6369215028108752e-19
    outer loop
      vertex -2.85 -2.680451488494873 0.8999999999999999
      vertex -2.753617286682129 -2.6999999999999997 -0.8999999999999999
      vertex -2.753617286682129 -2.6999999999999997 0.8999999999999999
    endloop
  endfacet
  facet normal -0.2699438805647752 -0.962876057104771 3.285006193084943e-19
    outer loop
      vertex -2.6999999999999997 -2.711220073699951 0.8999999999999999
      vertex -2.55 -2.753272819519043 -0.8999999999999999
      vertex -2.55 -2.753272819519043 0.8999999999999999
    endloop
  endfacet
  facet normal -0.12109437116089092 -0.9926409991901142 0
    outer loop
      vertex -2.85 -2.680451488494873 0.8999999999999999
      vertex -3 -2.6621526718139648 0.8999999999999999
      vertex -2.85 -2.680451488494873 -0.8999999999999999
    endloop
  endfacet
  facet normal -0.033586615647619715 -0.9994358104697566 2.733736001074491e-22
    outer loop
      vertex -3.018785860985028 -2.6615213621431444 0.8999999999999999
      vertex -3 -2.6621526718139648 -0.8999999999999999
      vertex -3 -2.6621526718139648 0.8999999999999999
    endloop
  endfacet
  facet normal 0 0 1
    outer loop
      vertex -8.895325756072998 -0.75 0.8999999999999999
      vertex -8.85 -0.8998243331909179 0.8999999999999999
      vertex 4.5 -0.75 0.8999999999999999
    endloop
  endfacet
  facet normal 0 0 1
    outer loop
      vertex -8.85 -0.8998243331909179 0.8999999999999999
      vertex -8.849954223632812 -0.8999999999999999 0.8999999999999999
      vertex 4.5 -0.75 0.8999999999999999
    endloop
  endfacet
  facet normal 0 0 1
    outer loop
      vertex -8.849954223632812 -0.8999999999999999 0.8999999999999999
      vertex -8.803410243988036 -1.05 0.8999999999999999
      vertex 4.5 -0.75 0.8999999999999999
    endloop
  endfacet
  facet normal 0 0 1
    outer loop
      vertex -8.803410243988036 -1.05 0.8999999999999999
      vertex -8.7 -1.2918631553649902 0.8999999999999999
      vertex 4.5 -0.75 0.8999999999999999
    endloop
  endfacet
  facet normal 0 0 1
    outer loop
      vertex -8.549999999999999 -1.5769801139831543 0.8999999999999999
      vertex -8.507271480560302 -1.65 0.8999999999999999
      vertex 4.5 -0.75 0.8999999999999999
    endloop
  endfacet
  facet normal 0 0 1
    outer loop
      vertex -8.507271480560302 -1.65 0.8999999999999999
      vertex -8.403119087219238 -1.7999999999999998 0.8999999999999999
      vertex 4.5 -0.75 0.8999999999999999
    endloop
  endfacet
  facet normal 0 0 1
    outer loop
      vertex -8.7 -1.2918631553649902 0.8999999999999999
      vertex -8.67456178665161 -1.3499999999999999 0.8999999999999999
      vertex 4.5 -0.75 0.8999999999999999
    endloop
  endfacet
  facet normal 0 0 1
    outer loop
      vertex -8.67456178665161 -1.3499999999999999 0.8999999999999999
      vertex -8.549999999999999 -1.5769801139831543 0.8999999999999999
      vertex 4.5 -0.75 0.8999999999999999
    endloop
  endfacet
  facet normal -0.9571582725415512 -0.28956526260115123 0
    outer loop
      vertex -8.85 -0.8998243331909179 -0.8999999999999999
      vertex -8.85 -0.8998243331909179 0.8999999999999999
      vertex -8.895325756072998 -0.75 -0.8999999999999999
    endloop
  endfacet
  facet normal -0.8214065830444909 -0.5703430768679267 0
    outer loop
      vertex -8.507271480560302 -1.65 -0.8999999999999999
      vertex -8.403119087219238 -1.7999999999999998 0.8999999999999999
      vertex -8.507271480560302 -1.65 0.8999999999999999
    endloop
  endfacet
  facet normal 0 0 1
    outer loop
      vertex -8.290021991729736 -1.95 0.8999999999999999
      vertex -3 -2.6621526718139648 0.8999999999999999
      vertex -2.85 -2.680451488494873 0.8999999999999999
    endloop
  endfacet
  facet normal 0 0 1
    outer loop
      vertex -3.15 -2.645409273167823 0.8999999999999999
      vertex -3 -2.6621526718139648 0.8999999999999999
      vertex -8.290021991729736 -1.95 0.8999999999999999
    endloop
  endfacet
  facet normal 0 0 1
    outer loop
      vertex -3.15 -2.645409273167823 0.8999999999999999
      vertex -8.159650325775146 -2.1 0.8999999999999999
      vertex -3.3075 -2.64593306184701 0.8999999999999999
    endloop
  endfacet
  facet normal 0 0 1
    outer loop
      vertex -3.3075 -2.64593306184701 0.8999999999999999
      vertex -7.838328266143798 -2.4 0.8999999999999999
      vertex -3.4650000000000003 -2.6657620636587454 0.8999999999999999
    endloop
  endfacet
  facet normal 0 0 1
    outer loop
      vertex -3.4650000000000003 -2.6657620636587454 0.8999999999999999
      vertex -7.637579441070557 -2.55 0.8999999999999999
      vertex -3.6225 -2.7020346693370016 0.8999999999999999
    endloop
  endfacet
  facet normal 0 0 1
    outer loop
      vertex -3.6225 -2.7020346693370016 0.8999999999999999
      vertex -7.398881721496582 -2.6999999999999997 0.8999999999999999
      vertex -3.7800000000000002 -2.7502442482137552 0.8999999999999999
    endloop
  endfacet
  facet normal 0 0 1
    outer loop
      vertex -3.7800000000000002 -2.7502442482137552 0.8999999999999999
      vertex -7.398881721496582 -2.6999999999999997 0.8999999999999999
      vertex -3.9370235096496855 -2.805 0.8999999999999999
    endloop
  endfacet
  facet normal 0 0 1
    outer loop
      vertex -3.9480452418634897 -2.809391122113327 0.8999999999999999
      vertex -3.9375 -2.8051659371824265 0.8999999999999999
      vertex -7.398881721496582 -2.6999999999999997 0.8999999999999999
    endloop
  endfacet
  facet normal 0 0 1
    outer loop
      vertex -3.9375 -2.8051659371824265 0.8999999999999999
      vertex -3.9370235096496855 -2.805 0.8999999999999999
      vertex -7.398881721496582 -2.6999999999999997 0.8999999999999999
    endloop
  endfacet
  facet normal 0 0 1
    outer loop
      vertex -3.9480452418634897 -2.809391122113327 0.8999999999999999
      vertex -7.398881721496582 -2.6999999999999997 0.8999999999999999
      vertex -4.05 -2.838613700866699 0.8999999999999999
    endloop
  endfacet
  facet normal 0 0 1
    outer loop
      vertex -4.05 -2.838613700866699 0.8999999999999999
      vertex -7.099445343017578 -2.85 0.8999999999999999
      vertex -4.088358592987061 -2.85 0.8999999999999999
    endloop
  endfacet
  facet normal -0.6376078440825345 -0.770361108289108 0
    outer loop
      vertex -7.838328266143798 -2.4 -0.8999999999999999
      vertex -7.8 -2.431723308563232 0.8999999999999999
      vertex -7.838328266143798 -2.4 0.8999999999999999
    endloop
  endfacet
  facet normal -0.6430417909649935 -0.7658310878206327 -2.0716934813530122e-18
    outer loop
      vertex -7.949999999999999 -2.3062331199645993 0.8999999999999999
      vertex -7.838328266143798 -2.4 -0.8999999999999999
      vertex -7.838328266143798 -2.4 0.8999999999999999
    endloop
  endfacet
  facet normal -0.5919264807021711 -0.8059919611531757 -4.9764405961671266e-18
    outer loop
      vertex -7.8 -2.431723308563232 0.8999999999999999
      vertex -7.6499999999999995 -2.541884422302246 -0.8999999999999999
      vertex -7.6499999999999995 -2.541884422302246 0.8999999999999999
    endloop
  endfacet
  facet normal -0.5609366074505518 -0.827858757531661 0
    outer loop
      vertex -7.637579441070557 -2.55 0.8999999999999999
      vertex -7.637579441070557 -2.55 -0.8999999999999999
      vertex -7.5 -2.6432204246520996 0.8999999999999999
    endloop
  endfacet
  facet normal -0.5469869648159178 -0.8371411233008864 -8.309724521741339e-20
    outer loop
      vertex -7.6499999999999995 -2.541884422302246 0.8999999999999999
      vertex -7.637579441070557 -2.55 -0.8999999999999999
      vertex -7.637579441070557 -2.55 0.8999999999999999
    endloop
  endfacet
  facet normal -0.6815779409751429 -0.7317455229627885 0
    outer loop
      vertex -8.010372161865234 -2.25 -0.8999999999999999
      vertex -7.949999999999999 -2.3062331199645993 0.8999999999999999
      vertex -8.010372161865234 -2.25 0.8999999999999999
    endloop
  endfacet
  facet normal 0 0 1
    outer loop
      vertex -7.099445343017578 -2.85 0.8999999999999999
      vertex -4.2 -2.8840845108032225 0.8999999999999999
      vertex -4.088358592987061 -2.85 0.8999999999999999
    endloop
  endfacet
  facet normal 0 0 1
    outer loop
      vertex -7.099445343017578 -2.85 0.8999999999999999
      vertex -4.35 -2.9283923149108886 0.8999999999999999
      vertex -4.2 -2.8840845108032225 0.8999999999999999
    endloop
  endfacet
  facet normal 0 0 1
    outer loop
      vertex -7.099445343017578 -2.85 0.8999999999999999
      vertex -4.5 -2.968721294403076 0.8999999999999999
      vertex -4.35 -2.9283923149108886 0.8999999999999999
    endloop
  endfacet
  facet normal 0 0 1
    outer loop
      vertex -7.099445343017578 -2.85 0.8999999999999999
      vertex -4.63091697692871 -3 0.8999999999999999
      vertex -4.5 -2.968721294403076 0.8999999999999999
    endloop
  endfacet
  facet normal 0 0 1
    outer loop
      vertex -8.403119087219238 -1.7999999999999998 0.8999999999999999
      vertex -8.290021991729736 -1.95 0.8999999999999999
      vertex -2.85 -2.680451488494873 0.8999999999999999
    endloop
  endfacet
  facet normal 0 0 1
    outer loop
      vertex -3.15 -2.645409273167823 0.8999999999999999
      vertex -8.290021991729736 -1.95 0.8999999999999999
      vertex -8.159650325775146 -2.1 0.8999999999999999
    endloop
  endfacet
  facet normal 0 0 1
    outer loop
      vertex -8.159650325775146 -2.1 0.8999999999999999
      vertex -8.010372161865234 -2.25 0.8999999999999999
      vertex -3.3075 -2.64593306184701 0.8999999999999999
    endloop
  endfacet
  facet normal 0.2845659460632667 0.9586564673234715 1.7452676436943508e-19
    outer loop
      vertex -4.05 2.838613700866699 -0.8999999999999999
      vertex -4.088358592987061 2.85 -0.8999999999999999
      vertex -4.088358592987061 2.85 0.8999999999999999
    endloop
  endfacet
  facet normal 0.15643446504023126 -0.9876883405951378 0
    outer loop
      vertex 6.463525491562421 -1.4265847744427302 0.8999999999999999
      vertex 6.463525491562421 -1.4265847744427302 3
      vertex 6 -1.5 0.8999999999999999
    endloop
  endfacet
  facet normal -0.45399049973954586 -0.8910065241883683 4.792665126344007e-18
    outer loop
      vertex 5.11832212156129 -1.2135254915624212 0.8999999999999999
      vertex 5.536474508437579 -1.4265847744427302 0.8999999999999999
      vertex 5.536474508437579 -1.4265847744427302 3
    endloop
  endfacet
  facet normal -0.7071067811865483 -0.7071067811865468 -2.239398552424319e-18
    outer loop
      vertex 4.786474508437579 -0.8816778784387097 0.8999999999999999
      vertex 5.11832212156129 -1.2135254915624212 0.8999999999999999
      vertex 5.11832212156129 -1.2135254915624212 3
    endloop
  endfacet
  facet normal -0.9876883405951379 -0.1564344650402307 2.021480868176664e-18
    outer loop
      vertex 4.5 0 0.8999999999999999
      vertex 4.5734152255572695 -0.46352549156242107 0.8999999999999999
      vertex 4.5734152255572695 -0.46352549156242107 3
    endloop
  endfacet
  facet normal -0.8910065241883675 -0.4539904997395476 6.982766609154293e-18
    outer loop
      vertex 4.5734152255572695 -0.46352549156242107 0.8999999999999999
      vertex 4.786474508437579 -0.8816778784387097 0.8999999999999999
      vertex 4.786474508437579 -0.8816778784387097 3
    endloop
  endfacet
  facet normal -0.15643446504023126 -0.9876883405951378 0
    outer loop
      vertex 6 -1.5 0.8999999999999999
      vertex 6 -1.5 3
      vertex 5.536474508437579 -1.4265847744427302 0.8999999999999999
    endloop
  endfacet
  facet normal 0 0 1
    outer loop
      vertex 7.213525491562421 -0.8816778784387097 3
      vertex 7.4265847744427305 -0.46352549156242107 3
      vertex 7.213525491562421 0.8816778784387097 3
    endloop
  endfacet
  facet normal 0 0 1
    outer loop
      vertex 6.88167787843871 -1.2135254915624212 3
      vertex 7.213525491562421 -0.8816778784387097 3
      vertex 6.88167787843871 1.2135254915624212 3
    endloop
  endfacet
  facet normal 0 0 1
    outer loop
      vertex 6.463525491562421 -1.4265847744427302 3
      vertex 6.88167787843871 -1.2135254915624212 3
      vertex 6.463525491562421 1.4265847744427302 3
    endloop
  endfacet
  facet normal 0 0 1
    outer loop
      vertex 6 -1.5 3
      vertex 6.463525491562421 -1.4265847744427302 3
      vertex 6 1.5 3
    endloop
  endfacet
  facet normal 0 0 1
    outer loop
      vertex 5.536474508437579 -1.4265847744427302 3
      vertex 6 -1.5 3
      vertex 5.536474508437579 1.4265847744427302 3
    endloop
  endfacet
  facet normal 0 0 1
    outer loop
      vertex 5.11832212156129 -1.2135254915624212 3
      vertex 5.536474508437579 -1.4265847744427302 3
      vertex 5.11832212156129 1.2135254915624212 3
    endloop
  endfacet
  facet normal 0 0 1
    outer loop
      vertex 4.786474508437579 -0.8816778784387097 3
      vertex 5.11832212156129 -1.2135254915624212 3
      vertex 4.786474508437579 0.8816778784387097 3
    endloop
  endfacet
  facet normal 0 0 1
    outer loop
      vertex 4.5734152255572695 -0.46352549156242107 3
      vertex 4.786474508437579 -0.8816778784387097 3
      vertex 4.5734152255572695 0.46352549156242107 3
    endloop
  endfacet
  facet normal 0.9876883405951379 -0.1564344650402307 0
    outer loop
      vertex 7.4265847744427305 -0.46352549156242107 3
      vertex 7.4265847744427305 -0.46352549156242107 0.8999999999999999
      vertex 7.5 0 3
    endloop
  endfacet
  facet normal 0.8910065241883675 -0.4539904997395476 0
    outer loop
      vertex 7.213525491562421 -0.8816778784387097 3
      vertex 7.213525491562421 -0.8816778784387097 0.8999999999999999
      vertex 7.4265847744427305 -0.46352549156242107 3
    endloop
  endfacet
  facet normal 0.7071067811865483 -0.7071067811865468 0
    outer loop
      vertex 6.88167787843871 -1.2135254915624212 3
      vertex 6.88167787843871 -1.2135254915624212 0.8999999999999999
      vertex 7.213525491562421 -0.8816778784387097 3
    endloop
  endfacet
  facet normal -0.9876883405951379 0.1564344650402307 -2.021480868176664e-18
    outer loop
      vertex 4.5734152255572695 0.46352549156242107 0.8999999999999999
      vertex 4.5 0 0.8999999999999999
      vertex 4.5 0 3
    endloop
  endfacet
  facet normal -0.8910065241883675 0.4539904997395476 -6.982766609154293e-18
    outer loop
      vertex 4.786474508437579 0.8816778784387097 0.8999999999999999
      vertex 4.5734152255572695 0.46352549156242107 0.8999999999999999
      vertex 4.5734152255572695 0.46352549156242107 3
    endloop
  endfacet
  facet normal -0.7071067811865483 0.7071067811865468 2.239398552424319e-18
    outer loop
      vertex 5.11832212156129 1.2135254915624212 0.8999999999999999
      vertex 4.786474508437579 0.8816778784387097 0.8999999999999999
      vertex 4.786474508437579 0.8816778784387097 3
    endloop
  endfacet
  facet normal -0.45399049973954586 0.8910065241883683 -4.792665126344007e-18
    outer loop
      vertex 5.536474508437579 1.4265847744427302 0.8999999999999999
      vertex 5.11832212156129 1.2135254915624212 0.8999999999999999
      vertex 5.11832212156129 1.2135254915624212 3
    endloop
  endfacet
  facet normal 0.9876883405951379 0.1564344650402307 0
    outer loop
      vertex 7.4265847744427305 0.46352549156242107 0.8999999999999999
      vertex 7.4265847744427305 0.46352549156242107 3
      vertex 7.5 0 0.8999999999999999
    endloop
  endfacet
  facet normal 0.8910065241883675 0.4539904997395476 6.982766609154293e-18
    outer loop
      vertex 7.4265847744427305 0.46352549156242107 0.8999999999999999
      vertex 7.213525491562421 0.8816778784387097 0.8999999999999999
      vertex 7.213525491562421 0.8816778784387097 3
    endloop
  endfacet
  facet normal -0.15643446504023126 0.9876883405951378 1.5329216416596367e-19
    outer loop
      vertex 6 1.5 0.8999999999999999
      vertex 5.536474508437579 1.4265847744427302 0.8999999999999999
      vertex 5.536474508437579 1.4265847744427302 3
    endloop
  endfacet
  facet normal 0.15643446504023126 0.9876883405951378 0
    outer loop
      vertex 6 1.5 0.8999999999999999
      vertex 6 1.5 3
      vertex 6.463525491562421 1.4265847744427302 0.8999999999999999
    endloop
  endfacet
  facet normal 0.7071067811865483 0.7071067811865468 0
    outer loop
      vertex 6.88167787843871 1.2135254915624212 0.8999999999999999
      vertex 6.88167787843871 1.2135254915624212 3
      vertex 7.213525491562421 0.8816778784387097 0.8999999999999999
    endloop
  endfacet
  facet normal 0.45399049973954586 0.8910065241883683 4.792665126344007e-18
    outer loop
      vertex 6.88167787843871 1.2135254915624212 0.8999999999999999
      vertex 6.463525491562421 1.4265847744427302 0.8999999999999999
      vertex 6.463525491562421 1.4265847744427302 3
    endloop
  endfacet
  facet normal 0.45399049973954586 -0.8910065241883683 0
    outer loop
      vertex 6.463525491562421 -1.4265847744427302 3
      vertex 6.463525491562421 -1.4265847744427302 0.8999999999999999
      vertex 6.88167787843871 -1.2135254915624212 3
    endloop
  endfacet
  facet normal 0.15643446504023126 -0.9876883405951378 0
    outer loop
      vertex 6 -1.5 3
      vertex 6 -1.5 0.8999999999999999
      vertex 6.463525491562421 -1.4265847744427302 3
    endloop
  endfacet
  facet normal -0.9876883405951379 0.1564344650402307 0
    outer loop
      vertex 4.5734152255572695 0.46352549156242107 3
      vertex 4.5734152255572695 0.46352549156242107 0.8999999999999999
      vertex 4.5 0 3
    endloop
  endfacet
  facet normal -0.8910065241883675 0.4539904997395476 0
    outer loop
      vertex 4.786474508437579 0.8816778784387097 3
      vertex 4.786474508437579 0.8816778784387097 0.8999999999999999
      vertex 4.5734152255572695 0.46352549156242107 3
    endloop
  endfacet
  facet normal -0.7071067811865483 0.7071067811865468 0
    outer loop
      vertex 5.11832212156129 1.2135254915624212 3
      vertex 5.11832212156129 1.2135254915624212 0.8999999999999999
      vertex 4.786474508437579 0.8816778784387097 3
    endloop
  endfacet
  facet normal -0.45399049973954586 0.8910065241883683 0
    outer loop
      vertex 5.536474508437579 1.4265847744427302 3
      vertex 5.536474508437579 1.4265847744427302 0.8999999999999999
      vertex 5.11832212156129 1.2135254915624212 3
    endloop
  endfacet
  facet normal 0.9876883405951379 0.1564344650402307 0
    outer loop
      vertex 7.5 0 3
      vertex 7.5 0 0.8999999999999999
      vertex 7.4265847744427305 0.46352549156242107 3
    endloop
  endfacet
  facet normal 0.8910065241883675 0.4539904997395476 0
    outer loop
      vertex 7.4265847744427305 0.46352549156242107 3
      vertex 7.4265847744427305 0.46352549156242107 0.8999999999999999
      vertex 7.213525491562421 0.8816778784387097 3
    endloop
  endfacet
  facet normal -0.15643446504023126 0.9876883405951378 0
    outer loop
      vertex 6 1.5 3
      vertex 6 1.5 0.8999999999999999
      vertex 5.536474508437579 1.4265847744427302 3
    endloop
  endfacet
  facet normal 0.15643446504023126 0.9876883405951378 0
    outer loop
      vertex 6.463525491562421 1.4265847744427302 3
      vertex 6.463525491562421 1.4265847744427302 0.8999999999999999
      vertex 6 1.5 3
    endloop
  endfacet
  facet normal 0.7071067811865483 0.7071067811865468 0
    outer loop
      vertex 7.213525491562421 0.8816778784387097 3
      vertex 7.213525491562421 0.8816778784387097 0.8999999999999999
      vertex 6.88167787843871 1.2135254915624212 3
    endloop
  endfacet
  facet normal 0.45399049973954586 0.8910065241883683 0
    outer loop
      vertex 6.88167787843871 1.2135254915624212 3
      vertex 6.88167787843871 1.2135254915624212 0.8999999999999999
      vertex 6.463525491562421 1.4265847744427302 3
    endloop
  endfacet
  facet normal 0 0 1
    outer loop
      vertex 4.5 0 3
      vertex 4.5734152255572695 -0.46352549156242107 3
      vertex 4.5734152255572695 0.46352549156242107 3
    endloop
  endfacet
  facet normal 0 0 1
    outer loop
      vertex 4.5734152255572695 0.46352549156242107 3
      vertex 4.786474508437579 -0.8816778784387097 3
      vertex 4.786474508437579 0.8816778784387097 3
    endloop
  endfacet
  facet normal 0 0 1
    outer loop
      vertex 4.786474508437579 0.8816778784387097 3
      vertex 5.11832212156129 -1.2135254915624212 3
      vertex 5.11832212156129 1.2135254915624212 3
    endloop
  endfacet
  facet normal 0 0 1
    outer loop
      vertex 5.11832212156129 1.2135254915624212 3
      vertex 5.536474508437579 -1.4265847744427302 3
      vertex 5.536474508437579 1.4265847744427302 3
    endloop
  endfacet
  facet normal 0 0 1
    outer loop
      vertex 5.536474508437579 1.4265847744427302 3
      vertex 6 -1.5 3
      vertex 6 1.5 3
    endloop
  endfacet
  facet normal 0 0 1
    outer loop
      vertex 6 1.5 3
      vertex 6.463525491562421 -1.4265847744427302 3
      vertex 6.463525491562421 1.4265847744427302 3
    endloop
  endfacet
  facet normal 0 0 1
    outer loop
      vertex 7.4265847744427305 -0.46352549156242107 3
      vertex 7.5 0 3
      vertex 7.4265847744427305 0.46352549156242107 3
    endloop
  endfacet
  facet normal 0 0 1
    outer loop
      vertex 7.213525491562421 0.8816778784387097 3
      vertex 7.4265847744427305 -0.46352549156242107 3
      vertex 7.4265847744427305 0.46352549156242107 3
    endloop
  endfacet
  facet normal 0 0 1
    outer loop
      vertex 6.463525491562421 1.4265847744427302 3
      vertex 6.88167787843871 -1.2135254915624212 3
      vertex 6.88167787843871 1.2135254915624212 3
    endloop
  endfacet
  facet normal 0 0 1
    outer loop
      vertex 6.88167787843871 1.2135254915624212 3
      vertex 7.213525491562421 -0.8816778784387097 3
      vertex 7.213525491562421 0.8816778784387097 3
    endloop
  endfacet
  facet normal -0.15643446504023126 -0.9876883405951378 0
    outer loop
      vertex 5.536474508437579 -1.4265847744427302 3
      vertex 5.536474508437579 -1.4265847744427302 0.8999999999999999
      vertex 6 -1.5 3
    endloop
  endfacet
  facet normal -0.9876883405951379 -0.1564344650402307 2.021480868176664e-18
    outer loop
      vertex 4.5734152255572695 -0.46352549156242107 3
      vertex 4.5 0 3
      vertex 4.5 0 0.8999999999999999
    endloop
  endfacet
  facet normal -0.8910065241883675 -0.4539904997395476 0
    outer loop
      vertex 4.5734152255572695 -0.46352549156242107 3
      vertex 4.5734152255572695 -0.46352549156242107 0.8999999999999999
      vertex 4.786474508437579 -0.8816778784387097 3
    endloop
  endfacet
  facet normal -0.7071067811865483 -0.7071067811865468 0
    outer loop
      vertex 4.786474508437579 -0.8816778784387097 3
      vertex 4.786474508437579 -0.8816778784387097 0.8999999999999999
      vertex 5.11832212156129 -1.2135254915624212 3
    endloop
  endfacet
  facet normal -0.45399049973954586 -0.8910065241883683 0
    outer loop
      vertex 5.11832212156129 -1.2135254915624212 3
      vertex 5.11832212156129 -1.2135254915624212 0.8999999999999999
      vertex 5.536474508437579 -1.4265847744427302 3
    endloop
  endfacet
  facet normal 0.9876883405951379 -0.1564344650402307 0
    outer loop
      vertex 7.5 0 0.8999999999999999
      vertex 7.5 0 3
      vertex 7.4265847744427305 -0.46352549156242107 0.8999999999999999
    endloop
  endfacet
  facet normal 0.8910065241883675 -0.4539904997395476 0
    outer loop
      vertex 7.4265847744427305 -0.46352549156242107 0.8999999999999999
      vertex 7.4265847744427305 -0.46352549156242107 3
      vertex 7.213525491562421 -0.8816778784387097 0.8999999999999999
    endloop
  endfacet
  facet normal 0.7071067811865483 -0.7071067811865468 0
    outer loop
      vertex 7.213525491562421 -0.8816778784387097 0.8999999999999999
      vertex 7.213525491562421 -0.8816778784387097 3
      vertex 6.88167787843871 -1.2135254915624212 0.8999999999999999
    endloop
  endfacet
  facet normal 0.45399049973954586 -0.8910065241883683 0
    outer loop
      vertex 6.88167787843871 -1.2135254915624212 0.8999999999999999
      vertex 6.88167787843871 -1.2135254915624212 3
      vertex 6.463525491562421 -1.4265847744427302 0.8999999999999999
    endloop
  endfacet
  facet normal 0 1 0
    outer loop
      vertex -8.895325756072998 -0.75 -0.8999999999999999
      vertex -8.895325756072998 -0.75 0.8999999999999999
      vertex 4.5 -0.75 0.8999999999999999
    endloop
  endfacet
  facet normal -1 0 0
    outer loop
      vertex 4.5 0.75 0.8999999999999999
      vertex 4.5 0.75 -0.8999999999999999
      vertex 4.5 -0.75 -0.8999999999999999
    endloop
  endfacet
  facet normal 0 -1 0
    outer loop
      vertex 4.5 0.75 -0.8999999999999999
      vertex 4.5 0.75 0.8999999999999999
      vertex -8.895325756072998 0.75 0.8999999999999999
    endloop
  endfacet
  facet normal 0 -1 0
    outer loop
      vertex -2.624799297503421 0.75 -0.8999999999999999
      vertex 4.5 0.75 -0.8999999999999999
      vertex -8.895325756072998 0.75 0.8999999999999999
    endloop
  endfacet
  facet normal -1 0 0
    outer loop
      vertex 4.5 0.75 0.8999999999999999
      vertex 4.5 -0.75 -0.8999999999999999
      vertex 4.5 0 0.8999999999999999
    endloop
  endfacet
  facet normal 0 -1 0
    outer loop
      vertex -8.895325756072998 0.75 0.8999999999999999
      vertex -8.895325756072998 0.75 -0.8999999999999999
      vertex -2.624799297503421 0.75 -0.8999999999999999
    endloop
  endfacet
  facet normal -1 0 0
    outer loop
      vertex 4.5 -0.75 -0.8999999999999999
      vertex 4.5 -0.75 0.8999999999999999
      vertex 4.5 0 0.8999999999999999
    endloop
  endfacet
  facet normal 0 1 0
    outer loop
      vertex 4.5 -0.75 -0.8999999999999999
      vertex -8.895325756072998 -0.75 -0.8999999999999999
      vertex 4.5 -0.75 0.8999999999999999
    endloop
  endfacet
endsolid OpenSCAD_Model
