solid OpenSCAD_Model
  facet normal -0.9831044265216845 -0.12943293409972856 -0.12943261615143703
    outer loop
      vertex -91.39777374267578 13.723543167114258 253
      vertex -91.5 14.5 253
      vertex -91.39777374267578 14.5 252.22354125976562
    endloop
  endfacet
  facet normal -0.6642639673533278 0.6642639673533278 0.3427925952409619
    outer loop
      vertex -90.2032699584961 95.84435272216797 337.7764587402344
      vertex -90.84435272216797 95.2032699584961 337.7764587402344
      vertex -90.33712005615234 95.33712005615234 338.5
    endloop
  endfacet
  facet normal 1 0 0
    outer loop
      vertex 97.5 14.5 337
      vertex 97.5 93.5 253
      vertex 97.5 93.5 337
    endloop
  endfacet
  facet normal 1 0 0
    outer loop
      vertex 97.5 93.5 253
      vertex 97.5 14.5 337
      vertex 97.5 14.5 253
    endloop
  endfacet
  facet normal -0.37794562082591526 0.1565496254235654 0.9124962040897785
    outer loop
      vertex -89.56066131591797 94.56066131591797 339.59808349609375
      vertex -90 93.5 339.59808349609375
      vertex -89.27645874023438 93.5 339.89776611328125
    endloop
  endfacet
  facet normal -0.9183320718111304 -0.380381135324149 -0.10943672954080884
    outer loop
      vertex -91.09807586669922 13 253
      vertex -91.39777374267578 13.723543167114258 253
      vertex -91.25595092773438 13.604537963867188 252.22354125976562
    endloop
  endfacet
  facet normal -0.9238807634942465 0 -0.3826804604958138
    outer loop
      vertex -91.09807586669922 14.5 251.5
      vertex -91.39777374267578 93.5 252.22354125976562
      vertex -91.09807586669922 93.5 251.5
    endloop
  endfacet
  facet normal -0.9238807634942465 0 -0.3826804604958138
    outer loop
      vertex -91.39777374267578 93.5 252.22354125976562
      vertex -91.09807586669922 14.5 251.5
      vertex -91.39777374267578 14.5 252.22354125976562
    endloop
  endfacet
  facet normal 0 0.9238807634942465 -0.3826804604958137
    outer loop
      vertex 94.5 96.09807586669922 251.5
      vertex -88.5 96.39777374267578 252.22354125976562
      vertex 94.5 96.39777374267578 252.22354125976562
    endloop
  endfacet
  facet normal 0 0.9238807634942465 -0.3826804604958137
    outer loop
      vertex -88.5 96.39777374267578 252.22354125976562
      vertex 94.5 96.09807586669922 251.5
      vertex -88.5 96.09807586669922 251.5
    endloop
  endfacet
  facet normal -0.3779616271886687 -0.15655653698160543 -0.9124883884747361
    outer loop
      vertex -89.56066131591797 13.439340591430664 250.40191650390625
      vertex -90 14.5 250.40191650390625
      vertex -89.27645874023438 14.5 250.1022186279297
    endloop
  endfacet
  facet normal 0.7836579025792687 -0.15588127527996964 -0.6013163225309551
    outer loop
      vertex 96.90030670166016 13.505760192871094 251.5
      vertex 96.62132263183594 14.5 250.87867736816406
      vertex 97.09807586669922 14.5 251.5
    endloop
  endfacet
  facet normal -0.3826804604958138 0 -0.9238807634942465
    outer loop
      vertex -90 14.5 250.40191650390625
      vertex -89.27645874023438 93.5 250.1022186279297
      vertex -89.27645874023438 14.5 250.1022186279297
    endloop
  endfacet
  facet normal -0.3826804604958138 0 -0.9238807634942465
    outer loop
      vertex -89.27645874023438 93.5 250.1022186279297
      vertex -90 14.5 250.40191650390625
      vertex -90 93.5 250.40191650390625
    endloop
  endfacet
  facet normal -0.38266382983911906 0 0.9238876518997631
    outer loop
      vertex -90 93.5 339.59808349609375
      vertex -89.27645874023438 92.56935119628906 339.89776611328125
      vertex -89.27645874023438 93.5 339.89776611328125
    endloop
  endfacet
  facet normal -0.38262910112618004 0.00003163166603010237 0.9239020348342183
    outer loop
      vertex -89.27645874023438 92.56935119628906 339.89776611328125
      vertex -90 93.5 339.59808349609375
      vertex -89.39777374267578 92.27645874023438 339.8475341796875
    endloop
  endfacet
  facet normal -0.3826605694397148 0 0.9238890023136292
    outer loop
      vertex -89.5 91.5 339.80517578125
      vertex -90 93.5 339.59808349609375
      vertex -89.5 16.5 339.80517578125
    endloop
  endfacet
  facet normal -0.3827080957734667 -0.000013920014663536346 0.9238693161024888
    outer loop
      vertex -89.39777374267578 92.27645874023438 339.8475341796875
      vertex -90 93.5 339.59808349609375
      vertex -89.5 91.5 339.80517578125
    endloop
  endfacet
  facet normal -0.38262910107974296 -0.000031631643497623394 0.9239020348534507
    outer loop
      vertex -90 14.5 339.59808349609375
      vertex -89.27645874023438 15.43065071105957 339.89776611328125
      vertex -89.39777374267578 15.723543167114258 339.8475341796875
    endloop
  endfacet
  facet normal -0.3827080958499381 0.000013920037061553364 0.9238693160708105
    outer loop
      vertex -90 14.5 339.59808349609375
      vertex -89.39777374267578 15.723543167114258 339.8475341796875
      vertex -89.5 16.5 339.80517578125
    endloop
  endfacet
  facet normal -0.382663829839119 0 0.923887651899763
    outer loop
      vertex -89.27645874023438 15.43065071105957 339.89776611328125
      vertex -90 14.5 339.59808349609375
      vertex -89.27645874023438 14.5 339.89776611328125
    endloop
  endfacet
  facet normal -0.3826605694397148 0 0.9238890023136292
    outer loop
      vertex -90 14.5 339.59808349609375
      vertex -89.5 16.5 339.80517578125
      vertex -90 93.5 339.59808349609375
    endloop
  endfacet
  facet normal -0.9758220110220148 -0.15455018627322342 -0.1545498066251221
    outer loop
      vertex -91.25595092773438 13.604537963867188 252.22354125976562
      vertex -91.39777374267578 13.723543167114258 253
      vertex -91.39777374267578 14.5 252.22354125976562
    endloop
  endfacet
  facet normal 0.9183316430784606 0.3803819604729015 -0.10943745916095965
    outer loop
      vertex 97.25595092773438 94.39546203613281 252.22354125976562
      vertex 97.09807586669922 95 253
      vertex 97.39777374267578 94.27645874023438 253
    endloop
  endfacet
  facet normal -0.5113915028689551 0.21182451603482 0.8328319789729773
    outer loop
      vertex -89.56066131591797 94.56066131591797 339.59808349609375
      vertex -90.33712005615234 94.56066131591797 339.1213073730469
      vertex -90 93.5 339.59808349609375
    endloop
  endfacet
  facet normal -0.14478564333427876 -0.9141445955052206 -0.37865125906680364
    outer loop
      vertex -88.5 11.60222339630127 252.22354125976562
      vertex -89.39546203613281 11.744050025939941 252.22354125976562
      vertex -88.5 11.901924133300781 251.5
    endloop
  endfacet
  facet normal -0.4563553290204478 0.6829936335246285 0.5703152726689549
    outer loop
      vertex -89.4942398071289 95.90030670166016 338.5
      vertex -90.33712005615234 95.33712005615234 338.5
      vertex -89.56066131591797 95.33712005615234 339.1213073730469
    endloop
  endfacet
  facet normal -0.1609901560140616 -0.6008250640128557 -0.7830015403053279
    outer loop
      vertex -88.5 12.378680229187012 250.87867736816406
      vertex -89.56066131591797 12.662882804870605 250.87867736816406
      vertex -88.5 13 250.40191650390625
    endloop
  endfacet
  facet normal 0 0.9914442789083515 0.13053061640817712
    outer loop
      vertex 94.5 96.5 337
      vertex -88.5 96.39777374267578 337.7764587402344
      vertex 94.5 96.39777374267578 337.7764587402344
    endloop
  endfacet
  facet normal 0 0.9914442789083515 0.13053061640817712
    outer loop
      vertex -88.5 96.39777374267578 337.7764587402344
      vertex 94.5 96.5 337
      vertex -88.5 96.5 337
    endloop
  endfacet
  facet normal -0.3779616438474456 0.15655626235195008 -0.9124884286929473
    outer loop
      vertex -89.27645874023438 93.5 250.1022186279297
      vertex -90 93.5 250.40191650390625
      vertex -89.56066131591797 94.56066131591797 250.40191650390625
    endloop
  endfacet
  facet normal 0.5008306870097465 0.7495566479647616 0.432820348922247
    outer loop
      vertex 96.2032699584961 95.84435272216797 337.7764587402344
      vertex 95.4942398071289 95.90030670166016 338.5
      vertex 96.33712005615234 95.33712005615234 338.5
    endloop
  endfacet
  facet normal 0.9238807634942466 0.3826804604958138 0
    outer loop
      vertex 97.39777374267578 94.27645874023438 337
      vertex 97.09807586669922 95 253
      vertex 97.09807586669922 95 337
    endloop
  endfacet
  facet normal 0.9238807634942466 0.3826804604958138 0
    outer loop
      vertex 97.09807586669922 95 253
      vertex 97.39777374267578 94.27645874023438 337
      vertex 97.39777374267578 94.27645874023438 253
    endloop
  endfacet
  facet normal 0.78942708016781 -0.6057459167381941 0.09938193725587571
    outer loop
      vertex 96.84435272216797 12.796730041503906 337.7764587402344
      vertex 96.62132263183594 12.378680229187012 337
      vertex 97.09807586669922 13 337
    endloop
  endfacet
  facet normal -0.5298711542142587 0.5298711542142587 -0.662173028643797
    outer loop
      vertex -89.56066131591797 95.33712005615234 250.87867736816406
      vertex -90.33712005615234 94.56066131591797 250.87867736816406
      vertex -90.33712005615234 95.33712005615234 251.5
    endloop
  endfacet
  facet normal 0.4563571314206917 -0.6829905483215811 0.5703175251602072
    outer loop
      vertex 95.56066131591797 12.662882804870605 339.1213073730469
      vertex 95.4942398071289 12.099691390991211 338.5
      vertex 96.33712005615234 12.662882804870605 338.5
    endloop
  endfacet
  facet normal -0.6962108978627733 -0.6962129692347244 0.17486534009482774
    outer loop
      vertex -90.2032699584961 12.155649185180664 337.7764587402344
      vertex -90.84435272216797 12.796730041503906 337.7764587402344
      vertex -90.62132263183594 12.378680229187012 337
    endloop
  endfacet
  facet normal -0.16099331491464614 -0.6008368532221645 0.7829918443782672
    outer loop
      vertex -88.5 13 339.59808349609375
      vertex -89.56066131591797 12.662882804870605 339.1213073730469
      vertex -88.5 12.378680229187012 339.1213073730469
    endloop
  endfacet
  facet normal -1 0 0
    outer loop
      vertex -91.5 14.5 253
      vertex -91.5 93.5 337
      vertex -91.5 93.5 253
    endloop
  endfacet
  facet normal -1 0 0
    outer loop
      vertex -91.5 93.5 337
      vertex -91.5 14.5 253
      vertex -91.5 14.5 337
    endloop
  endfacet
  facet normal -0.608776296270778 0 0.7933419320184922
    outer loop
      vertex -90.62132263183594 93.5 339.1213073730469
      vertex -90 14.5 339.59808349609375
      vertex -90 93.5 339.59808349609375
    endloop
  endfacet
  facet normal -0.608776296270778 0 0.7933419320184922
    outer loop
      vertex -90 14.5 339.59808349609375
      vertex -90.62132263183594 93.5 339.1213073730469
      vertex -90.62132263183594 14.5 339.1213073730469
    endloop
  endfacet
  facet normal 0 0 -1
    outer loop
      vertex -88.5 14.5 250
      vertex 94.5 93.5 250
      vertex 94.5 14.5 250
    endloop
  endfacet
  facet normal 0 0 -1
    outer loop
      vertex 94.5 93.5 250
      vertex -88.5 14.5 250
      vertex -88.5 93.5 250
    endloop
  endfacet
  facet normal -0.8780678309222738 0.4473973745093619 -0.16980127673719891
    outer loop
      vertex -90.84435272216797 95.2032699584961 252.22354125976562
      vertex -91.25595092773438 94.39546203613281 252.22354125976562
      vertex -91.09807586669922 95 253
    endloop
  endfacet
  facet normal 0.15588127527996964 0.7836579025792687 -0.6013163225309551
    outer loop
      vertex 95.4942398071289 95.90030670166016 251.5
      vertex 94.5 95.62132263183594 250.87867736816406
      vertex 94.5 96.09807586669922 251.5
    endloop
  endfacet
  facet normal 0.8925679205809148 -0.17754510645041302 -0.4144879278403333
    outer loop
      vertex 97.25595092773438 13.604537963867188 252.22354125976562
      vertex 96.90030670166016 13.505760192871094 251.5
      vertex 97.09807586669922 14.5 251.5
    endloop
  endfacet
  facet normal 0 -0.3826795994346052 -0.923881120153762
    outer loop
      vertex -88.5 13 250.40191650390625
      vertex 94.5 13.723543167114258 250.1022186279297
      vertex 94.5 13 250.40191650390625
    endloop
  endfacet
  facet normal 0 -0.3826795994346052 -0.923881120153762
    outer loop
      vertex 94.5 13.723543167114258 250.1022186279297
      vertex -88.5 13 250.40191650390625
      vertex -88.5 13.723543167114258 250.1022186279297
    endloop
  endfacet
  facet normal -0.7894283566987844 0.6057441069494627 0.09938282817395985
    outer loop
      vertex -90.62132263183594 95.62132263183594 337
      vertex -91.09807586669922 95 337
      vertex -90.84435272216797 95.2032699584961 337.7764587402344
    endloop
  endfacet
  facet normal -0.1565496254235654 0.37794562082591526 0.9124962040897785
    outer loop
      vertex -88.5 95 339.59808349609375
      vertex -89.56066131591797 94.56066131591797 339.59808349609375
      vertex -88.5 94.27645874023438 339.89776611328125
    endloop
  endfacet
  facet normal -0.5298709714913029 -0.5298716222985268 -0.6621728002973167
    outer loop
      vertex -89.56066131591797 12.662882804870605 250.87867736816406
      vertex -90.33712005615234 12.662882804870605 251.5
      vertex -90.33712005615234 13.439340591430664 250.87867736816406
    endloop
  endfacet
  facet normal -0.6087640334084832 0 -0.7933513418582181
    outer loop
      vertex -90.62132263183594 14.5 250.87867736816406
      vertex -90 93.5 250.40191650390625
      vertex -90 14.5 250.40191650390625
    endloop
  endfacet
  facet normal -0.6087640334084832 0 -0.7933513418582181
    outer loop
      vertex -90 93.5 250.40191650390625
      vertex -90.62132263183594 14.5 250.87867736816406
      vertex -90.62132263183594 93.5 250.87867736816406
    endloop
  endfacet
  facet normal -0.21254105671300658 -0.21254157881530095 -0.9537569797836436
    outer loop
      vertex -88.5 13.723543167114258 250.1022186279297
      vertex -89.56066131591797 13.439340591430664 250.40191650390625
      vertex -89.27645874023438 14.5 250.1022186279297
    endloop
  endfacet
  facet normal -0.7495554693279941 -0.5008315994741367 0.43282133423465674
    outer loop
      vertex -90.33712005615234 12.662882804870605 338.5
      vertex -90.90030670166016 13.505760192871094 338.5
      vertex -90.84435272216797 12.796730041503906 337.7764587402344
    endloop
  endfacet
  facet normal -0.1558780859617904 -0.7836494267664275 0.6013281951193861
    outer loop
      vertex -88.5 12.378680229187012 339.1213073730469
      vertex -89.4942398071289 12.099691390991211 338.5
      vertex -88.5 11.901924133300781 338.5
    endloop
  endfacet
  facet normal 0.21182087260741392 -0.5113804867131863 -0.8328396698865986
    outer loop
      vertex 95.56066131591797 12.662882804870605 250.87867736816406
      vertex 94.5 13 250.40191650390625
      vertex 95.56066131591797 13.439340591430664 250.40191650390625
    endloop
  endfacet
  facet normal 0.4563607767858875 -0.6829960040267788 -0.5703080745481635
    outer loop
      vertex 96.33712005615234 12.662882804870605 251.5
      vertex 95.4942398071289 12.099691390991211 251.5
      vertex 95.56066131591797 12.662882804870605 250.87867736816406
    endloop
  endfacet
  facet normal -0.8340065040221933 -0.4249470337973131 0.3519277904848447
    outer loop
      vertex -90.90030670166016 13.505760192871094 338.5
      vertex -91.25595092773438 13.604537963867188 337.7764587402344
      vertex -90.84435272216797 12.796730041503906 337.7764587402344
    endloop
  endfacet
  facet normal 0.664262580461256 -0.6642645567803305 -0.34279414056308594
    outer loop
      vertex 96.84435272216797 12.796730041503906 252.22354125976562
      vertex 96.2032699584961 12.155649185180664 252.22354125976562
      vertex 96.33712005615234 12.662882804870605 251.5
    endloop
  endfacet
  facet normal 0.7836509435988733 -0.15587989103470765 0.6013257504610983
    outer loop
      vertex 97.09807586669922 14.5 338.5
      vertex 96.62132263183594 14.5 339.1213073730469
      vertex 96.90030670166016 13.505760192871094 338.5
    endloop
  endfacet
  facet normal 0.1294442598048186 0.12948686706266732 0.9830957912949672
    outer loop
      vertex 95.27645874023438 93.5 339.89776611328125
      vertex 94.62132263183594 93.62132263183594 339.9680480957031
      vertex 94.71440887451172 93.5 339.9717712402344
    endloop
  endfacet
  facet normal 0.12943561469848316 0.12943561469848316 0.9831036788127954
    outer loop
      vertex 94.5 94.27645874023438 339.89776611328125
      vertex 94.62132263183594 93.62132263183594 339.9680480957031
      vertex 95.27645874023438 93.5 339.89776611328125
    endloop
  endfacet
  facet normal 0.12948686706266732 0.1294442598048186 0.9830957912949672
    outer loop
      vertex 94.62132263183594 93.62132263183594 339.9680480957031
      vertex 94.5 94.27645874023438 339.89776611328125
      vertex 94.5 93.71440887451172 339.9717712402344
    endloop
  endfacet
  facet normal -0.21182451603482 0.5113915028689551 0.8328319789729773
    outer loop
      vertex -89.56066131591797 95.33712005615234 339.1213073730469
      vertex -89.56066131591797 94.56066131591797 339.59808349609375
      vertex -88.5 95 339.59808349609375
    endloop
  endfacet
  facet normal -0.5298652655843857 -0.5298659163846015 0.6621819319349441
    outer loop
      vertex -90.33712005615234 13.439340591430664 339.1213073730469
      vertex -90.33712005615234 12.662882804870605 338.5
      vertex -89.56066131591797 12.662882804870605 339.1213073730469
    endloop
  endfacet
  facet normal -0.9831044669793143 0.12943262147796872 -0.12943262147796872
    outer loop
      vertex -91.39777374267578 93.5 252.22354125976562
      vertex -91.5 93.5 253
      vertex -91.39777374267578 94.27645874023438 253
    endloop
  endfacet
  facet normal -0.1545501772050519 0.9758219537660413 -0.1545501772050519
    outer loop
      vertex -88.5 96.39777374267578 252.22354125976562
      vertex -89.39546203613281 96.25595092773438 252.22354125976562
      vertex -89.27645874023438 96.39777374267578 253
    endloop
  endfacet
  facet normal -0.7933560467907059 0 -0.6087579018137039
    outer loop
      vertex -90.62132263183594 14.5 250.87867736816406
      vertex -91.09807586669922 93.5 251.5
      vertex -90.62132263183594 93.5 250.87867736816406
    endloop
  endfacet
  facet normal -0.7933560467907059 0 -0.6087579018137039
    outer loop
      vertex -91.09807586669922 93.5 251.5
      vertex -90.62132263183594 14.5 250.87867736816406
      vertex -91.09807586669922 14.5 251.5
    endloop
  endfacet
  facet normal 0.15655626235195008 0.3779616438474456 -0.9124884286929473
    outer loop
      vertex 95.56066131591797 94.56066131591797 250.40191650390625
      vertex 94.5 94.27645874023438 250.1022186279297
      vertex 94.5 95 250.40191650390625
    endloop
  endfacet
  facet normal -0.8340065040221933 -0.4249470337973131 -0.3519277904848447
    outer loop
      vertex -90.84435272216797 12.796730041503906 252.22354125976562
      vertex -91.25595092773438 13.604537963867188 252.22354125976562
      vertex -90.90030670166016 13.505760192871094 251.5
    endloop
  endfacet
  facet normal 0.6962117253398056 0.6962117253398056 0.17486699802633446
    outer loop
      vertex 96.62132263183594 95.62132263183594 337
      vertex 96.2032699584961 95.84435272216797 337.7764587402344
      vertex 96.84435272216797 95.2032699584961 337.7764587402344
    endloop
  endfacet
  facet normal 0 -0.13052135571550982 -0.9914454980997116
    outer loop
      vertex -88.5 13.723543167114258 250.1022186279297
      vertex 94.5 14.5 250
      vertex 94.5 13.723543167114258 250.1022186279297
    endloop
  endfacet
  facet normal 0 -0.13052135571550982 -0.9914454980997116
    outer loop
      vertex 94.5 14.5 250
      vertex -88.5 13.723543167114258 250.1022186279297
      vertex -88.5 14.5 250
    endloop
  endfacet
  facet normal 0.5113801506632333 0.21181981381456516 -0.8328401455160599
    outer loop
      vertex 96 93.5 250.40191650390625
      vertex 95.56066131591797 94.56066131591797 250.40191650390625
      vertex 96.33712005615234 94.56066131591797 250.87867736816406
    endloop
  endfacet
  facet normal 0.9914442789083516 0.13053061640817712 0
    outer loop
      vertex 97.5 93.5 337
      vertex 97.39777374267578 94.27645874023438 253
      vertex 97.39777374267578 94.27645874023438 337
    endloop
  endfacet
  facet normal 0.9914442789083516 0.13053061640817712 0
    outer loop
      vertex 97.39777374267578 94.27645874023438 253
      vertex 97.5 93.5 337
      vertex 97.5 93.5 253
    endloop
  endfacet
  facet normal -0.5113801506632333 0.21181981381456516 -0.8328401455160599
    outer loop
      vertex -90 93.5 250.40191650390625
      vertex -90.33712005615234 94.56066131591797 250.87867736816406
      vertex -89.56066131591797 94.56066131591797 250.40191650390625
    endloop
  endfacet
  facet normal 0.13052104055558153 0 -0.9914455395896883
    outer loop
      vertex 94.5 14.5 250
      vertex 95.27645874023438 93.5 250.1022186279297
      vertex 95.27645874023438 14.5 250.1022186279297
    endloop
  endfacet
  facet normal 0.13052104055558153 0 -0.9914455395896883
    outer loop
      vertex 95.27645874023438 93.5 250.1022186279297
      vertex 94.5 14.5 250
      vertex 94.5 93.5 250
    endloop
  endfacet
  facet normal -0.6057463487797 -0.7894265409426996 -0.09938358715253809
    outer loop
      vertex -90 11.901924133300781 253
      vertex -90.62132263183594 12.378680229187012 253
      vertex -90.2032699584961 12.155649185180664 252.22354125976562
    endloop
  endfacet
  facet normal -0.9141463621271012 -0.14478202884536664 -0.37864837611325647
    outer loop
      vertex -91.25595092773438 13.604537963867188 252.22354125976562
      vertex -91.39777374267578 14.5 252.22354125976562
      vertex -91.09807586669922 14.5 251.5
    endloop
  endfacet
  facet normal 0.424948353893765 -0.8340071624632601 -0.3519246360841492
    outer loop
      vertex 96.2032699584961 12.155649185180664 252.22354125976562
      vertex 95.39546203613281 11.744050025939941 252.22354125976562
      vertex 95.4942398071289 12.099691390991211 251.5
    endloop
  endfacet
  facet normal -0.4563607767858875 -0.6829960040267788 -0.5703080745481635
    outer loop
      vertex -89.4942398071289 12.099691390991211 251.5
      vertex -90.33712005615234 12.662882804870605 251.5
      vertex -89.56066131591797 12.662882804870605 250.87867736816406
    endloop
  endfacet
  facet normal -0.8780678309222738 -0.4473973745093619 0.16980127673719891
    outer loop
      vertex -90.84435272216797 12.796730041503906 337.7764587402344
      vertex -91.25595092773438 13.604537963867188 337.7764587402344
      vertex -91.09807586669922 13 337
    endloop
  endfacet
  facet normal -0.8780678309222738 -0.4473973745093619 -0.16980127673719891
    outer loop
      vertex -91.09807586669922 13 253
      vertex -91.25595092773438 13.604537963867188 252.22354125976562
      vertex -90.84435272216797 12.796730041503906 252.22354125976562
    endloop
  endfacet
  facet normal -0.6008351290206667 -0.16099314242560195 0.7829932029249352
    outer loop
      vertex -90 14.5 339.59808349609375
      vertex -90.62132263183594 14.5 339.1213073730469
      vertex -90.33712005615234 13.439340591430664 339.1213073730469
    endloop
  endfacet
  facet normal 0.6008351290206667 -0.16099314242560195 0.7829932029249352
    outer loop
      vertex 96.62132263183594 14.5 339.1213073730469
      vertex 96 14.5 339.59808349609375
      vertex 96.33712005615234 13.439340591430664 339.1213073730469
    endloop
  endfacet
  facet normal -0.7836509435988733 -0.15587989103470765 0.6013257504610983
    outer loop
      vertex -90.62132263183594 14.5 339.1213073730469
      vertex -91.09807586669922 14.5 338.5
      vertex -90.90030670166016 13.505760192871094 338.5
    endloop
  endfacet
  facet normal -0.19740979759526275 -0.7367453837772466 -0.6467113817587525
    outer loop
      vertex -89.4942398071289 12.099691390991211 251.5
      vertex -89.56066131591797 12.662882804870605 250.87867736816406
      vertex -88.5 12.378680229187012 250.87867736816406
    endloop
  endfacet
  facet normal 0.38268357870253084 -0.9238794718963202 0
    outer loop
      vertex 95.27645874023438 11.60222339630127 253
      vertex 96 11.901924133300781 337
      vertex 95.27645874023438 11.60222339630127 337
    endloop
  endfacet
  facet normal 0.38268357870253084 -0.9238794718963202 0
    outer loop
      vertex 96 11.901924133300781 337
      vertex 95.27645874023438 11.60222339630127 253
      vertex 96 11.901924133300781 253
    endloop
  endfacet
  facet normal 0 -0.9914447516743156 0.1305270254677345
    outer loop
      vertex -88.5 11.5 337
      vertex 94.5 11.60222339630127 337.7764587402344
      vertex -88.5 11.60222339630127 337.7764587402344
    endloop
  endfacet
  facet normal 0 -0.9914447516743156 0.1305270254677345
    outer loop
      vertex 94.5 11.60222339630127 337.7764587402344
      vertex -88.5 11.5 337
      vertex 94.5 11.5 337
    endloop
  endfacet
  facet normal 0 0.38266382983911906 0.9238876518997631
    outer loop
      vertex 94.5 95 339.59808349609375
      vertex 93.56935119628906 94.27645874023438 339.89776611328125
      vertex 94.5 94.27645874023438 339.89776611328125
    endloop
  endfacet
  facet normal 0.00003163166603010237 0.38262910112618004 0.9239020348342183
    outer loop
      vertex 94.5 95 339.59808349609375
      vertex 93.27645874023438 94.39777374267578 339.8475341796875
      vertex 93.56935119628906 94.27645874023438 339.89776611328125
    endloop
  endfacet
  facet normal -0.000013920014663536346 0.3827080957734667 0.9238693161024888
    outer loop
      vertex 94.5 95 339.59808349609375
      vertex 92.5 94.5 339.80517578125
      vertex 93.27645874023438 94.39777374267578 339.8475341796875
    endloop
  endfacet
  facet normal 0 0.3826605694397148 0.9238890023136291
    outer loop
      vertex 94.5 95 339.59808349609375
      vertex -86.5 94.5 339.80517578125
      vertex 92.5 94.5 339.80517578125
    endloop
  endfacet
  facet normal 0 0.3826605694397148 0.9238890023136292
    outer loop
      vertex -88.5 95 339.59808349609375
      vertex -86.5 94.5 339.80517578125
      vertex 94.5 95 339.59808349609375
    endloop
  endfacet
  facet normal 0.000013920014663536346 0.3827080957734667 0.9238693161024888
    outer loop
      vertex -88.5 95 339.59808349609375
      vertex -87.27645874023438 94.39777374267578 339.8475341796875
      vertex -86.5 94.5 339.80517578125
    endloop
  endfacet
  facet normal -0.00003163166603010237 0.38262910112618004 0.9239020348342183
    outer loop
      vertex -88.5 95 339.59808349609375
      vertex -87.56935119628906 94.27645874023438 339.89776611328125
      vertex -87.27645874023438 94.39777374267578 339.8475341796875
    endloop
  endfacet
  facet normal 0 0.38266382983911906 0.9238876518997631
    outer loop
      vertex -87.56935119628906 94.27645874023438 339.89776611328125
      vertex -88.5 95 339.59808349609375
      vertex -88.5 94.27645874023438 339.89776611328125
    endloop
  endfacet
  facet normal -0.12948686706266732 0.1294442598048186 0.9830957912949672
    outer loop
      vertex -88.5 94.27645874023438 339.89776611328125
      vertex -88.62132263183594 93.62132263183594 339.9680480957031
      vertex -88.5 93.71440887451172 339.9717712402344
    endloop
  endfacet
  facet normal -0.12943561469848316 0.12943561469848316 0.9831036788127954
    outer loop
      vertex -89.27645874023438 93.5 339.89776611328125
      vertex -88.62132263183594 93.62132263183594 339.9680480957031
      vertex -88.5 94.27645874023438 339.89776611328125
    endloop
  endfacet
  facet normal -0.1294442598048186 0.12948686706266732 0.9830957912949672
    outer loop
      vertex -88.62132263183594 93.62132263183594 339.9680480957031
      vertex -89.27645874023438 93.5 339.89776611328125
      vertex -88.71440887451172 93.5 339.9717712402344
    endloop
  endfacet
  facet normal -0.12943262147796872 0.9831044669793143 -0.12943262147796872
    outer loop
      vertex -88.5 96.39777374267578 252.22354125976562
      vertex -89.27645874023438 96.39777374267578 253
      vertex -88.5 96.5 253
    endloop
  endfacet
  facet normal -0.9238807634942466 0.3826804604958138 0
    outer loop
      vertex -91.39777374267578 94.27645874023438 253
      vertex -91.09807586669922 95 337
      vertex -91.09807586669922 95 253
    endloop
  endfacet
  facet normal -0.9238807634942466 0.3826804604958138 0
    outer loop
      vertex -91.09807586669922 95 337
      vertex -91.39777374267578 94.27645874023438 253
      vertex -91.39777374267578 94.27645874023438 337
    endloop
  endfacet
  facet normal 0.4563553290204478 0.6829936335246285 0.5703152726689549
    outer loop
      vertex 96.33712005615234 95.33712005615234 338.5
      vertex 95.4942398071289 95.90030670166016 338.5
      vertex 95.56066131591797 95.33712005615234 339.1213073730469
    endloop
  endfacet
  facet normal -0.16099286042117528 0.6008351570248598 0.7829932394192941
    outer loop
      vertex -88.5 95.62132263183594 339.1213073730469
      vertex -89.56066131591797 95.33712005615234 339.1213073730469
      vertex -88.5 95 339.59808349609375
    endloop
  endfacet
  facet normal 0.5298654483014386 0.5298654483014386 0.6621821602796553
    outer loop
      vertex 96.33712005615234 95.33712005615234 338.5
      vertex 95.56066131591797 95.33712005615234 339.1213073730469
      vertex 96.33712005615234 94.56066131591797 339.1213073730469
    endloop
  endfacet
  facet normal -0.21253133697129006 0.21253133697129006 0.9537614280365881
    outer loop
      vertex -88.5 94.27645874023438 339.89776611328125
      vertex -89.56066131591797 94.56066131591797 339.59808349609375
      vertex -89.27645874023438 93.5 339.89776611328125
    endloop
  endfacet
  facet normal 0.000021628049112728096 -0.1305443744637482 0.9914424672304976
    outer loop
      vertex 94 13.901924133300781 339.9212646484375
      vertex 94.5 13.723543167114258 339.89776611328125
      vertex 94.5 14.285588264465332 339.9717712402344
    endloop
  endfacet
  facet normal 0 -0.13060396385392 0.9914346194407597
    outer loop
      vertex 94.5 13.723543167114258 339.89776611328125
      vertex 94 13.901924133300781 339.9212646484375
      vertex 93.56935119628906 13.723543167114258 339.89776611328125
    endloop
  endfacet
  facet normal 0 -0.13060396385392 0.9914346194407597
    outer loop
      vertex -88 13.901924133300781 339.9212646484375
      vertex -88.5 13.723543167114258 339.89776611328125
      vertex -87.56935119628906 13.723543167114258 339.89776611328125
    endloop
  endfacet
  facet normal -0.000021628049112728096 -0.1305443744637482 0.9914424672304976
    outer loop
      vertex -88.5 13.723543167114258 339.89776611328125
      vertex -88 13.901924133300781 339.9212646484375
      vertex -88.5 14.285588264465332 339.9717712402344
    endloop
  endfacet
  facet normal -0.7836509435988733 0.15587989103470765 0.6013257504610983
    outer loop
      vertex -90.90030670166016 94.4942398071289 338.5
      vertex -91.09807586669922 93.5 338.5
      vertex -90.62132263183594 93.5 339.1213073730469
    endloop
  endfacet
  facet normal -0.13054328581339475 -0.00002152519181864636 0.991442610575977
    outer loop
      vertex -89.09807586669922 15 339.9212646484375
      vertex -89.27645874023438 14.5 339.89776611328125
      vertex -88.71440887451172 14.5 339.9717712402344
    endloop
  endfacet
  facet normal -0.1306025911983928 0 0.9914348002628642
    outer loop
      vertex -89.27645874023438 14.5 339.89776611328125
      vertex -89.09807586669922 15 339.9212646484375
      vertex -89.27645874023438 15.43065071105957 339.89776611328125
    endloop
  endfacet
  facet normal -0.13054328581339475 0.00002152519181864636 0.991442610575977
    outer loop
      vertex -89.27645874023438 93.5 339.89776611328125
      vertex -89.09807586669922 93 339.9212646484375
      vertex -88.71440887451172 93.5 339.9717712402344
    endloop
  endfacet
  facet normal -0.1306025911983928 0 0.9914348002628642
    outer loop
      vertex -89.09807586669922 93 339.9212646484375
      vertex -89.27645874023438 93.5 339.89776611328125
      vertex -89.27645874023438 92.56935119628906 339.89776611328125
    endloop
  endfacet
  facet normal -0.17754510645041302 0.8925679205809148 0.4144879278403333
    outer loop
      vertex -89.39546203613281 96.25595092773438 337.7764587402344
      vertex -89.4942398071289 95.90030670166016 338.5
      vertex -88.5 96.09807586669922 338.5
    endloop
  endfacet
  facet normal -0.7495566479647616 0.5008306870097465 -0.432820348922247
    outer loop
      vertex -90.33712005615234 95.33712005615234 251.5
      vertex -90.90030670166016 94.4942398071289 251.5
      vertex -90.84435272216797 95.2032699584961 252.22354125976562
    endloop
  endfacet
  facet normal -0.9141463621271012 0.14478202884536664 -0.37864837611325647
    outer loop
      vertex -91.09807586669922 93.5 251.5
      vertex -91.39777374267578 93.5 252.22354125976562
      vertex -91.25595092773438 94.39546203613281 252.22354125976562
    endloop
  endfacet
  facet normal -0.6829990892113751 0.4563589743424509 -0.5703058220582519
    outer loop
      vertex -90.33712005615234 94.56066131591797 250.87867736816406
      vertex -90.90030670166016 94.4942398071289 251.5
      vertex -90.33712005615234 95.33712005615234 251.5
    endloop
  endfacet
  facet normal -0.8340065040221933 0.4249470337973131 -0.3519277904848447
    outer loop
      vertex -90.90030670166016 94.4942398071289 251.5
      vertex -91.25595092773438 94.39546203613281 252.22354125976562
      vertex -90.84435272216797 95.2032699584961 252.22354125976562
    endloop
  endfacet
  facet normal 0 0.13052104055558153 -0.9914455395896883
    outer loop
      vertex -88.5 93.5 250
      vertex 94.5 94.27645874023438 250.1022186279297
      vertex 94.5 93.5 250
    endloop
  endfacet
  facet normal 0 0.13052104055558153 -0.9914455395896883
    outer loop
      vertex 94.5 94.27645874023438 250.1022186279297
      vertex -88.5 93.5 250
      vertex -88.5 94.27645874023438 250.1022186279297
    endloop
  endfacet
  facet normal 0.12943262147796872 0.9831044669793143 -0.12943262147796872
    outer loop
      vertex 95.27645874023438 96.39777374267578 253
      vertex 94.5 96.39777374267578 252.22354125976562
      vertex 94.5 96.5 253
    endloop
  endfacet
  facet normal -0.6008233678068247 0.16098970151825256 -0.7830029353088844
    outer loop
      vertex -90 93.5 250.40191650390625
      vertex -90.62132263183594 93.5 250.87867736816406
      vertex -90.33712005615234 94.56066131591797 250.87867736816406
    endloop
  endfacet
  facet normal -0.21181981381456516 0.5113801506632333 -0.8328401455160599
    outer loop
      vertex -88.5 95 250.40191650390625
      vertex -89.56066131591797 94.56066131591797 250.40191650390625
      vertex -89.56066131591797 95.33712005615234 250.87867736816406
    endloop
  endfacet
  facet normal -0.46362031738253223 0.46362031738253223 -0.7550578803113309
    outer loop
      vertex -89.56066131591797 94.56066131591797 250.40191650390625
      vertex -90.33712005615234 94.56066131591797 250.87867736816406
      vertex -89.56066131591797 95.33712005615234 250.87867736816406
    endloop
  endfacet
  facet normal 0.5298711542142587 0.5298711542142587 -0.662173028643797
    outer loop
      vertex 96.33712005615234 94.56066131591797 250.87867736816406
      vertex 95.56066131591797 95.33712005615234 250.87867736816406
      vertex 96.33712005615234 95.33712005615234 251.5
    endloop
  endfacet
  facet normal 0.608776296270778 0 0.7933419320184922
    outer loop
      vertex 96 93.5 339.59808349609375
      vertex 96.62132263183594 14.5 339.1213073730469
      vertex 96.62132263183594 93.5 339.1213073730469
    endloop
  endfacet
  facet normal 0.608776296270778 0 0.7933419320184922
    outer loop
      vertex 96.62132263183594 14.5 339.1213073730469
      vertex 96 93.5 339.59808349609375
      vertex 96 14.5 339.59808349609375
    endloop
  endfacet
  facet normal 0.6008351570248598 0.16099286042117528 0.7829932394192941
    outer loop
      vertex 96.33712005615234 94.56066131591797 339.1213073730469
      vertex 96 93.5 339.59808349609375
      vertex 96.62132263183594 93.5 339.1213073730469
    endloop
  endfacet
  facet normal 0.19740979759526275 -0.7367453837772466 -0.6467113817587525
    outer loop
      vertex 95.4942398071289 12.099691390991211 251.5
      vertex 94.5 12.378680229187012 250.87867736816406
      vertex 95.56066131591797 12.662882804870605 250.87867736816406
    endloop
  endfacet
  facet normal 0.1294291203935906 -0.9831053888512071 0.1294291203935906
    outer loop
      vertex 94.5 11.60222339630127 337.7764587402344
      vertex 94.5 11.5 337
      vertex 95.27645874023438 11.60222339630127 337
    endloop
  endfacet
  facet normal -0.16098970151825256 0.6008233678068247 -0.7830029353088844
    outer loop
      vertex -88.5 95 250.40191650390625
      vertex -89.56066131591797 95.33712005615234 250.87867736816406
      vertex -88.5 95.62132263183594 250.87867736816406
    endloop
  endfacet
  facet normal 0.19741051945036808 0.7367480777844494 -0.6467080923347526
    outer loop
      vertex 95.56066131591797 95.33712005615234 250.87867736816406
      vertex 94.5 95.62132263183594 250.87867736816406
      vertex 95.4942398071289 95.90030670166016 251.5
    endloop
  endfacet
  facet normal 0.7933560467907059 0 -0.6087579018137039
    outer loop
      vertex 97.09807586669922 14.5 251.5
      vertex 96.62132263183594 93.5 250.87867736816406
      vertex 97.09807586669922 93.5 251.5
    endloop
  endfacet
  facet normal 0.7933560467907059 0 -0.6087579018137039
    outer loop
      vertex 96.62132263183594 93.5 250.87867736816406
      vertex 97.09807586669922 14.5 251.5
      vertex 96.62132263183594 14.5 250.87867736816406
    endloop
  endfacet
  facet normal 0.8925679205809148 0.17754510645041302 -0.4144879278403333
    outer loop
      vertex 97.09807586669922 93.5 251.5
      vertex 96.90030670166016 94.4942398071289 251.5
      vertex 97.25595092773438 94.39546203613281 252.22354125976562
    endloop
  endfacet
  facet normal 0.9914442789083516 0 -0.13053061640817715
    outer loop
      vertex 97.5 14.5 253
      vertex 97.39777374267578 93.5 252.22354125976562
      vertex 97.5 93.5 253
    endloop
  endfacet
  facet normal 0.9914442789083516 0 -0.13053061640817715
    outer loop
      vertex 97.39777374267578 93.5 252.22354125976562
      vertex 97.5 14.5 253
      vertex 97.39777374267578 14.5 252.22354125976562
    endloop
  endfacet
  facet normal -0.8925679205809148 -0.17754510645041302 -0.4144879278403333
    outer loop
      vertex -90.90030670166016 13.505760192871094 251.5
      vertex -91.25595092773438 13.604537963867188 252.22354125976562
      vertex -91.09807586669922 14.5 251.5
    endloop
  endfacet
  facet normal -0.6008233398042799 -0.16098998351744034 -0.7830028988155057
    outer loop
      vertex -90.33712005615234 13.439340591430664 250.87867736816406
      vertex -90.62132263183594 14.5 250.87867736816406
      vertex -90 14.5 250.40191650390625
    endloop
  endfacet
  facet normal -0.7933546929629443 -0.6087596661685729 0
    outer loop
      vertex -90.62132263183594 12.378680229187012 253
      vertex -91.09807586669922 13 337
      vertex -91.09807586669922 13 253
    endloop
  endfacet
  facet normal -0.7933546929629443 -0.6087596661685729 0
    outer loop
      vertex -91.09807586669922 13 337
      vertex -90.62132263183594 12.378680229187012 253
      vertex -90.62132263183594 12.378680229187012 337
    endloop
  endfacet
  facet normal -0.7495554693279941 -0.5008315994741367 -0.43282133423465674
    outer loop
      vertex -90.84435272216797 12.796730041503906 252.22354125976562
      vertex -90.90030670166016 13.505760192871094 251.5
      vertex -90.33712005615234 12.662882804870605 251.5
    endloop
  endfacet
  facet normal -0.60876020117453 -0.7933542824400368 0
    outer loop
      vertex -90.62132263183594 12.378680229187012 253
      vertex -90 11.901924133300781 337
      vertex -90.62132263183594 12.378680229187012 337
    endloop
  endfacet
  facet normal -0.60876020117453 -0.7933542824400368 0
    outer loop
      vertex -90 11.901924133300781 337
      vertex -90.62132263183594 12.378680229187012 253
      vertex -90 11.901924133300781 253
    endloop
  endfacet
  facet normal -0.4473980603901534 -0.8780671425564331 0.1698030291894384
    outer loop
      vertex -89.39546203613281 11.744050025939941 337.7764587402344
      vertex -90.2032699584961 12.155649185180664 337.7764587402344
      vertex -90 11.901924133300781 337
    endloop
  endfacet
  facet normal -0.9914442789083516 0 0.13053061640817715
    outer loop
      vertex -91.5 14.5 337
      vertex -91.39777374267578 93.5 337.7764587402344
      vertex -91.5 93.5 337
    endloop
  endfacet
  facet normal -0.9914442789083516 0 0.13053061640817715
    outer loop
      vertex -91.39777374267578 93.5 337.7764587402344
      vertex -91.5 14.5 337
      vertex -91.39777374267578 14.5 337.7764587402344
    endloop
  endfacet
  facet normal -0.4636286542602386 -0.46362922370618603 0.7550472924754048
    outer loop
      vertex -89.56066131591797 13.439340591430664 339.59808349609375
      vertex -90.33712005615234 13.439340591430664 339.1213073730469
      vertex -89.56066131591797 12.662882804870605 339.1213073730469
    endloop
  endfacet
  facet normal 0.78942708016781 -0.6057459167381941 -0.09938193725587571
    outer loop
      vertex 97.09807586669922 13 253
      vertex 96.62132263183594 12.378680229187012 253
      vertex 96.84435272216797 12.796730041503906 252.22354125976562
    endloop
  endfacet
  facet normal 0.9831044265216845 -0.12943293409972856 -0.12943261615143703
    outer loop
      vertex 97.5 14.5 253
      vertex 97.39777374267578 13.723543167114258 253
      vertex 97.39777374267578 14.5 252.22354125976562
    endloop
  endfacet
  facet normal 0.7495554693279941 -0.5008315994741367 0.43282133423465674
    outer loop
      vertex 96.90030670166016 13.505760192871094 338.5
      vertex 96.33712005615234 12.662882804870605 338.5
      vertex 96.84435272216797 12.796730041503906 337.7764587402344
    endloop
  endfacet
  facet normal 0.14478564333427876 -0.9141445955052206 0.37865125906680364
    outer loop
      vertex 94.5 11.901924133300781 338.5
      vertex 94.5 11.60222339630127 337.7764587402344
      vertex 95.39546203613281 11.744050025939941 337.7764587402344
    endloop
  endfacet
  facet normal 0.15587989103470765 0.7836509435988733 0.6013257504610983
    outer loop
      vertex 94.5 96.09807586669922 338.5
      vertex 94.5 95.62132263183594 339.1213073730469
      vertex 95.4942398071289 95.90030670166016 338.5
    endloop
  endfacet
  facet normal 0.9141463621271012 0.14478202884536664 0.37864837611325647
    outer loop
      vertex 97.25595092773438 94.39546203613281 337.7764587402344
      vertex 97.09807586669922 93.5 338.5
      vertex 97.39777374267578 93.5 337.7764587402344
    endloop
  endfacet
  facet normal 0.00002152519181864636 0.13054328581339475 0.991442610575977
    outer loop
      vertex 94.5 94.27645874023438 339.89776611328125
      vertex 94 94.09807586669922 339.9212646484375
      vertex 94.5 93.71440887451172 339.9717712402344
    endloop
  endfacet
  facet normal 0 0.1306025911983928 0.9914348002628642
    outer loop
      vertex 94 94.09807586669922 339.9212646484375
      vertex 94.5 94.27645874023438 339.89776611328125
      vertex 93.56935119628906 94.27645874023438 339.89776611328125
    endloop
  endfacet
  facet normal 0 0.1306025911983928 0.9914348002628642
    outer loop
      vertex -88.5 94.27645874023438 339.89776611328125
      vertex -88 94.09807586669922 339.9212646484375
      vertex -87.56935119628906 94.27645874023438 339.89776611328125
    endloop
  endfacet
  facet normal -0.00002152519181864636 0.13054328581339475 0.991442610575977
    outer loop
      vertex -88 94.09807586669922 339.9212646484375
      vertex -88.5 94.27645874023438 339.89776611328125
      vertex -88.5 93.71440887451172 339.9717712402344
    endloop
  endfacet
  facet normal 0.37794560416925693 -0.15654990004216332 0.9124961638746346
    outer loop
      vertex 96 14.5 339.59808349609375
      vertex 95.27645874023438 14.5 339.89776611328125
      vertex 95.56066131591797 13.439340591430664 339.59808349609375
    endloop
  endfacet
  facet normal 0.7836509435988733 0.15587989103470765 0.6013257504610983
    outer loop
      vertex 96.90030670166016 94.4942398071289 338.5
      vertex 96.62132263183594 93.5 339.1213073730469
      vertex 97.09807586669922 93.5 338.5
    endloop
  endfacet
  facet normal 0.9831044265216845 -0.12943293409972856 0.12943261615143703
    outer loop
      vertex 97.39777374267578 14.5 337.7764587402344
      vertex 97.39777374267578 13.723543167114258 337
      vertex 97.5 14.5 337
    endloop
  endfacet
  facet normal 0.14478202884536664 0.9141463621271012 0.37864837611325647
    outer loop
      vertex 94.5 96.39777374267578 337.7764587402344
      vertex 94.5 96.09807586669922 338.5
      vertex 95.39546203613281 96.25595092773438 337.7764587402344
    endloop
  endfacet
  facet normal -0.12949367990603747 -0.12944522314656268 0.983094767084501
    outer loop
      vertex -88.62132263183594 14.378680229187012 339.9680480957031
      vertex -88.5 13.723543167114258 339.89776611328125
      vertex -88.5 14.285588264465332 339.9717712402344
    endloop
  endfacet
  facet normal -0.12944420862144987 -0.12948986948470367 0.9830954025704733
    outer loop
      vertex -89.27645874023438 14.5 339.89776611328125
      vertex -88.62132263183594 14.378680229187012 339.9680480957031
      vertex -88.71440887451172 14.5 339.9717712402344
    endloop
  endfacet
  facet normal -0.12943500873732985 -0.1294353266914987 0.9831037965125718
    outer loop
      vertex -88.62132263183594 14.378680229187012 339.9680480957031
      vertex -89.27645874023438 14.5 339.89776611328125
      vertex -88.5 13.723543167114258 339.89776611328125
    endloop
  endfacet
  facet normal -0.4563571314206917 -0.6829905483215811 0.5703175251602072
    outer loop
      vertex -89.56066131591797 12.662882804870605 339.1213073730469
      vertex -90.33712005615234 12.662882804870605 338.5
      vertex -89.4942398071289 12.099691390991211 338.5
    endloop
  endfacet
  facet normal 0.1306025911983928 0 0.9914348002628642
    outer loop
      vertex 95.27645874023438 93.5 339.89776611328125
      vertex 95.09807586669922 93 339.9212646484375
      vertex 95.27645874023438 92.56935119628906 339.89776611328125
    endloop
  endfacet
  facet normal 0.13054328581339475 0.00002152519181864636 0.991442610575977
    outer loop
      vertex 95.09807586669922 93 339.9212646484375
      vertex 95.27645874023438 93.5 339.89776611328125
      vertex 94.71440887451172 93.5 339.9717712402344
    endloop
  endfacet
  facet normal 0.1306025911983928 0 0.9914348002628642
    outer loop
      vertex 95.09807586669922 15 339.9212646484375
      vertex 95.27645874023438 14.5 339.89776611328125
      vertex 95.27645874023438 15.43065071105957 339.89776611328125
    endloop
  endfacet
  facet normal 0.13054328581339475 -0.00002152519181864636 0.991442610575977
    outer loop
      vertex 95.27645874023438 14.5 339.89776611328125
      vertex 95.09807586669922 15 339.9212646484375
      vertex 94.71440887451172 14.5 339.9717712402344
    endloop
  endfacet
  facet normal -0.5298654483014386 0.5298654483014386 0.6621821602796553
    outer loop
      vertex -90.33712005615234 95.33712005615234 338.5
      vertex -90.33712005615234 94.56066131591797 339.1213073730469
      vertex -89.56066131591797 95.33712005615234 339.1213073730469
    endloop
  endfacet
  facet normal -0.12943262147796872 0.9831044669793143 0.12943262147796872
    outer loop
      vertex -88.5 96.5 337
      vertex -89.27645874023438 96.39777374267578 337
      vertex -88.5 96.39777374267578 337.7764587402344
    endloop
  endfacet
  facet normal -0.9238807634942465 0 0.3826804604958138
    outer loop
      vertex -91.39777374267578 14.5 337.7764587402344
      vertex -91.09807586669922 93.5 338.5
      vertex -91.39777374267578 93.5 337.7764587402344
    endloop
  endfacet
  facet normal -0.9238807634942465 0 0.3826804604958138
    outer loop
      vertex -91.09807586669922 93.5 338.5
      vertex -91.39777374267578 14.5 337.7764587402344
      vertex -91.09807586669922 14.5 338.5
    endloop
  endfacet
  facet normal -0.9758219537660413 0.1545501772050519 0.1545501772050519
    outer loop
      vertex -91.39777374267578 94.27645874023438 337
      vertex -91.39777374267578 93.5 337.7764587402344
      vertex -91.25595092773438 94.39546203613281 337.7764587402344
    endloop
  endfacet
  facet normal -0.9914442789083516 0 -0.13053061640817715
    outer loop
      vertex -91.39777374267578 14.5 252.22354125976562
      vertex -91.5 93.5 253
      vertex -91.39777374267578 93.5 252.22354125976562
    endloop
  endfacet
  facet normal -0.9914442789083516 0 -0.13053061640817715
    outer loop
      vertex -91.5 93.5 253
      vertex -91.39777374267578 14.5 252.22354125976562
      vertex -91.5 14.5 253
    endloop
  endfacet
  facet normal -0.4473973745093619 0.8780678309222738 -0.16980127673719891
    outer loop
      vertex -89.39546203613281 96.25595092773438 252.22354125976562
      vertex -90.2032699584961 95.84435272216797 252.22354125976562
      vertex -90 96.09807586669922 253
    endloop
  endfacet
  facet normal -0.17754510645041302 0.8925679205809148 -0.4144879278403333
    outer loop
      vertex -88.5 96.09807586669922 251.5
      vertex -89.4942398071289 95.90030670166016 251.5
      vertex -89.39546203613281 96.25595092773438 252.22354125976562
    endloop
  endfacet
  facet normal -0.9758219537660413 0.1545501772050519 -0.1545501772050519
    outer loop
      vertex -91.25595092773438 94.39546203613281 252.22354125976562
      vertex -91.39777374267578 93.5 252.22354125976562
      vertex -91.39777374267578 94.27645874023438 253
    endloop
  endfacet
  facet normal -0.13053061640817712 0.9914442789083516 0
    outer loop
      vertex -88.5 96.5 253
      vertex -89.27645874023438 96.39777374267578 337
      vertex -88.5 96.5 337
    endloop
  endfacet
  facet normal -0.13053061640817712 0.9914442789083516 0
    outer loop
      vertex -89.27645874023438 96.39777374267578 337
      vertex -88.5 96.5 253
      vertex -89.27645874023438 96.39777374267578 253
    endloop
  endfacet
  facet normal -0.7367480777844494 0.19741051945036808 -0.6467080923347526
    outer loop
      vertex -90.62132263183594 93.5 250.87867736816406
      vertex -90.90030670166016 94.4942398071289 251.5
      vertex -90.33712005615234 94.56066131591797 250.87867736816406
    endloop
  endfacet
  facet normal -0.7836579025792687 0.15588127527996964 -0.6013163225309551
    outer loop
      vertex -90.62132263183594 93.5 250.87867736816406
      vertex -91.09807586669922 93.5 251.5
      vertex -90.90030670166016 94.4942398071289 251.5
    endloop
  endfacet
  facet normal 0.9831044669793143 0.12943262147796872 -0.12943262147796872
    outer loop
      vertex 97.5 93.5 253
      vertex 97.39777374267578 93.5 252.22354125976562
      vertex 97.39777374267578 94.27645874023438 253
    endloop
  endfacet
  facet normal 0.4563589743424508 0.682999089211375 -0.5703058220582518
    outer loop
      vertex 95.56066131591797 95.33712005615234 250.87867736816406
      vertex 95.4942398071289 95.90030670166016 251.5
      vertex 96.33712005615234 95.33712005615234 251.5
    endloop
  endfacet
  facet normal 0 0.793348826239951 0.6087673117897281
    outer loop
      vertex 94.5 96.09807586669922 338.5
      vertex -88.5 95.62132263183594 339.1213073730469
      vertex 94.5 95.62132263183594 339.1213073730469
    endloop
  endfacet
  facet normal 0 0.793348826239951 0.6087673117897281
    outer loop
      vertex -88.5 95.62132263183594 339.1213073730469
      vertex 94.5 96.09807586669922 338.5
      vertex -88.5 96.09807586669922 338.5
    endloop
  endfacet
  facet normal 0.9183316430784606 0.3803819604729015 0.10943745916095965
    outer loop
      vertex 97.39777374267578 94.27645874023438 337
      vertex 97.09807586669922 95 337
      vertex 97.25595092773438 94.39546203613281 337.7764587402344
    endloop
  endfacet
  facet normal 0.1545501772050519 0.9758219537660413 0.1545501772050519
    outer loop
      vertex 95.27645874023438 96.39777374267578 337
      vertex 94.5 96.39777374267578 337.7764587402344
      vertex 95.39546203613281 96.25595092773438 337.7764587402344
    endloop
  endfacet
  facet normal 0.3803819604729015 0.9183316430784606 -0.10943745916095965
    outer loop
      vertex 95.39546203613281 96.25595092773438 252.22354125976562
      vertex 95.27645874023438 96.39777374267578 253
      vertex 96 96.09807586669922 253
    endloop
  endfacet
  facet normal -0.14478202884536664 0.9141463621271012 -0.37864837611325647
    outer loop
      vertex -88.5 96.09807586669922 251.5
      vertex -89.39546203613281 96.25595092773438 252.22354125976562
      vertex -88.5 96.39777374267578 252.22354125976562
    endloop
  endfacet
  facet normal -0.15655658173637257 -0.3779607740304284 -0.9124887341821498
    outer loop
      vertex -88.5 13 250.40191650390625
      vertex -89.56066131591797 13.439340591430664 250.40191650390625
      vertex -88.5 13.723543167114258 250.1022186279297
    endloop
  endfacet
  facet normal 0.14478564333427876 -0.9141445955052206 -0.37865125906680364
    outer loop
      vertex 95.39546203613281 11.744050025939941 252.22354125976562
      vertex 94.5 11.60222339630127 252.22354125976562
      vertex 94.5 11.901924133300781 251.5
    endloop
  endfacet
  facet normal 0 -0.9914447516743156 -0.1305270254677345
    outer loop
      vertex -88.5 11.60222339630127 252.22354125976562
      vertex 94.5 11.5 253
      vertex -88.5 11.5 253
    endloop
  endfacet
  facet normal 0 -0.9914447516743156 -0.1305270254677345
    outer loop
      vertex 94.5 11.5 253
      vertex -88.5 11.60222339630127 252.22354125976562
      vertex 94.5 11.60222339630127 252.22354125976562
    endloop
  endfacet
  facet normal -0.15588127527996964 0.7836579025792687 -0.6013163225309551
    outer loop
      vertex -88.5 95.62132263183594 250.87867736816406
      vertex -89.4942398071289 95.90030670166016 251.5
      vertex -88.5 96.09807586669922 251.5
    endloop
  endfacet
  facet normal 0.16098970151825256 0.6008233678068247 -0.7830029353088844
    outer loop
      vertex 95.56066131591797 95.33712005615234 250.87867736816406
      vertex 94.5 95 250.40191650390625
      vertex 94.5 95.62132263183594 250.87867736816406
    endloop
  endfacet
  facet normal 0.129423285231074 0.129423285231074 -0.9831069252527886
    outer loop
      vertex 95.27645874023438 93.5 250.1022186279297
      vertex 94.5 93.5 250
      vertex 94.5 94.27645874023438 250.1022186279297
    endloop
  endfacet
  facet normal -0.129423285231074 0.129423285231074 -0.9831069252527886
    outer loop
      vertex -88.5 93.5 250
      vertex -89.27645874023438 93.5 250.1022186279297
      vertex -88.5 94.27645874023438 250.1022186279297
    endloop
  endfacet
  facet normal 0.6008233678068247 0.16098970151825256 -0.7830029353088844
    outer loop
      vertex 96.62132263183594 93.5 250.87867736816406
      vertex 96 93.5 250.40191650390625
      vertex 96.33712005615234 94.56066131591797 250.87867736816406
    endloop
  endfacet
  facet normal 0.3826804604958138 0 -0.9238807634942465
    outer loop
      vertex 95.27645874023438 14.5 250.1022186279297
      vertex 96 93.5 250.40191650390625
      vertex 96 14.5 250.40191650390625
    endloop
  endfacet
  facet normal 0.3826804604958138 0 -0.9238807634942465
    outer loop
      vertex 96 93.5 250.40191650390625
      vertex 95.27645874023438 14.5 250.1022186279297
      vertex 95.27645874023438 93.5 250.1022186279297
    endloop
  endfacet
  facet normal 0.5298709714913029 -0.5298716222985268 -0.6621728002973167
    outer loop
      vertex 96.33712005615234 12.662882804870605 251.5
      vertex 95.56066131591797 12.662882804870605 250.87867736816406
      vertex 96.33712005615234 13.439340591430664 250.87867736816406
    endloop
  endfacet
  facet normal 0.8340065040221933 -0.4249470337973131 -0.3519277904848447
    outer loop
      vertex 97.25595092773438 13.604537963867188 252.22354125976562
      vertex 96.84435272216797 12.796730041503906 252.22354125976562
      vertex 96.90030670166016 13.505760192871094 251.5
    endloop
  endfacet
  facet normal 0 0.6087640334084832 -0.7933513418582181
    outer loop
      vertex -88.5 95 250.40191650390625
      vertex 94.5 95.62132263183594 250.87867736816406
      vertex 94.5 95 250.40191650390625
    endloop
  endfacet
  facet normal 0 0.6087640334084832 -0.7933513418582181
    outer loop
      vertex 94.5 95.62132263183594 250.87867736816406
      vertex -88.5 95 250.40191650390625
      vertex -88.5 95.62132263183594 250.87867736816406
    endloop
  endfacet
  facet normal 0.7495566479647616 0.5008306870097465 -0.432820348922247
    outer loop
      vertex 96.90030670166016 94.4942398071289 251.5
      vertex 96.33712005615234 95.33712005615234 251.5
      vertex 96.84435272216797 95.2032699584961 252.22354125976562
    endloop
  endfacet
  facet normal 0.5008306870097465 0.7495566479647616 -0.432820348922247
    outer loop
      vertex 96.33712005615234 95.33712005615234 251.5
      vertex 95.4942398071289 95.90030670166016 251.5
      vertex 96.2032699584961 95.84435272216797 252.22354125976562
    endloop
  endfacet
  facet normal -0.4636201949858314 -0.4636207644213889 -0.7550576809745245
    outer loop
      vertex -89.56066131591797 12.662882804870605 250.87867736816406
      vertex -90.33712005615234 13.439340591430664 250.87867736816406
      vertex -89.56066131591797 13.439340591430664 250.40191650390625
    endloop
  endfacet
  facet normal -0.5113801094030168 -0.21182017763260133 -0.8328400783191523
    outer loop
      vertex -89.56066131591797 13.439340591430664 250.40191650390625
      vertex -90.33712005615234 13.439340591430664 250.87867736816406
      vertex -90 14.5 250.40191650390625
    endloop
  endfacet
  facet normal -0.664262580461256 -0.6642645567803305 -0.34279414056308594
    outer loop
      vertex -90.2032699584961 12.155649185180664 252.22354125976562
      vertex -90.84435272216797 12.796730041503906 252.22354125976562
      vertex -90.33712005615234 12.662882804870605 251.5
    endloop
  endfacet
  facet normal -0.6829981251963165 -0.4563598792582814 -0.5703062524483522
    outer loop
      vertex -90.33712005615234 12.662882804870605 251.5
      vertex -90.90030670166016 13.505760192871094 251.5
      vertex -90.33712005615234 13.439340591430664 250.87867736816406
    endloop
  endfacet
  facet normal -0.9183320718111304 -0.380381135324149 0.10943672954080884
    outer loop
      vertex -91.25595092773438 13.604537963867188 337.7764587402344
      vertex -91.39777374267578 13.723543167114258 337
      vertex -91.09807586669922 13 337
    endloop
  endfacet
  facet normal -0.9831044265216845 -0.12943293409972856 0.12943261615143703
    outer loop
      vertex -91.39777374267578 14.5 337.7764587402344
      vertex -91.5 14.5 337
      vertex -91.39777374267578 13.723543167114258 337
    endloop
  endfacet
  facet normal -0.1558794702022782 -0.7836563857899366 -0.6013187671943321
    outer loop
      vertex -88.5 11.901924133300781 251.5
      vertex -89.4942398071289 12.099691390991211 251.5
      vertex -88.5 12.378680229187012 250.87867736816406
    endloop
  endfacet
  facet normal -0.1294291203935906 -0.9831053888512071 -0.1294291203935906
    outer loop
      vertex -88.5 11.5 253
      vertex -89.27645874023438 11.60222339630127 253
      vertex -88.5 11.60222339630127 252.22354125976562
    endloop
  endfacet
  facet normal -0.664262580461256 -0.6642645567803305 0.34279414056308594
    outer loop
      vertex -90.33712005615234 12.662882804870605 338.5
      vertex -90.84435272216797 12.796730041503906 337.7764587402344
      vertex -90.2032699584961 12.155649185180664 337.7764587402344
    endloop
  endfacet
  facet normal -0.3803849016699666 -0.9183299771150026 0.1094412157895217
    outer loop
      vertex -89.39546203613281 11.744050025939941 337.7764587402344
      vertex -90 11.901924133300781 337
      vertex -89.27645874023438 11.60222339630127 337
    endloop
  endfacet
  facet normal -0.38268357870253084 -0.9238794718963202 0
    outer loop
      vertex -90 11.901924133300781 253
      vertex -89.27645874023438 11.60222339630127 337
      vertex -90 11.901924133300781 337
    endloop
  endfacet
  facet normal -0.38268357870253084 -0.9238794718963202 0
    outer loop
      vertex -89.27645874023438 11.60222339630127 337
      vertex -90 11.901924133300781 253
      vertex -89.27645874023438 11.60222339630127 253
    endloop
  endfacet
  facet normal -0.19740776990359987 -0.7367378163085062 0.6467206215999775
    outer loop
      vertex -88.5 12.378680229187012 339.1213073730469
      vertex -89.56066131591797 12.662882804870605 339.1213073730469
      vertex -89.4942398071289 12.099691390991211 338.5
    endloop
  endfacet
  facet normal -0.15654994479000447 -0.37794475103504444 0.9124965095556832
    outer loop
      vertex -88.5 13.723543167114258 339.89776611328125
      vertex -89.56066131591797 13.439340591430664 339.59808349609375
      vertex -88.5 13 339.59808349609375
    endloop
  endfacet
  facet normal -0.8925679205809148 -0.17754510645041302 0.4144879278403333
    outer loop
      vertex -91.09807586669922 14.5 338.5
      vertex -91.25595092773438 13.604537963867188 337.7764587402344
      vertex -90.90030670166016 13.505760192871094 338.5
    endloop
  endfacet
  facet normal -0.78942708016781 -0.6057459167381941 0.09938193725587571
    outer loop
      vertex -90.84435272216797 12.796730041503906 337.7764587402344
      vertex -91.09807586669922 13 337
      vertex -90.62132263183594 12.378680229187012 337
    endloop
  endfacet
  facet normal 0.8780678309222738 -0.4473973745093619 0.16980127673719891
    outer loop
      vertex 97.25595092773438 13.604537963867188 337.7764587402344
      vertex 96.84435272216797 12.796730041503906 337.7764587402344
      vertex 97.09807586669922 13 337
    endloop
  endfacet
  facet normal 0.9914442374123397 -0.130530931590426 0
    outer loop
      vertex 97.39777374267578 13.723543167114258 337
      vertex 97.5 14.5 253
      vertex 97.5 14.5 337
    endloop
  endfacet
  facet normal 0.9914442374123397 -0.130530931590426 0
    outer loop
      vertex 97.5 14.5 253
      vertex 97.39777374267578 13.723543167114258 337
      vertex 97.39777374267578 13.723543167114258 253
    endloop
  endfacet
  facet normal -0.1294291203935906 -0.9831053888512071 0.1294291203935906
    outer loop
      vertex -88.5 11.60222339630127 337.7764587402344
      vertex -89.27645874023438 11.60222339630127 337
      vertex -88.5 11.5 337
    endloop
  endfacet
  facet normal 0.8340065040221933 -0.4249470337973131 0.3519277904848447
    outer loop
      vertex 96.90030670166016 13.505760192871094 338.5
      vertex 96.84435272216797 12.796730041503906 337.7764587402344
      vertex 97.25595092773438 13.604537963867188 337.7764587402344
    endloop
  endfacet
  facet normal 0.60876020117453 -0.7933542824400368 0
    outer loop
      vertex 96 11.901924133300781 253
      vertex 96.62132263183594 12.378680229187012 337
      vertex 96 11.901924133300781 337
    endloop
  endfacet
  facet normal 0.60876020117453 -0.7933542824400368 0
    outer loop
      vertex 96.62132263183594 12.378680229187012 337
      vertex 96 11.901924133300781 253
      vertex 96.62132263183594 12.378680229187012 253
    endloop
  endfacet
  facet normal 0.6057463487797 -0.7894265409426996 -0.09938358715253809
    outer loop
      vertex 96.62132263183594 12.378680229187012 253
      vertex 96 11.901924133300781 253
      vertex 96.2032699584961 12.155649185180664 252.22354125976562
    endloop
  endfacet
  facet normal 0 -1 0
    outer loop
      vertex -88.5 11.5 253
      vertex 94.5 11.5 337
      vertex -88.5 11.5 337
    endloop
  endfacet
  facet normal 0 -1 0
    outer loop
      vertex 94.5 11.5 337
      vertex -88.5 11.5 253
      vertex 94.5 11.5 253
    endloop
  endfacet
  facet normal 0.12944420862144987 -0.12948986948470367 0.9830954025704733
    outer loop
      vertex 94.62132263183594 14.378680229187012 339.9680480957031
      vertex 95.27645874023438 14.5 339.89776611328125
      vertex 94.71440887451172 14.5 339.9717712402344
    endloop
  endfacet
  facet normal 0.12949367990603747 -0.12944522314656268 0.983094767084501
    outer loop
      vertex 94.5 13.723543167114258 339.89776611328125
      vertex 94.62132263183594 14.378680229187012 339.9680480957031
      vertex 94.5 14.285588264465332 339.9717712402344
    endloop
  endfacet
  facet normal 0.12943500873732985 -0.1294353266914987 0.9831037965125718
    outer loop
      vertex 94.62132263183594 14.378680229187012 339.9680480957031
      vertex 94.5 13.723543167114258 339.89776611328125
      vertex 95.27645874023438 14.5 339.89776611328125
    endloop
  endfacet
  facet normal 0.9758220110220148 -0.15455018627322342 0.1545498066251221
    outer loop
      vertex 97.39777374267578 14.5 337.7764587402344
      vertex 97.25595092773438 13.604537963867188 337.7764587402344
      vertex 97.39777374267578 13.723543167114258 337
    endloop
  endfacet
  facet normal 0.9758219537660413 0.1545501772050519 0.1545501772050519
    outer loop
      vertex 97.39777374267578 94.27645874023438 337
      vertex 97.25595092773438 94.39546203613281 337.7764587402344
      vertex 97.39777374267578 93.5 337.7764587402344
    endloop
  endfacet
  facet normal 0.9831044669793143 0.12943262147796872 0.12943262147796872
    outer loop
      vertex 97.39777374267578 94.27645874023438 337
      vertex 97.39777374267578 93.5 337.7764587402344
      vertex 97.5 93.5 337
    endloop
  endfacet
  facet normal -0.37794560416925693 -0.15654990004216332 0.9124961638746346
    outer loop
      vertex -89.27645874023438 14.5 339.89776611328125
      vertex -90 14.5 339.59808349609375
      vertex -89.56066131591797 13.439340591430664 339.59808349609375
    endloop
  endfacet
  facet normal -0.21253121302829864 -0.21253173510641224 0.9537613669369176
    outer loop
      vertex -89.27645874023438 14.5 339.89776611328125
      vertex -89.56066131591797 13.439340591430664 339.59808349609375
      vertex -88.5 13.723543167114258 339.89776611328125
    endloop
  endfacet
  facet normal -0.4636287766636393 0.4636287766636393 0.7550474918167429
    outer loop
      vertex -89.56066131591797 95.33712005615234 339.1213073730469
      vertex -90.33712005615234 94.56066131591797 339.1213073730469
      vertex -89.56066131591797 94.56066131591797 339.59808349609375
    endloop
  endfacet
  facet normal -0.3803819604729015 0.9183316430784606 0.10943745916095965
    outer loop
      vertex -89.27645874023438 96.39777374267578 337
      vertex -90 96.09807586669922 337
      vertex -89.39546203613281 96.25595092773438 337.7764587402344
    endloop
  endfacet
  facet normal -0.6829936335246285 0.4563553290204478 0.5703152726689549
    outer loop
      vertex -90.33712005615234 95.33712005615234 338.5
      vertex -90.90030670166016 94.4942398071289 338.5
      vertex -90.33712005615234 94.56066131591797 339.1213073730469
    endloop
  endfacet
  facet normal -0.4249470337973131 0.8340065040221933 0.3519277904848447
    outer loop
      vertex -89.39546203613281 96.25595092773438 337.7764587402344
      vertex -90.2032699584961 95.84435272216797 337.7764587402344
      vertex -89.4942398071289 95.90030670166016 338.5
    endloop
  endfacet
  facet normal -0.6642639673533278 0.6642639673533278 -0.3427925952409619
    outer loop
      vertex -90.33712005615234 95.33712005615234 251.5
      vertex -90.84435272216797 95.2032699584961 252.22354125976562
      vertex -90.2032699584961 95.84435272216797 252.22354125976562
    endloop
  endfacet
  facet normal -0.6962117253398056 0.6962117253398056 -0.17486699802633446
    outer loop
      vertex -90.2032699584961 95.84435272216797 252.22354125976562
      vertex -90.84435272216797 95.2032699584961 252.22354125976562
      vertex -90.62132263183594 95.62132263183594 253
    endloop
  endfacet
  facet normal -0.9183316430784606 0.3803819604729015 -0.10943745916095965
    outer loop
      vertex -91.25595092773438 94.39546203613281 252.22354125976562
      vertex -91.39777374267578 94.27645874023438 253
      vertex -91.09807586669922 95 253
    endloop
  endfacet
  facet normal -0.9914442789083516 0.13053061640817712 0
    outer loop
      vertex -91.5 93.5 253
      vertex -91.39777374267578 94.27645874023438 337
      vertex -91.39777374267578 94.27645874023438 253
    endloop
  endfacet
  facet normal -0.9914442789083516 0.13053061640817712 0
    outer loop
      vertex -91.39777374267578 94.27645874023438 337
      vertex -91.5 93.5 253
      vertex -91.5 93.5 337
    endloop
  endfacet
  facet normal -0.9758220110220148 -0.15455018627322342 0.1545498066251221
    outer loop
      vertex -91.39777374267578 14.5 337.7764587402344
      vertex -91.39777374267578 13.723543167114258 337
      vertex -91.25595092773438 13.604537963867188 337.7764587402344
    endloop
  endfacet
  facet normal -0.9141463621271012 -0.14478202884536664 0.37864837611325647
    outer loop
      vertex -91.09807586669922 14.5 338.5
      vertex -91.39777374267578 14.5 337.7764587402344
      vertex -91.25595092773438 13.604537963867188 337.7764587402344
    endloop
  endfacet
  facet normal -0.19741051945036808 0.7367480777844494 -0.6467080923347526
    outer loop
      vertex -88.5 95.62132263183594 250.87867736816406
      vertex -89.56066131591797 95.33712005615234 250.87867736816406
      vertex -89.4942398071289 95.90030670166016 251.5
    endloop
  endfacet
  facet normal -0.4563589743424508 0.682999089211375 -0.5703058220582518
    outer loop
      vertex -89.56066131591797 95.33712005615234 250.87867736816406
      vertex -90.33712005615234 95.33712005615234 251.5
      vertex -89.4942398071289 95.90030670166016 251.5
    endloop
  endfacet
  facet normal -0.8925679205809148 0.17754510645041302 -0.4144879278403333
    outer loop
      vertex -91.09807586669922 93.5 251.5
      vertex -91.25595092773438 94.39546203613281 252.22354125976562
      vertex -90.90030670166016 94.4942398071289 251.5
    endloop
  endfacet
  facet normal 0.6829990892113751 0.4563589743424509 -0.5703058220582519
    outer loop
      vertex 96.90030670166016 94.4942398071289 251.5
      vertex 96.33712005615234 94.56066131591797 250.87867736816406
      vertex 96.33712005615234 95.33712005615234 251.5
    endloop
  endfacet
  facet normal 0 0.6087762962707779 0.7933419320184922
    outer loop
      vertex -88.5 95.62132263183594 339.1213073730469
      vertex 94.5 95 339.59808349609375
      vertex 94.5 95.62132263183594 339.1213073730469
    endloop
  endfacet
  facet normal 0 0.6087762962707779 0.7933419320184922
    outer loop
      vertex 94.5 95 339.59808349609375
      vertex -88.5 95.62132263183594 339.1213073730469
      vertex -88.5 95 339.59808349609375
    endloop
  endfacet
  facet normal 0.5113915028689551 0.21182451603482 0.8328319789729773
    outer loop
      vertex 96.33712005615234 94.56066131591797 339.1213073730469
      vertex 95.56066131591797 94.56066131591797 339.59808349609375
      vertex 96 93.5 339.59808349609375
    endloop
  endfacet
  facet normal 0.6057441069494627 0.7894283566987844 0.09938282817395985
    outer loop
      vertex 96.62132263183594 95.62132263183594 337
      vertex 96 96.09807586669922 337
      vertex 96.2032699584961 95.84435272216797 337.7764587402344
    endloop
  endfacet
  facet normal 0.4249470337973131 0.8340065040221933 0.3519277904848447
    outer loop
      vertex 96.2032699584961 95.84435272216797 337.7764587402344
      vertex 95.39546203613281 96.25595092773438 337.7764587402344
      vertex 95.4942398071289 95.90030670166016 338.5
    endloop
  endfacet
  facet normal 0 1 0
    outer loop
      vertex 94.5 96.5 253
      vertex -88.5 96.5 337
      vertex 94.5 96.5 337
    endloop
  endfacet
  facet normal 0 1 0
    outer loop
      vertex -88.5 96.5 337
      vertex 94.5 96.5 253
      vertex -88.5 96.5 253
    endloop
  endfacet
  facet normal 0 0.9238807634942465 0.3826804604958137
    outer loop
      vertex 94.5 96.39777374267578 337.7764587402344
      vertex -88.5 96.09807586669922 338.5
      vertex 94.5 96.09807586669922 338.5
    endloop
  endfacet
  facet normal 0 0.9238807634942465 0.3826804604958137
    outer loop
      vertex -88.5 96.09807586669922 338.5
      vertex 94.5 96.39777374267578 337.7764587402344
      vertex -88.5 96.39777374267578 337.7764587402344
    endloop
  endfacet
  facet normal 0.14478202884536664 0.9141463621271012 -0.37864837611325647
    outer loop
      vertex 95.39546203613281 96.25595092773438 252.22354125976562
      vertex 94.5 96.09807586669922 251.5
      vertex 94.5 96.39777374267578 252.22354125976562
    endloop
  endfacet
  facet normal 0.1545501772050519 0.9758219537660413 -0.1545501772050519
    outer loop
      vertex 95.39546203613281 96.25595092773438 252.22354125976562
      vertex 94.5 96.39777374267578 252.22354125976562
      vertex 95.27645874023438 96.39777374267578 253
    endloop
  endfacet
  facet normal 0.6087640334084832 0 -0.7933513418582181
    outer loop
      vertex 96 14.5 250.40191650390625
      vertex 96.62132263183594 93.5 250.87867736816406
      vertex 96.62132263183594 14.5 250.87867736816406
    endloop
  endfacet
  facet normal 0.6087640334084832 0 -0.7933513418582181
    outer loop
      vertex 96.62132263183594 93.5 250.87867736816406
      vertex 96 14.5 250.40191650390625
      vertex 96 93.5 250.40191650390625
    endloop
  endfacet
  facet normal 0.177543690647275 -0.8925694111732786 -0.41448532440742886
    outer loop
      vertex 95.39546203613281 11.744050025939941 252.22354125976562
      vertex 94.5 11.901924133300781 251.5
      vertex 95.4942398071289 12.099691390991211 251.5
    endloop
  endfacet
  facet normal 0 0.793356046790706 -0.608757901813704
    outer loop
      vertex 94.5 95.62132263183594 250.87867736816406
      vertex -88.5 96.09807586669922 251.5
      vertex 94.5 96.09807586669922 251.5
    endloop
  endfacet
  facet normal 0 0.793356046790706 -0.608757901813704
    outer loop
      vertex -88.5 96.09807586669922 251.5
      vertex 94.5 95.62132263183594 250.87867736816406
      vertex -88.5 95.62132263183594 250.87867736816406
    endloop
  endfacet
  facet normal -0.15655626235195008 0.3779616438474456 -0.9124884286929473
    outer loop
      vertex -88.5 94.27645874023438 250.1022186279297
      vertex -89.56066131591797 94.56066131591797 250.40191650390625
      vertex -88.5 95 250.40191650390625
    endloop
  endfacet
  facet normal -0.21254118066299987 0.21254118066299987 -0.9537570408886931
    outer loop
      vertex -89.27645874023438 93.5 250.1022186279297
      vertex -89.56066131591797 94.56066131591797 250.40191650390625
      vertex -88.5 94.27645874023438 250.1022186279297
    endloop
  endfacet
  facet normal 0.21181981381456516 0.5113801506632333 -0.8328401455160599
    outer loop
      vertex 95.56066131591797 94.56066131591797 250.40191650390625
      vertex 94.5 95 250.40191650390625
      vertex 95.56066131591797 95.33712005615234 250.87867736816406
    endloop
  endfacet
  facet normal 0.46362031738253223 0.46362031738253223 -0.7550578803113309
    outer loop
      vertex 96.33712005615234 94.56066131591797 250.87867736816406
      vertex 95.56066131591797 94.56066131591797 250.40191650390625
      vertex 95.56066131591797 95.33712005615234 250.87867736816406
    endloop
  endfacet
  facet normal 0.9238807634942465 0 -0.3826804604958138
    outer loop
      vertex 97.39777374267578 14.5 252.22354125976562
      vertex 97.09807586669922 93.5 251.5
      vertex 97.39777374267578 93.5 252.22354125976562
    endloop
  endfacet
  facet normal 0.9238807634942465 0 -0.3826804604958138
    outer loop
      vertex 97.09807586669922 93.5 251.5
      vertex 97.39777374267578 14.5 252.22354125976562
      vertex 97.09807586669922 14.5 251.5
    endloop
  endfacet
  facet normal 0.9183320718111304 -0.380381135324149 -0.10943672954080884
    outer loop
      vertex 97.39777374267578 13.723543167114258 253
      vertex 97.09807586669922 13 253
      vertex 97.25595092773438 13.604537963867188 252.22354125976562
    endloop
  endfacet
  facet normal 0.6057441069494627 0.7894283566987844 -0.09938282817395985
    outer loop
      vertex 96.2032699584961 95.84435272216797 252.22354125976562
      vertex 96 96.09807586669922 253
      vertex 96.62132263183594 95.62132263183594 253
    endloop
  endfacet
  facet normal 0.6642639673533278 0.6642639673533278 -0.3427925952409619
    outer loop
      vertex 96.33712005615234 95.33712005615234 251.5
      vertex 96.2032699584961 95.84435272216797 252.22354125976562
      vertex 96.84435272216797 95.2032699584961 252.22354125976562
    endloop
  endfacet
  facet normal -0.21182087260741392 -0.5113804867131863 -0.8328396698865986
    outer loop
      vertex -88.5 13 250.40191650390625
      vertex -89.56066131591797 12.662882804870605 250.87867736816406
      vertex -89.56066131591797 13.439340591430664 250.40191650390625
    endloop
  endfacet
  facet normal -0.177543690647275 -0.8925694111732786 -0.41448532440742886
    outer loop
      vertex -89.39546203613281 11.744050025939941 252.22354125976562
      vertex -89.4942398071289 12.099691390991211 251.5
      vertex -88.5 11.901924133300781 251.5
    endloop
  endfacet
  facet normal -0.6962108978627733 -0.6962129692347244 -0.17486534009482774
    outer loop
      vertex -90.62132263183594 12.378680229187012 253
      vertex -90.84435272216797 12.796730041503906 252.22354125976562
      vertex -90.2032699584961 12.155649185180664 252.22354125976562
    endloop
  endfacet
  facet normal -0.5008338196714744 -0.7495549900809606 -0.4328195951178877
    outer loop
      vertex -90.2032699584961 12.155649185180664 252.22354125976562
      vertex -90.33712005615234 12.662882804870605 251.5
      vertex -89.4942398071289 12.099691390991211 251.5
    endloop
  endfacet
  facet normal -0.78942708016781 -0.6057459167381941 -0.09938193725587571
    outer loop
      vertex -90.62132263183594 12.378680229187012 253
      vertex -91.09807586669922 13 253
      vertex -90.84435272216797 12.796730041503906 252.22354125976562
    endloop
  endfacet
  facet normal -0.7836579025792687 -0.15588127527996964 -0.6013163225309551
    outer loop
      vertex -90.90030670166016 13.505760192871094 251.5
      vertex -91.09807586669922 14.5 251.5
      vertex -90.62132263183594 14.5 250.87867736816406
    endloop
  endfacet
  facet normal -0.7367477554921013 -0.19741078808926066 -0.6467083774958601
    outer loop
      vertex -90.33712005615234 13.439340591430664 250.87867736816406
      vertex -90.90030670166016 13.505760192871094 251.5
      vertex -90.62132263183594 14.5 250.87867736816406
    endloop
  endfacet
  facet normal -0.177543690647275 -0.8925694111732786 0.41448532440742886
    outer loop
      vertex -88.5 11.901924133300781 338.5
      vertex -89.4942398071289 12.099691390991211 338.5
      vertex -89.39546203613281 11.744050025939941 337.7764587402344
    endloop
  endfacet
  facet normal -0.6057463487797 -0.7894265409426996 0.09938358715253809
    outer loop
      vertex -90.2032699584961 12.155649185180664 337.7764587402344
      vertex -90.62132263183594 12.378680229187012 337
      vertex -90 11.901924133300781 337
    endloop
  endfacet
  facet normal -0.9914442374123397 -0.130530931590426 0
    outer loop
      vertex -91.39777374267578 13.723543167114258 253
      vertex -91.5 14.5 337
      vertex -91.5 14.5 253
    endloop
  endfacet
  facet normal -0.9914442374123397 -0.130530931590426 0
    outer loop
      vertex -91.5 14.5 337
      vertex -91.39777374267578 13.723543167114258 253
      vertex -91.39777374267578 13.723543167114258 337
    endloop
  endfacet
  facet normal -0.9238811201537621 -0.3826795994346053 0
    outer loop
      vertex -91.09807586669922 13 253
      vertex -91.39777374267578 13.723543167114258 337
      vertex -91.39777374267578 13.723543167114258 253
    endloop
  endfacet
  facet normal -0.9238811201537621 -0.3826795994346053 0
    outer loop
      vertex -91.39777374267578 13.723543167114258 337
      vertex -91.09807586669922 13 253
      vertex -91.09807586669922 13 337
    endloop
  endfacet
  facet normal 0.5008338196714744 -0.7495549900809606 -0.4328195951178877
    outer loop
      vertex 96.2032699584961 12.155649185180664 252.22354125976562
      vertex 95.4942398071289 12.099691390991211 251.5
      vertex 96.33712005615234 12.662882804870605 251.5
    endloop
  endfacet
  facet normal 0.15455413564277082 -0.9758206998785341 -0.15455413564277082
    outer loop
      vertex 95.27645874023438 11.60222339630127 253
      vertex 94.5 11.60222339630127 252.22354125976562
      vertex 95.39546203613281 11.744050025939941 252.22354125976562
    endloop
  endfacet
  facet normal -0.1305270254677345 -0.9914447516743157 0
    outer loop
      vertex -89.27645874023438 11.60222339630127 253
      vertex -88.5 11.5 337
      vertex -89.27645874023438 11.60222339630127 337
    endloop
  endfacet
  facet normal -0.1305270254677345 -0.9914447516743157 0
    outer loop
      vertex -88.5 11.5 337
      vertex -89.27645874023438 11.60222339630127 253
      vertex -88.5 11.5 253
    endloop
  endfacet
  facet normal -0.424948353893765 -0.8340071624632601 0.3519246360841492
    outer loop
      vertex -89.4942398071289 12.099691390991211 338.5
      vertex -90.2032699584961 12.155649185180664 337.7764587402344
      vertex -89.39546203613281 11.744050025939941 337.7764587402344
    endloop
  endfacet
  facet normal -0.5008338196714744 -0.7495549900809606 0.4328195951178877
    outer loop
      vertex -89.4942398071289 12.099691390991211 338.5
      vertex -90.33712005615234 12.662882804870605 338.5
      vertex -90.2032699584961 12.155649185180664 337.7764587402344
    endloop
  endfacet
  facet normal -0.21182557484580206 -0.5113918389134012 0.8328315033270628
    outer loop
      vertex -89.56066131591797 13.439340591430664 339.59808349609375
      vertex -89.56066131591797 12.662882804870605 339.1213073730469
      vertex -88.5 13 339.59808349609375
    endloop
  endfacet
  facet normal -0.5113914616059907 -0.2118248798601738 0.8328319117737453
    outer loop
      vertex -90 14.5 339.59808349609375
      vertex -90.33712005615234 13.439340591430664 339.1213073730469
      vertex -89.56066131591797 13.439340591430664 339.59808349609375
    endloop
  endfacet
  facet normal 0 -0.6087780606161777 0.7933405781330017
    outer loop
      vertex -88.5 13 339.59808349609375
      vertex 94.5 12.378680229187012 339.1213073730469
      vertex 94.5 13 339.59808349609375
    endloop
  endfacet
  facet normal 0 -0.6087780606161777 0.7933405781330017
    outer loop
      vertex 94.5 12.378680229187012 339.1213073730469
      vertex -88.5 13 339.59808349609375
      vertex -88.5 12.378680229187012 339.1213073730469
    endloop
  endfacet
  facet normal 0.4636286542602386 -0.46362922370618603 0.7550472924754048
    outer loop
      vertex 95.56066131591797 13.439340591430664 339.59808349609375
      vertex 95.56066131591797 12.662882804870605 339.1213073730469
      vertex 96.33712005615234 13.439340591430664 339.1213073730469
    endloop
  endfacet
  facet normal -0.7367401880693074 -0.1974087604062628 0.6467176173558784
    outer loop
      vertex -90.62132263183594 14.5 339.1213073730469
      vertex -90.90030670166016 13.505760192871094 338.5
      vertex -90.33712005615234 13.439340591430664 339.1213073730469
    endloop
  endfacet
  facet normal -0.6829926695090359 -0.456356233923548 0.5703157030593115
    outer loop
      vertex -90.33712005615234 13.439340591430664 339.1213073730469
      vertex -90.90030670166016 13.505760192871094 338.5
      vertex -90.33712005615234 12.662882804870605 338.5
    endloop
  endfacet
  facet normal 0.9183320718111304 -0.380381135324149 0.10943672954080884
    outer loop
      vertex 97.25595092773438 13.604537963867188 337.7764587402344
      vertex 97.09807586669922 13 337
      vertex 97.39777374267578 13.723543167114258 337
    endloop
  endfacet
  facet normal 0.7367401880693074 -0.1974087604062628 0.6467176173558784
    outer loop
      vertex 96.62132263183594 14.5 339.1213073730469
      vertex 96.33712005615234 13.439340591430664 339.1213073730469
      vertex 96.90030670166016 13.505760192871094 338.5
    endloop
  endfacet
  facet normal 0.21253121302829864 -0.21253173510641224 0.9537613669369176
    outer loop
      vertex 95.27645874023438 14.5 339.89776611328125
      vertex 94.5 13.723543167114258 339.89776611328125
      vertex 95.56066131591797 13.439340591430664 339.59808349609375
    endloop
  endfacet
  facet normal 0.5008338196714744 -0.7495549900809606 0.4328195951178877
    outer loop
      vertex 96.33712005615234 12.662882804870605 338.5
      vertex 95.4942398071289 12.099691390991211 338.5
      vertex 96.2032699584961 12.155649185180664 337.7764587402344
    endloop
  endfacet
  facet normal 0.1558780859617904 -0.7836494267664275 0.6013281951193861
    outer loop
      vertex 94.5 12.378680229187012 339.1213073730469
      vertex 94.5 11.901924133300781 338.5
      vertex 95.4942398071289 12.099691390991211 338.5
    endloop
  endfacet
  facet normal 0 -0.9238794718963204 0.3826835787025309
    outer loop
      vertex -88.5 11.60222339630127 337.7764587402344
      vertex 94.5 11.901924133300781 338.5
      vertex -88.5 11.901924133300781 338.5
    endloop
  endfacet
  facet normal 0 -0.9238794718963204 0.3826835787025309
    outer loop
      vertex 94.5 11.901924133300781 338.5
      vertex -88.5 11.60222339630127 337.7764587402344
      vertex 94.5 11.60222339630127 337.7764587402344
    endloop
  endfacet
  facet normal 0.15455413564277082 -0.9758206998785341 0.15455413564277082
    outer loop
      vertex 95.39546203613281 11.744050025939941 337.7764587402344
      vertex 94.5 11.60222339630127 337.7764587402344
      vertex 95.27645874023438 11.60222339630127 337
    endloop
  endfacet
  facet normal 0.6962108978627733 -0.6962129692347244 -0.17486534009482774
    outer loop
      vertex 96.62132263183594 12.378680229187012 253
      vertex 96.2032699584961 12.155649185180664 252.22354125976562
      vertex 96.84435272216797 12.796730041503906 252.22354125976562
    endloop
  endfacet
  facet normal 0 -0.7933542824400368 -0.60876020117453
    outer loop
      vertex -88.5 12.378680229187012 250.87867736816406
      vertex 94.5 11.901924133300781 251.5
      vertex -88.5 11.901924133300781 251.5
    endloop
  endfacet
  facet normal 0 -0.7933542824400368 -0.60876020117453
    outer loop
      vertex 94.5 11.901924133300781 251.5
      vertex -88.5 12.378680229187012 250.87867736816406
      vertex 94.5 12.378680229187012 250.87867736816406
    endloop
  endfacet
  facet normal 0.9141463621271012 -0.14478202884536664 0.37864837611325647
    outer loop
      vertex 97.39777374267578 14.5 337.7764587402344
      vertex 97.09807586669922 14.5 338.5
      vertex 97.25595092773438 13.604537963867188 337.7764587402344
    endloop
  endfacet
  facet normal 0.8925679205809148 -0.17754510645041302 0.4144879278403333
    outer loop
      vertex 97.09807586669922 14.5 338.5
      vertex 96.90030670166016 13.505760192871094 338.5
      vertex 97.25595092773438 13.604537963867188 337.7764587402344
    endloop
  endfacet
  facet normal 0 -0.3826629688024913 0.9238880085309386
    outer loop
      vertex 93.56935119628906 13.723543167114258 339.89776611328125
      vertex 94.5 13 339.59808349609375
      vertex 94.5 13.723543167114258 339.89776611328125
    endloop
  endfacet
  facet normal 0.00003542323927382036 -0.38262407729502507 0.9239041152735086
    outer loop
      vertex 93.27645874023438 13.60222339630127 339.8475341796875
      vertex 94.5 13 339.59808349609375
      vertex 93.56935119628906 13.723543167114258 339.89776611328125
    endloop
  endfacet
  facet normal -0.000014843716199792885 -0.3827112494779219 0.9238680096760098
    outer loop
      vertex 92.5 13.5 339.80517578125
      vertex 94.5 13 339.59808349609375
      vertex 93.27645874023438 13.60222339630127 339.8475341796875
    endloop
  endfacet
  facet normal 0 -0.3826605694397148 0.9238890023136291
    outer loop
      vertex -86.5 13.5 339.80517578125
      vertex 94.5 13 339.59808349609375
      vertex 92.5 13.5 339.80517578125
    endloop
  endfacet
  facet normal 0 -0.3826629688024913 0.9238880085309386
    outer loop
      vertex -88.5 13 339.59808349609375
      vertex -87.56935119628906 13.723543167114258 339.89776611328125
      vertex -88.5 13.723543167114258 339.89776611328125
    endloop
  endfacet
  facet normal -0.00003542323927382036 -0.38262407729502507 0.9239041152735086
    outer loop
      vertex -87.56935119628906 13.723543167114258 339.89776611328125
      vertex -88.5 13 339.59808349609375
      vertex -87.27645874023438 13.60222339630127 339.8475341796875
    endloop
  endfacet
  facet normal 0 -0.3826605694397148 0.9238890023136292
    outer loop
      vertex -86.5 13.5 339.80517578125
      vertex -88.5 13 339.59808349609375
      vertex 94.5 13 339.59808349609375
    endloop
  endfacet
  facet normal 0.000014843716199792885 -0.3827112494779219 0.9238680096760098
    outer loop
      vertex -87.27645874023438 13.60222339630127 339.8475341796875
      vertex -88.5 13 339.59808349609375
      vertex -86.5 13.5 339.80517578125
    endloop
  endfacet
  facet normal 0.3826605694397148 0 0.9238890023136292
    outer loop
      vertex 96 93.5 339.59808349609375
      vertex 95.5 91.5 339.80517578125
      vertex 96 14.5 339.59808349609375
    endloop
  endfacet
  facet normal 0.3827080957734667 -0.000013920014663536346 0.9238693161024888
    outer loop
      vertex 96 93.5 339.59808349609375
      vertex 95.39777374267578 92.27645874023438 339.8475341796875
      vertex 95.5 91.5 339.80517578125
    endloop
  endfacet
  facet normal 0.38266382983911906 0 0.9238876518997631
    outer loop
      vertex 95.27645874023438 92.56935119628906 339.89776611328125
      vertex 96 93.5 339.59808349609375
      vertex 95.27645874023438 93.5 339.89776611328125
    endloop
  endfacet
  facet normal 0.38262910112618004 0.00003163166603010237 0.9239020348342183
    outer loop
      vertex 96 93.5 339.59808349609375
      vertex 95.27645874023438 92.56935119628906 339.89776611328125
      vertex 95.39777374267578 92.27645874023438 339.8475341796875
    endloop
  endfacet
  facet normal 0.3826605694397148 0 0.9238890023136292
    outer loop
      vertex 95.5 16.5 339.80517578125
      vertex 96 14.5 339.59808349609375
      vertex 95.5 91.5 339.80517578125
    endloop
  endfacet
  facet normal 0.3827080958499381 0.000013920037061553364 0.9238693160708105
    outer loop
      vertex 95.39777374267578 15.723543167114258 339.8475341796875
      vertex 96 14.5 339.59808349609375
      vertex 95.5 16.5 339.80517578125
    endloop
  endfacet
  facet normal 0.38262910107974296 -0.000031631643497623394 0.9239020348534507
    outer loop
      vertex 95.27645874023438 15.43065071105957 339.89776611328125
      vertex 96 14.5 339.59808349609375
      vertex 95.39777374267578 15.723543167114258 339.8475341796875
    endloop
  endfacet
  facet normal 0.382663829839119 0 0.923887651899763
    outer loop
      vertex 96 14.5 339.59808349609375
      vertex 95.27645874023438 15.43065071105957 339.89776611328125
      vertex 95.27645874023438 14.5 339.89776611328125
    endloop
  endfacet
  facet normal -0.6008351570248598 0.16099286042117528 0.7829932394192941
    outer loop
      vertex -90.33712005615234 94.56066131591797 339.1213073730469
      vertex -90.62132263183594 93.5 339.1213073730469
      vertex -90 93.5 339.59808349609375
    endloop
  endfacet
  facet normal -0.7367405103650185 0.19740849177191763 0.6467173321965546
    outer loop
      vertex -90.33712005615234 94.56066131591797 339.1213073730469
      vertex -90.90030670166016 94.4942398071289 338.5
      vertex -90.62132263183594 93.5 339.1213073730469
    endloop
  endfacet
  facet normal -0.3826804604958138 0.9238807634942466 0
    outer loop
      vertex -89.27645874023438 96.39777374267578 253
      vertex -90 96.09807586669922 337
      vertex -89.27645874023438 96.39777374267578 337
    endloop
  endfacet
  facet normal -0.3826804604958138 0.9238807634942466 0
    outer loop
      vertex -90 96.09807586669922 337
      vertex -89.27645874023438 96.39777374267578 253
      vertex -90 96.09807586669922 253
    endloop
  endfacet
  facet normal -0.5008306870097465 0.7495566479647616 0.432820348922247
    outer loop
      vertex -90.2032699584961 95.84435272216797 337.7764587402344
      vertex -90.33712005615234 95.33712005615234 338.5
      vertex -89.4942398071289 95.90030670166016 338.5
    endloop
  endfacet
  facet normal -0.7495566479647616 0.5008306870097465 0.432820348922247
    outer loop
      vertex -90.84435272216797 95.2032699584961 337.7764587402344
      vertex -90.90030670166016 94.4942398071289 338.5
      vertex -90.33712005615234 95.33712005615234 338.5
    endloop
  endfacet
  facet normal -0.6962117253398056 0.6962117253398056 0.17486699802633446
    outer loop
      vertex -90.62132263183594 95.62132263183594 337
      vertex -90.84435272216797 95.2032699584961 337.7764587402344
      vertex -90.2032699584961 95.84435272216797 337.7764587402344
    endloop
  endfacet
  facet normal -0.7894283566987844 0.6057441069494627 -0.09938282817395985
    outer loop
      vertex -90.84435272216797 95.2032699584961 252.22354125976562
      vertex -91.09807586669922 95 253
      vertex -90.62132263183594 95.62132263183594 253
    endloop
  endfacet
  facet normal -0.3803819604729015 0.9183316430784606 -0.10943745916095965
    outer loop
      vertex -89.39546203613281 96.25595092773438 252.22354125976562
      vertex -90 96.09807586669922 253
      vertex -89.27645874023438 96.39777374267578 253
    endloop
  endfacet
  facet normal -0.4249470337973131 0.8340065040221933 -0.3519277904848447
    outer loop
      vertex -89.4942398071289 95.90030670166016 251.5
      vertex -90.2032699584961 95.84435272216797 252.22354125976562
      vertex -89.39546203613281 96.25595092773438 252.22354125976562
    endloop
  endfacet
  facet normal -0.5008306870097465 0.7495566479647616 -0.432820348922247
    outer loop
      vertex -89.4942398071289 95.90030670166016 251.5
      vertex -90.33712005615234 95.33712005615234 251.5
      vertex -90.2032699584961 95.84435272216797 252.22354125976562
    endloop
  endfacet
  facet normal -0.9831044669793143 0.12943262147796872 0.12943262147796872
    outer loop
      vertex -91.39777374267578 94.27645874023438 337
      vertex -91.5 93.5 337
      vertex -91.39777374267578 93.5 337.7764587402344
    endloop
  endfacet
  facet normal -0.9183316430784606 0.3803819604729015 0.10943745916095965
    outer loop
      vertex -91.09807586669922 95 337
      vertex -91.39777374267578 94.27645874023438 337
      vertex -91.25595092773438 94.39546203613281 337.7764587402344
    endloop
  endfacet
  facet normal 0.8340065040221933 0.4249470337973131 -0.3519277904848447
    outer loop
      vertex 96.90030670166016 94.4942398071289 251.5
      vertex 96.84435272216797 95.2032699584961 252.22354125976562
      vertex 97.25595092773438 94.39546203613281 252.22354125976562
    endloop
  endfacet
  facet normal 0.8780678309222738 0.4473973745093619 -0.16980127673719891
    outer loop
      vertex 97.25595092773438 94.39546203613281 252.22354125976562
      vertex 96.84435272216797 95.2032699584961 252.22354125976562
      vertex 97.09807586669922 95 253
    endloop
  endfacet
  facet normal 0.9758220110220148 -0.15455018627322342 -0.1545498066251221
    outer loop
      vertex 97.39777374267578 13.723543167114258 253
      vertex 97.25595092773438 13.604537963867188 252.22354125976562
      vertex 97.39777374267578 14.5 252.22354125976562
    endloop
  endfacet
  facet normal 0.9141463621271012 -0.14478202884536664 -0.37864837611325647
    outer loop
      vertex 97.25595092773438 13.604537963867188 252.22354125976562
      vertex 97.09807586669922 14.5 251.5
      vertex 97.39777374267578 14.5 252.22354125976562
    endloop
  endfacet
  facet normal 0.8925679205809148 0.17754510645041302 0.4144879278403333
    outer loop
      vertex 97.25595092773438 94.39546203613281 337.7764587402344
      vertex 96.90030670166016 94.4942398071289 338.5
      vertex 97.09807586669922 93.5 338.5
    endloop
  endfacet
  facet normal 0.6829936335246285 0.4563553290204478 0.5703152726689549
    outer loop
      vertex 96.33712005615234 95.33712005615234 338.5
      vertex 96.33712005615234 94.56066131591797 339.1213073730469
      vertex 96.90030670166016 94.4942398071289 338.5
    endloop
  endfacet
  facet normal 0.7495566479647616 0.5008306870097465 0.432820348922247
    outer loop
      vertex 96.84435272216797 95.2032699584961 337.7764587402344
      vertex 96.33712005615234 95.33712005615234 338.5
      vertex 96.90030670166016 94.4942398071289 338.5
    endloop
  endfacet
  facet normal 0.7933488262399511 0 0.6087673117897281
    outer loop
      vertex 96.62132263183594 14.5 339.1213073730469
      vertex 97.09807586669922 93.5 338.5
      vertex 96.62132263183594 93.5 339.1213073730469
    endloop
  endfacet
  facet normal 0.7933488262399511 0 0.6087673117897281
    outer loop
      vertex 97.09807586669922 93.5 338.5
      vertex 96.62132263183594 14.5 339.1213073730469
      vertex 97.09807586669922 14.5 338.5
    endloop
  endfacet
  facet normal 0.4636287766636393 0.4636287766636393 0.7550474918167429
    outer loop
      vertex 95.56066131591797 95.33712005615234 339.1213073730469
      vertex 95.56066131591797 94.56066131591797 339.59808349609375
      vertex 96.33712005615234 94.56066131591797 339.1213073730469
    endloop
  endfacet
  facet normal 0.7367405103650185 0.19740849177191763 0.6467173321965546
    outer loop
      vertex 96.90030670166016 94.4942398071289 338.5
      vertex 96.33712005615234 94.56066131591797 339.1213073730469
      vertex 96.62132263183594 93.5 339.1213073730469
    endloop
  endfacet
  facet normal 0.4473973745093619 0.8780678309222738 -0.16980127673719891
    outer loop
      vertex 96.2032699584961 95.84435272216797 252.22354125976562
      vertex 95.39546203613281 96.25595092773438 252.22354125976562
      vertex 96 96.09807586669922 253
    endloop
  endfacet
  facet normal 0.3826804604958138 0.9238807634942466 0
    outer loop
      vertex 96 96.09807586669922 253
      vertex 95.27645874023438 96.39777374267578 337
      vertex 96 96.09807586669922 337
    endloop
  endfacet
  facet normal 0.3826804604958138 0.9238807634942466 0
    outer loop
      vertex 95.27645874023438 96.39777374267578 337
      vertex 96 96.09807586669922 253
      vertex 95.27645874023438 96.39777374267578 253
    endloop
  endfacet
  facet normal 0.7933560467907059 0.6087579018137039 0
    outer loop
      vertex 97.09807586669922 95 337
      vertex 96.62132263183594 95.62132263183594 253
      vertex 96.62132263183594 95.62132263183594 337
    endloop
  endfacet
  facet normal 0.7933560467907059 0.6087579018137039 0
    outer loop
      vertex 96.62132263183594 95.62132263183594 253
      vertex 97.09807586669922 95 337
      vertex 97.09807586669922 95 253
    endloop
  endfacet
  facet normal 0.3803819604729015 0.9183316430784606 0.10943745916095965
    outer loop
      vertex 96 96.09807586669922 337
      vertex 95.27645874023438 96.39777374267578 337
      vertex 95.39546203613281 96.25595092773438 337.7764587402344
    endloop
  endfacet
  facet normal 0.12943262147796872 0.9831044669793143 0.12943262147796872
    outer loop
      vertex 94.5 96.5 337
      vertex 94.5 96.39777374267578 337.7764587402344
      vertex 95.27645874023438 96.39777374267578 337
    endloop
  endfacet
  facet normal -0.1545501772050519 0.9758219537660413 0.1545501772050519
    outer loop
      vertex -89.27645874023438 96.39777374267578 337
      vertex -89.39546203613281 96.25595092773438 337.7764587402344
      vertex -88.5 96.39777374267578 337.7764587402344
    endloop
  endfacet
  facet normal -0.14478202884536664 0.9141463621271012 0.37864837611325647
    outer loop
      vertex -88.5 96.39777374267578 337.7764587402344
      vertex -89.39546203613281 96.25595092773438 337.7764587402344
      vertex -88.5 96.09807586669922 338.5
    endloop
  endfacet
  facet normal 0.4249470337973131 0.8340065040221933 -0.3519277904848447
    outer loop
      vertex 95.4942398071289 95.90030670166016 251.5
      vertex 95.39546203613281 96.25595092773438 252.22354125976562
      vertex 96.2032699584961 95.84435272216797 252.22354125976562
    endloop
  endfacet
  facet normal 0.17754510645041302 0.8925679205809148 -0.4144879278403333
    outer loop
      vertex 95.4942398071289 95.90030670166016 251.5
      vertex 94.5 96.09807586669922 251.5
      vertex 95.39546203613281 96.25595092773438 252.22354125976562
    endloop
  endfacet
  facet normal 0.6008233398042799 -0.16098998351744034 -0.7830028988155057
    outer loop
      vertex 96.33712005615234 13.439340591430664 250.87867736816406
      vertex 96 14.5 250.40191650390625
      vertex 96.62132263183594 14.5 250.87867736816406
    endloop
  endfacet
  facet normal 0.3779616271886687 -0.15655653698160543 -0.9124883884747361
    outer loop
      vertex 95.56066131591797 13.439340591430664 250.40191650390625
      vertex 95.27645874023438 14.5 250.1022186279297
      vertex 96 14.5 250.40191650390625
    endloop
  endfacet
  facet normal 0.12942327990569488 -0.12942359783105212 -0.983106884800894
    outer loop
      vertex 95.27645874023438 14.5 250.1022186279297
      vertex 94.5 13.723543167114258 250.1022186279297
      vertex 94.5 14.5 250
    endloop
  endfacet
  facet normal 0.7495554693279941 -0.5008315994741367 -0.43282133423465674
    outer loop
      vertex 96.84435272216797 12.796730041503906 252.22354125976562
      vertex 96.33712005615234 12.662882804870605 251.5
      vertex 96.90030670166016 13.505760192871094 251.5
    endloop
  endfacet
  facet normal 0.8780678309222738 -0.4473973745093619 -0.16980127673719891
    outer loop
      vertex 97.09807586669922 13 253
      vertex 96.84435272216797 12.796730041503906 252.22354125976562
      vertex 97.25595092773438 13.604537963867188 252.22354125976562
    endloop
  endfacet
  facet normal 0 0.3826804604958137 -0.9238807634942465
    outer loop
      vertex -88.5 94.27645874023438 250.1022186279297
      vertex 94.5 95 250.40191650390625
      vertex 94.5 94.27645874023438 250.1022186279297
    endloop
  endfacet
  facet normal 0 0.3826804604958137 -0.9238807634942465
    outer loop
      vertex 94.5 95 250.40191650390625
      vertex -88.5 94.27645874023438 250.1022186279297
      vertex -88.5 95 250.40191650390625
    endloop
  endfacet
  facet normal 0.9238811201537621 -0.3826795994346053 0
    outer loop
      vertex 97.09807586669922 13 337
      vertex 97.39777374267578 13.723543167114258 253
      vertex 97.39777374267578 13.723543167114258 337
    endloop
  endfacet
  facet normal 0.9238811201537621 -0.3826795994346053 0
    outer loop
      vertex 97.39777374267578 13.723543167114258 253
      vertex 97.09807586669922 13 337
      vertex 97.09807586669922 13 253
    endloop
  endfacet
  facet normal 0 -0.6087657977601962 -0.7933499880112129
    outer loop
      vertex -88.5 12.378680229187012 250.87867736816406
      vertex 94.5 13 250.40191650390625
      vertex 94.5 12.378680229187012 250.87867736816406
    endloop
  endfacet
  facet normal 0 -0.6087657977601962 -0.7933499880112129
    outer loop
      vertex 94.5 13 250.40191650390625
      vertex -88.5 12.378680229187012 250.87867736816406
      vertex -88.5 13 250.40191650390625
    endloop
  endfacet
  facet normal -0.12942327990569488 -0.12942359783105212 -0.983106884800894
    outer loop
      vertex -88.5 13.723543167114258 250.1022186279297
      vertex -89.27645874023438 14.5 250.1022186279297
      vertex -88.5 14.5 250
    endloop
  endfacet
  facet normal -0.13052104055558153 0 -0.9914455395896883
    outer loop
      vertex -89.27645874023438 14.5 250.1022186279297
      vertex -88.5 93.5 250
      vertex -88.5 14.5 250
    endloop
  endfacet
  facet normal -0.13052104055558153 0 -0.9914455395896883
    outer loop
      vertex -88.5 93.5 250
      vertex -89.27645874023438 14.5 250.1022186279297
      vertex -89.27645874023438 93.5 250.1022186279297
    endloop
  endfacet
  facet normal -0.4473980603901534 -0.8780671425564331 -0.1698030291894384
    outer loop
      vertex -90 11.901924133300781 253
      vertex -90.2032699584961 12.155649185180664 252.22354125976562
      vertex -89.39546203613281 11.744050025939941 252.22354125976562
    endloop
  endfacet
  facet normal -0.424948353893765 -0.8340071624632601 -0.3519246360841492
    outer loop
      vertex -89.39546203613281 11.744050025939941 252.22354125976562
      vertex -90.2032699584961 12.155649185180664 252.22354125976562
      vertex -89.4942398071289 12.099691390991211 251.5
    endloop
  endfacet
  facet normal 0.3803849016699666 -0.9183299771150026 0.1094412157895217
    outer loop
      vertex 95.39546203613281 11.744050025939941 337.7764587402344
      vertex 95.27645874023438 11.60222339630127 337
      vertex 96 11.901924133300781 337
    endloop
  endfacet
  facet normal -0.15455413564277082 -0.9758206998785341 0.15455413564277082
    outer loop
      vertex -88.5 11.60222339630127 337.7764587402344
      vertex -89.39546203613281 11.744050025939941 337.7764587402344
      vertex -89.27645874023438 11.60222339630127 337
    endloop
  endfacet
  facet normal -0.14478564333427876 -0.9141445955052206 0.37865125906680364
    outer loop
      vertex -88.5 11.901924133300781 338.5
      vertex -89.39546203613281 11.744050025939941 337.7764587402344
      vertex -88.5 11.60222339630127 337.7764587402344
    endloop
  endfacet
  facet normal -0.7933488262399511 0 0.6087673117897281
    outer loop
      vertex -91.09807586669922 14.5 338.5
      vertex -90.62132263183594 93.5 339.1213073730469
      vertex -91.09807586669922 93.5 338.5
    endloop
  endfacet
  facet normal -0.7933488262399511 0 0.6087673117897281
    outer loop
      vertex -90.62132263183594 93.5 339.1213073730469
      vertex -91.09807586669922 14.5 338.5
      vertex -90.62132263183594 14.5 339.1213073730469
    endloop
  endfacet
  facet normal 0.177543690647275 -0.8925694111732786 0.41448532440742886
    outer loop
      vertex 95.4942398071289 12.099691390991211 338.5
      vertex 94.5 11.901924133300781 338.5
      vertex 95.39546203613281 11.744050025939941 337.7764587402344
    endloop
  endfacet
  facet normal 0.6057463487797 -0.7894265409426996 0.09938358715253809
    outer loop
      vertex 96.2032699584961 12.155649185180664 337.7764587402344
      vertex 96 11.901924133300781 337
      vertex 96.62132263183594 12.378680229187012 337
    endloop
  endfacet
  facet normal 0.5298652655843857 -0.5298659163846015 0.6621819319349441
    outer loop
      vertex 96.33712005615234 13.439340591430664 339.1213073730469
      vertex 95.56066131591797 12.662882804870605 339.1213073730469
      vertex 96.33712005615234 12.662882804870605 338.5
    endloop
  endfacet
  facet normal 0.6829926695090359 -0.456356233923548 0.5703157030593115
    outer loop
      vertex 96.33712005615234 13.439340591430664 339.1213073730469
      vertex 96.33712005615234 12.662882804870605 338.5
      vertex 96.90030670166016 13.505760192871094 338.5
    endloop
  endfacet
  facet normal 0 -0.7933470618507945 0.608769611144242
    outer loop
      vertex -88.5 11.901924133300781 338.5
      vertex 94.5 12.378680229187012 339.1213073730469
      vertex -88.5 12.378680229187012 339.1213073730469
    endloop
  endfacet
  facet normal 0 -0.7933470618507945 0.608769611144242
    outer loop
      vertex 94.5 12.378680229187012 339.1213073730469
      vertex -88.5 11.901924133300781 338.5
      vertex 94.5 11.901924133300781 338.5
    endloop
  endfacet
  facet normal 0.1305270254677345 -0.9914447516743157 0
    outer loop
      vertex 94.5 11.5 253
      vertex 95.27645874023438 11.60222339630127 337
      vertex 94.5 11.5 337
    endloop
  endfacet
  facet normal 0.1305270254677345 -0.9914447516743157 0
    outer loop
      vertex 95.27645874023438 11.60222339630127 337
      vertex 94.5 11.5 253
      vertex 95.27645874023438 11.60222339630127 253
    endloop
  endfacet
  facet normal 0 -0.9238794718963204 -0.3826835787025309
    outer loop
      vertex -88.5 11.901924133300781 251.5
      vertex 94.5 11.60222339630127 252.22354125976562
      vertex -88.5 11.60222339630127 252.22354125976562
    endloop
  endfacet
  facet normal 0 -0.9238794718963204 -0.3826835787025309
    outer loop
      vertex 94.5 11.60222339630127 252.22354125976562
      vertex -88.5 11.901924133300781 251.5
      vertex 94.5 11.901924133300781 251.5
    endloop
  endfacet
  facet normal 0.1558794702022782 -0.7836563857899366 -0.6013187671943321
    outer loop
      vertex 95.4942398071289 12.099691390991211 251.5
      vertex 94.5 11.901924133300781 251.5
      vertex 94.5 12.378680229187012 250.87867736816406
    endloop
  endfacet
  facet normal 0.664262580461256 -0.6642645567803305 0.34279414056308594
    outer loop
      vertex 96.33712005615234 12.662882804870605 338.5
      vertex 96.2032699584961 12.155649185180664 337.7764587402344
      vertex 96.84435272216797 12.796730041503906 337.7764587402344
    endloop
  endfacet
  facet normal 0.6962108978627733 -0.6962129692347244 0.17486534009482774
    outer loop
      vertex 96.84435272216797 12.796730041503906 337.7764587402344
      vertex 96.2032699584961 12.155649185180664 337.7764587402344
      vertex 96.62132263183594 12.378680229187012 337
    endloop
  endfacet
  facet normal 0.9914442789083516 0 0.13053061640817715
    outer loop
      vertex 97.39777374267578 14.5 337.7764587402344
      vertex 97.5 93.5 337
      vertex 97.39777374267578 93.5 337.7764587402344
    endloop
  endfacet
  facet normal 0.9914442789083516 0 0.13053061640817715
    outer loop
      vertex 97.5 93.5 337
      vertex 97.39777374267578 14.5 337.7764587402344
      vertex 97.5 14.5 337
    endloop
  endfacet
  facet normal -0.19740849177191763 0.7367405103650185 0.6467173321965546
    outer loop
      vertex -89.4942398071289 95.90030670166016 338.5
      vertex -89.56066131591797 95.33712005615234 339.1213073730469
      vertex -88.5 95.62132263183594 339.1213073730469
    endloop
  endfacet
  facet normal -0.15587989103470765 0.7836509435988733 0.6013257504610983
    outer loop
      vertex -88.5 96.09807586669922 338.5
      vertex -89.4942398071289 95.90030670166016 338.5
      vertex -88.5 95.62132263183594 339.1213073730469
    endloop
  endfacet
  facet normal -0.8340065040221933 0.4249470337973131 0.3519277904848447
    outer loop
      vertex -90.84435272216797 95.2032699584961 337.7764587402344
      vertex -91.25595092773438 94.39546203613281 337.7764587402344
      vertex -90.90030670166016 94.4942398071289 338.5
    endloop
  endfacet
  facet normal -0.8780678309222738 0.4473973745093619 0.16980127673719891
    outer loop
      vertex -91.09807586669922 95 337
      vertex -91.25595092773438 94.39546203613281 337.7764587402344
      vertex -90.84435272216797 95.2032699584961 337.7764587402344
    endloop
  endfacet
  facet normal -0.7933560467907059 0.6087579018137039 0
    outer loop
      vertex -91.09807586669922 95 253
      vertex -90.62132263183594 95.62132263183594 337
      vertex -90.62132263183594 95.62132263183594 253
    endloop
  endfacet
  facet normal -0.7933560467907059 0.6087579018137039 0
    outer loop
      vertex -90.62132263183594 95.62132263183594 337
      vertex -91.09807586669922 95 253
      vertex -91.09807586669922 95 337
    endloop
  endfacet
  facet normal 0.9141463621271012 0.14478202884536664 -0.37864837611325647
    outer loop
      vertex 97.39777374267578 93.5 252.22354125976562
      vertex 97.09807586669922 93.5 251.5
      vertex 97.25595092773438 94.39546203613281 252.22354125976562
    endloop
  endfacet
  facet normal 0.9758219537660413 0.1545501772050519 -0.1545501772050519
    outer loop
      vertex 97.39777374267578 93.5 252.22354125976562
      vertex 97.25595092773438 94.39546203613281 252.22354125976562
      vertex 97.39777374267578 94.27645874023438 253
    endloop
  endfacet
  facet normal 0.7836579025792687 0.15588127527996964 -0.6013163225309551
    outer loop
      vertex 97.09807586669922 93.5 251.5
      vertex 96.62132263183594 93.5 250.87867736816406
      vertex 96.90030670166016 94.4942398071289 251.5
    endloop
  endfacet
  facet normal 0.7367480777844494 0.19741051945036808 -0.6467080923347526
    outer loop
      vertex 96.62132263183594 93.5 250.87867736816406
      vertex 96.33712005615234 94.56066131591797 250.87867736816406
      vertex 96.90030670166016 94.4942398071289 251.5
    endloop
  endfacet
  facet normal 0.6962117253398056 0.6962117253398056 -0.17486699802633446
    outer loop
      vertex 96.84435272216797 95.2032699584961 252.22354125976562
      vertex 96.2032699584961 95.84435272216797 252.22354125976562
      vertex 96.62132263183594 95.62132263183594 253
    endloop
  endfacet
  facet normal 0.7894283566987844 0.6057441069494627 -0.09938282817395985
    outer loop
      vertex 96.84435272216797 95.2032699584961 252.22354125976562
      vertex 96.62132263183594 95.62132263183594 253
      vertex 97.09807586669922 95 253
    endloop
  endfacet
  facet normal 0.9238807634942465 0 0.3826804604958138
    outer loop
      vertex 97.09807586669922 14.5 338.5
      vertex 97.39777374267578 93.5 337.7764587402344
      vertex 97.09807586669922 93.5 338.5
    endloop
  endfacet
  facet normal 0.9238807634942465 0 0.3826804604958138
    outer loop
      vertex 97.39777374267578 93.5 337.7764587402344
      vertex 97.09807586669922 14.5 338.5
      vertex 97.39777374267578 14.5 337.7764587402344
    endloop
  endfacet
  facet normal 0.19740849177191763 0.7367405103650185 0.6467173321965546
    outer loop
      vertex 95.4942398071289 95.90030670166016 338.5
      vertex 94.5 95.62132263183594 339.1213073730469
      vertex 95.56066131591797 95.33712005615234 339.1213073730469
    endloop
  endfacet
  facet normal 0.1565496254235654 0.37794562082591526 0.9124962040897785
    outer loop
      vertex 94.5 95 339.59808349609375
      vertex 94.5 94.27645874023438 339.89776611328125
      vertex 95.56066131591797 94.56066131591797 339.59808349609375
    endloop
  endfacet
  facet normal 0.8340065040221933 0.4249470337973131 0.3519277904848447
    outer loop
      vertex 97.25595092773438 94.39546203613281 337.7764587402344
      vertex 96.84435272216797 95.2032699584961 337.7764587402344
      vertex 96.90030670166016 94.4942398071289 338.5
    endloop
  endfacet
  facet normal 0.8780678309222738 0.4473973745093619 0.16980127673719891
    outer loop
      vertex 97.09807586669922 95 337
      vertex 96.84435272216797 95.2032699584961 337.7764587402344
      vertex 97.25595092773438 94.39546203613281 337.7764587402344
    endloop
  endfacet
  facet normal 0.4473973745093619 0.8780678309222738 0.16980127673719891
    outer loop
      vertex 96 96.09807586669922 337
      vertex 95.39546203613281 96.25595092773438 337.7764587402344
      vertex 96.2032699584961 95.84435272216797 337.7764587402344
    endloop
  endfacet
  facet normal 0.17754510645041302 0.8925679205809148 0.4144879278403333
    outer loop
      vertex 95.39546203613281 96.25595092773438 337.7764587402344
      vertex 94.5 96.09807586669922 338.5
      vertex 95.4942398071289 95.90030670166016 338.5
    endloop
  endfacet
  facet normal 0.6642639673533278 0.6642639673533278 0.3427925952409619
    outer loop
      vertex 96.84435272216797 95.2032699584961 337.7764587402344
      vertex 96.2032699584961 95.84435272216797 337.7764587402344
      vertex 96.33712005615234 95.33712005615234 338.5
    endloop
  endfacet
  facet normal 0.6087579018137039 0.7933560467907059 0
    outer loop
      vertex 96.62132263183594 95.62132263183594 253
      vertex 96 96.09807586669922 337
      vertex 96.62132263183594 95.62132263183594 337
    endloop
  endfacet
  facet normal 0.6087579018137039 0.7933560467907059 0
    outer loop
      vertex 96 96.09807586669922 337
      vertex 96.62132263183594 95.62132263183594 253
      vertex 96 96.09807586669922 253
    endloop
  endfacet
  facet normal 0 0.9914442789083515 -0.13053061640817712
    outer loop
      vertex 94.5 96.39777374267578 252.22354125976562
      vertex -88.5 96.5 253
      vertex 94.5 96.5 253
    endloop
  endfacet
  facet normal 0 0.9914442789083515 -0.13053061640817712
    outer loop
      vertex -88.5 96.5 253
      vertex 94.5 96.39777374267578 252.22354125976562
      vertex -88.5 96.39777374267578 252.22354125976562
    endloop
  endfacet
  facet normal 0.13053061640817712 0.9914442789083516 0
    outer loop
      vertex 95.27645874023438 96.39777374267578 253
      vertex 94.5 96.5 337
      vertex 95.27645874023438 96.39777374267578 337
    endloop
  endfacet
  facet normal 0.13053061640817712 0.9914442789083516 0
    outer loop
      vertex 94.5 96.5 337
      vertex 95.27645874023438 96.39777374267578 253
      vertex 94.5 96.5 253
    endloop
  endfacet
  facet normal 0.6829981251963165 -0.4563598792582814 -0.5703062524483522
    outer loop
      vertex 96.90030670166016 13.505760192871094 251.5
      vertex 96.33712005615234 12.662882804870605 251.5
      vertex 96.33712005615234 13.439340591430664 250.87867736816406
    endloop
  endfacet
  facet normal 0.7367477554921013 -0.19741078808926066 -0.6467083774958601
    outer loop
      vertex 96.90030670166016 13.505760192871094 251.5
      vertex 96.33712005615234 13.439340591430664 250.87867736816406
      vertex 96.62132263183594 14.5 250.87867736816406
    endloop
  endfacet
  facet normal 0.21254118066299987 0.21254118066299987 -0.9537570408886931
    outer loop
      vertex 95.27645874023438 93.5 250.1022186279297
      vertex 94.5 94.27645874023438 250.1022186279297
      vertex 95.56066131591797 94.56066131591797 250.40191650390625
    endloop
  endfacet
  facet normal 0.3779616438474456 0.15655626235195008 -0.9124884286929473
    outer loop
      vertex 96 93.5 250.40191650390625
      vertex 95.27645874023438 93.5 250.1022186279297
      vertex 95.56066131591797 94.56066131591797 250.40191650390625
    endloop
  endfacet
  facet normal 0.7933546929629443 -0.6087596661685729 0
    outer loop
      vertex 96.62132263183594 12.378680229187012 337
      vertex 97.09807586669922 13 253
      vertex 97.09807586669922 13 337
    endloop
  endfacet
  facet normal 0.7933546929629443 -0.6087596661685729 0
    outer loop
      vertex 97.09807586669922 13 253
      vertex 96.62132263183594 12.378680229187012 337
      vertex 96.62132263183594 12.378680229187012 253
    endloop
  endfacet
  facet normal 0.1609901560140616 -0.6008250640128557 -0.7830015403053279
    outer loop
      vertex 95.56066131591797 12.662882804870605 250.87867736816406
      vertex 94.5 12.378680229187012 250.87867736816406
      vertex 94.5 13 250.40191650390625
    endloop
  endfacet
  facet normal -0.15455413564277082 -0.9758206998785341 -0.15455413564277082
    outer loop
      vertex -89.27645874023438 11.60222339630127 253
      vertex -89.39546203613281 11.744050025939941 252.22354125976562
      vertex -88.5 11.60222339630127 252.22354125976562
    endloop
  endfacet
  facet normal -0.3803849016699666 -0.9183299771150026 -0.1094412157895217
    outer loop
      vertex -89.27645874023438 11.60222339630127 253
      vertex -90 11.901924133300781 253
      vertex -89.39546203613281 11.744050025939941 252.22354125976562
    endloop
  endfacet
  facet normal 0.21182557484580206 -0.5113918389134012 0.8328315033270628
    outer loop
      vertex 95.56066131591797 13.439340591430664 339.59808349609375
      vertex 94.5 13 339.59808349609375
      vertex 95.56066131591797 12.662882804870605 339.1213073730469
    endloop
  endfacet
  facet normal 0.5113914616059907 -0.2118248798601738 0.8328319117737453
    outer loop
      vertex 96 14.5 339.59808349609375
      vertex 95.56066131591797 13.439340591430664 339.59808349609375
      vertex 96.33712005615234 13.439340591430664 339.1213073730469
    endloop
  endfacet
  facet normal 0.4473980603901534 -0.8780671425564331 0.1698030291894384
    outer loop
      vertex 96.2032699584961 12.155649185180664 337.7764587402344
      vertex 95.39546203613281 11.744050025939941 337.7764587402344
      vertex 96 11.901924133300781 337
    endloop
  endfacet
  facet normal 0.424948353893765 -0.8340071624632601 0.3519246360841492
    outer loop
      vertex 95.4942398071289 12.099691390991211 338.5
      vertex 95.39546203613281 11.744050025939941 337.7764587402344
      vertex 96.2032699584961 12.155649185180664 337.7764587402344
    endloop
  endfacet
  facet normal 0.4473980603901534 -0.8780671425564331 -0.1698030291894384
    outer loop
      vertex 96 11.901924133300781 253
      vertex 95.39546203613281 11.744050025939941 252.22354125976562
      vertex 96.2032699584961 12.155649185180664 252.22354125976562
    endloop
  endfacet
  facet normal 0.3803849016699666 -0.9183299771150026 -0.1094412157895217
    outer loop
      vertex 96 11.901924133300781 253
      vertex 95.27645874023438 11.60222339630127 253
      vertex 95.39546203613281 11.744050025939941 252.22354125976562
    endloop
  endfacet
  facet normal -0.6057441069494627 0.7894283566987844 -0.09938282817395985
    outer loop
      vertex -90.2032699584961 95.84435272216797 252.22354125976562
      vertex -90.62132263183594 95.62132263183594 253
      vertex -90 96.09807586669922 253
    endloop
  endfacet
  facet normal -0.6087579018137039 0.7933560467907059 0
    outer loop
      vertex -90 96.09807586669922 253
      vertex -90.62132263183594 95.62132263183594 337
      vertex -90 96.09807586669922 337
    endloop
  endfacet
  facet normal -0.6087579018137039 0.7933560467907059 0
    outer loop
      vertex -90.62132263183594 95.62132263183594 337
      vertex -90 96.09807586669922 253
      vertex -90.62132263183594 95.62132263183594 253
    endloop
  endfacet
  facet normal -0.4473973745093619 0.8780678309222738 0.16980127673719891
    outer loop
      vertex -90 96.09807586669922 337
      vertex -90.2032699584961 95.84435272216797 337.7764587402344
      vertex -89.39546203613281 96.25595092773438 337.7764587402344
    endloop
  endfacet
  facet normal -0.6057441069494627 0.7894283566987844 0.09938282817395985
    outer loop
      vertex -90 96.09807586669922 337
      vertex -90.62132263183594 95.62132263183594 337
      vertex -90.2032699584961 95.84435272216797 337.7764587402344
    endloop
  endfacet
  facet normal -0.9141463621271012 0.14478202884536664 0.37864837611325647
    outer loop
      vertex -91.25595092773438 94.39546203613281 337.7764587402344
      vertex -91.39777374267578 93.5 337.7764587402344
      vertex -91.09807586669922 93.5 338.5
    endloop
  endfacet
  facet normal -0.8925679205809148 0.17754510645041302 0.4144879278403333
    outer loop
      vertex -90.90030670166016 94.4942398071289 338.5
      vertex -91.25595092773438 94.39546203613281 337.7764587402344
      vertex -91.09807586669922 93.5 338.5
    endloop
  endfacet
  facet normal 0.16099286042117528 0.6008351570248598 0.7829932394192941
    outer loop
      vertex 94.5 95.62132263183594 339.1213073730469
      vertex 94.5 95 339.59808349609375
      vertex 95.56066131591797 95.33712005615234 339.1213073730469
    endloop
  endfacet
  facet normal 0.21182451603482 0.5113915028689551 0.8328319789729773
    outer loop
      vertex 95.56066131591797 95.33712005615234 339.1213073730469
      vertex 94.5 95 339.59808349609375
      vertex 95.56066131591797 94.56066131591797 339.59808349609375
    endloop
  endfacet
  facet normal 0.7894283566987844 0.6057441069494627 0.09938282817395985
    outer loop
      vertex 97.09807586669922 95 337
      vertex 96.62132263183594 95.62132263183594 337
      vertex 96.84435272216797 95.2032699584961 337.7764587402344
    endloop
  endfacet
  facet normal 0.21254105671300658 -0.21254157881530095 -0.9537569797836436
    outer loop
      vertex 95.56066131591797 13.439340591430664 250.40191650390625
      vertex 94.5 13.723543167114258 250.1022186279297
      vertex 95.27645874023438 14.5 250.1022186279297
    endloop
  endfacet
  facet normal 0.15655658173637257 -0.3779607740304284 -0.9124887341821498
    outer loop
      vertex 95.56066131591797 13.439340591430664 250.40191650390625
      vertex 94.5 13 250.40191650390625
      vertex 94.5 13.723543167114258 250.1022186279297
    endloop
  endfacet
  facet normal 0.15654994479000447 -0.37794475103504444 0.9124965095556832
    outer loop
      vertex 94.5 13.723543167114258 339.89776611328125
      vertex 94.5 13 339.59808349609375
      vertex 95.56066131591797 13.439340591430664 339.59808349609375
    endloop
  endfacet
  facet normal 0.16099331491464614 -0.6008368532221645 0.7829918443782672
    outer loop
      vertex 94.5 13 339.59808349609375
      vertex 94.5 12.378680229187012 339.1213073730469
      vertex 95.56066131591797 12.662882804870605 339.1213073730469
    endloop
  endfacet
  facet normal 0.19740776990359987 -0.7367378163085062 0.6467206215999775
    outer loop
      vertex 95.56066131591797 12.662882804870605 339.1213073730469
      vertex 94.5 12.378680229187012 339.1213073730469
      vertex 95.4942398071289 12.099691390991211 338.5
    endloop
  endfacet
  facet normal 0.1294291203935906 -0.9831053888512071 -0.1294291203935906
    outer loop
      vertex 95.27645874023438 11.60222339630127 253
      vertex 94.5 11.5 253
      vertex 94.5 11.60222339630127 252.22354125976562
    endloop
  endfacet
  facet normal 0.21253133697129006 0.21253133697129006 0.9537614280365881
    outer loop
      vertex 95.56066131591797 94.56066131591797 339.59808349609375
      vertex 94.5 94.27645874023438 339.89776611328125
      vertex 95.27645874023438 93.5 339.89776611328125
    endloop
  endfacet
  facet normal 0.37794562082591526 0.1565496254235654 0.9124962040897785
    outer loop
      vertex 95.56066131591797 94.56066131591797 339.59808349609375
      vertex 95.27645874023438 93.5 339.89776611328125
      vertex 96 93.5 339.59808349609375
    endloop
  endfacet
  facet normal 0.5113801094030168 -0.21182017763260133 -0.8328400783191523
    outer loop
      vertex 96.33712005615234 13.439340591430664 250.87867736816406
      vertex 95.56066131591797 13.439340591430664 250.40191650390625
      vertex 96 14.5 250.40191650390625
    endloop
  endfacet
  facet normal 0.4636201949858314 -0.4636207644213889 -0.7550576809745245
    outer loop
      vertex 96.33712005615234 13.439340591430664 250.87867736816406
      vertex 95.56066131591797 12.662882804870605 250.87867736816406
      vertex 95.56066131591797 13.439340591430664 250.40191650390625
    endloop
  endfacet
  facet normal 0 -0.7933560467907059 0.6087579018137039
    outer loop
      vertex -86.5 93.62132263183594 255.87867736816406
      vertex 92.5 94.09807586669922 256.5
      vertex -86.5 94.09807586669922 256.5
    endloop
  endfacet
  facet normal 0 -0.7933560467907059 0.6087579018137039
    outer loop
      vertex 92.5 94.09807586669922 256.5
      vertex -86.5 93.62132263183594 255.87867736816406
      vertex 92.5 93.62132263183594 255.87867736816406
    endloop
  endfacet
  facet normal -0.8780678309222738 -0.4473973745093619 0.16980127673719891
    outer loop
      vertex 95.25595092773438 92.39546203613281 257.2235412597656
      vertex 95.09807586669922 93 258
      vertex 94.84435272216797 93.2032699584961 257.2235412597656
    endloop
  endfacet
  facet normal 0.8925679205809148 -0.17754510645041302 0.4144879278403333
    outer loop
      vertex -89.09807586669922 91.5 256.5
      vertex -88.90030670166016 92.4942398071289 256.5
      vertex -89.25595092773438 92.39546203613281 257.2235412597656
    endloop
  endfacet
  facet normal 0.8340065040221933 0.4249470337973131 0.3519277904848447
    outer loop
      vertex -88.84435272216797 14.796730041503906 257.2235412597656
      vertex -88.90030670166016 15.505760192871094 256.5
      vertex -89.25595092773438 15.604537963867188 257.2235412597656
    endloop
  endfacet
  facet normal -0.1294291203935906 0.9831053888512071 0.1294291203935906
    outer loop
      vertex 93.27645874023438 13.60222339630127 258
      vertex 92.5 13.60222339630127 257.2235412597656
      vertex 92.5 13.5 258
    endloop
  endfacet
  facet normal -0.8340065040221933 0.4249470337973131 0.3519277904848447
    outer loop
      vertex 95.25595092773438 15.604537963867188 257.2235412597656
      vertex 94.90030670166016 15.505760192871094 256.5
      vertex 94.84435272216797 14.796730041503906 257.2235412597656
    endloop
  endfacet
  facet normal -0.3779616438474456 -0.15655626235195008 0.9124884286929473
    outer loop
      vertex 94 91.5 255.40191650390625
      vertex 93.56066131591797 92.56066131591797 255.40191650390625
      vertex 93.27645874023438 91.5 255.1022186279297
    endloop
  endfacet
  facet normal 0.6829990892113751 -0.4563589743424509 0.5703058220582519
    outer loop
      vertex -88.33712005615234 92.56066131591797 255.87867736816406
      vertex -88.33712005615234 93.33712005615234 256.5
      vertex -88.90030670166016 92.4942398071289 256.5
    endloop
  endfacet
  facet normal 0 0.13052135571550982 0.9914454980997116
    outer loop
      vertex -86.5 16.5 255
      vertex 92.5 15.723543167114258 255.1022186279297
      vertex 92.5 16.5 255
    endloop
  endfacet
  facet normal 0 0.13052135571550982 0.9914454980997116
    outer loop
      vertex 92.5 15.723543167114258 255.1022186279297
      vertex -86.5 16.5 255
      vertex -86.5 15.723543167114258 255.1022186279297
    endloop
  endfacet
  facet normal -0.3803849016699666 0.9183299771150026 0.1094412157895217
    outer loop
      vertex 94 13.901924133300781 258
      vertex 93.39546203613281 13.744050025939941 257.2235412597656
      vertex 93.27645874023438 13.60222339630127 258
    endloop
  endfacet
  facet normal -0.1609901560140616 0.6008250640128557 0.7830015403053279
    outer loop
      vertex 93.56066131591797 14.662882804870605 255.87867736816406
      vertex 92.5 15 255.40191650390625
      vertex 92.5 14.378680229187012 255.87867736816406
    endloop
  endfacet
  facet normal 0.9183316430784606 -0.3803819604729015 0.10943745916095965
    outer loop
      vertex -89.25595092773438 92.39546203613281 257.2235412597656
      vertex -89.09807586669922 93 258
      vertex -89.39777374267578 92.27645874023438 258
    endloop
  endfacet
  facet normal -0.9183316430784606 -0.3803819604729015 0.10943745916095965
    outer loop
      vertex 95.25595092773438 92.39546203613281 257.2235412597656
      vertex 95.39777374267578 92.27645874023438 258
      vertex 95.09807586669922 93 258
    endloop
  endfacet
  facet normal 0.6962117253398056 -0.6962117253398056 0.17486699802633446
    outer loop
      vertex -88.2032699584961 93.84435272216797 257.2235412597656
      vertex -88.62132263183594 93.62132263183594 258
      vertex -88.84435272216797 93.2032699584961 257.2235412597656
    endloop
  endfacet
  facet normal 0.14478564333427876 0.9141445955052206 0.37865125906680364
    outer loop
      vertex -86.5 13.60222339630127 257.2235412597656
      vertex -86.5 13.901924133300781 256.5
      vertex -87.39546203613281 13.744050025939941 257.2235412597656
    endloop
  endfacet
  facet normal -0.21254118066299987 -0.21254118066299987 0.9537570408886931
    outer loop
      vertex 93.27645874023438 91.5 255.1022186279297
      vertex 93.56066131591797 92.56066131591797 255.40191650390625
      vertex 92.5 92.27645874023438 255.1022186279297
    endloop
  endfacet
  facet normal 0 0.3826795994346052 0.923881120153762
    outer loop
      vertex -86.5 15.723543167114258 255.1022186279297
      vertex 92.5 15 255.40191650390625
      vertex 92.5 15.723543167114258 255.1022186279297
    endloop
  endfacet
  facet normal 0 0.3826795994346052 0.923881120153762
    outer loop
      vertex 92.5 15 255.40191650390625
      vertex -86.5 15.723543167114258 255.1022186279297
      vertex -86.5 15 255.40191650390625
    endloop
  endfacet
  facet normal -0.1558794702022782 0.7836563857899366 0.6013187671943321
    outer loop
      vertex 93.4942398071289 14.099691390991211 256.5
      vertex 92.5 14.378680229187012 255.87867736816406
      vertex 92.5 13.901924133300781 256.5
    endloop
  endfacet
  facet normal -0.12942327990569488 0.12942359783105212 0.983106884800894
    outer loop
      vertex 93.27645874023438 16.5 255.1022186279297
      vertex 92.5 16.5 255
      vertex 92.5 15.723543167114258 255.1022186279297
    endloop
  endfacet
  facet normal -0.3826804604958137 0 0.9238807634942465
    outer loop
      vertex 93.27645874023438 91.5 255.1022186279297
      vertex 94 16.5 255.40191650390625
      vertex 94 91.5 255.40191650390625
    endloop
  endfacet
  facet normal -0.3826804604958137 0 0.9238807634942465
    outer loop
      vertex 94 16.5 255.40191650390625
      vertex 93.27645874023438 91.5 255.1022186279297
      vertex 93.27645874023438 16.5 255.1022186279297
    endloop
  endfacet
  facet normal -0.7894283566987844 -0.6057441069494627 0.09938282817395985
    outer loop
      vertex 94.84435272216797 93.2032699584961 257.2235412597656
      vertex 95.09807586669922 93 258
      vertex 94.62132263183594 93.62132263183594 258
    endloop
  endfacet
  facet normal 0.5008306870097465 -0.7495566479647616 0.432820348922247
    outer loop
      vertex -87.4942398071289 93.90030670166016 256.5
      vertex -88.2032699584961 93.84435272216797 257.2235412597656
      vertex -88.33712005615234 93.33712005615234 256.5
    endloop
  endfacet
  facet normal 0 -0.9238807634942465 0.3826804604958138
    outer loop
      vertex -86.5 94.09807586669922 256.5
      vertex 92.5 94.39777374267578 257.2235412597656
      vertex -86.5 94.39777374267578 257.2235412597656
    endloop
  endfacet
  facet normal 0 -0.9238807634942465 0.3826804604958138
    outer loop
      vertex 92.5 94.39777374267578 257.2235412597656
      vertex -86.5 94.09807586669922 256.5
      vertex 92.5 94.09807586669922 256.5
    endloop
  endfacet
  facet normal 0.5008338196714744 0.7495549900809606 0.4328195951178877
    outer loop
      vertex -88.2032699584961 14.155649185180664 257.2235412597656
      vertex -87.4942398071289 14.099691390991211 256.5
      vertex -88.33712005615234 14.662882804870605 256.5
    endloop
  endfacet
  facet normal -0.129423285231074 -0.129423285231074 0.9831069252527886
    outer loop
      vertex 93.27645874023438 91.5 255.1022186279297
      vertex 92.5 92.27645874023438 255.1022186279297
      vertex 92.5 91.5 255
    endloop
  endfacet
  facet normal 0.9141463621271012 -0.14478202884536664 0.37864837611325647
    outer loop
      vertex -89.09807586669922 91.5 256.5
      vertex -89.25595092773438 92.39546203613281 257.2235412597656
      vertex -89.39777374267578 91.5 257.2235412597656
    endloop
  endfacet
  facet normal -1 0 0
    outer loop
      vertex 95.5 16.5 258
      vertex 95.5 91.5 339.80517578125
      vertex 95.5 91.5 258
    endloop
  endfacet
  facet normal -1 0 0
    outer loop
      vertex 95.5 91.5 339.80517578125
      vertex 95.5 16.5 258
      vertex 95.5 16.5 339.80517578125
    endloop
  endfacet
  facet normal 0 0.9238794718963204 0.3826835787025309
    outer loop
      vertex 92.5 13.901924133300781 256.5
      vertex -86.5 13.60222339630127 257.2235412597656
      vertex 92.5 13.60222339630127 257.2235412597656
    endloop
  endfacet
  facet normal 0 0.9238794718963204 0.3826835787025309
    outer loop
      vertex -86.5 13.60222339630127 257.2235412597656
      vertex 92.5 13.901924133300781 256.5
      vertex -86.5 13.901924133300781 256.5
    endloop
  endfacet
  facet normal 0 0.9914447516743157 0.1305270254677345
    outer loop
      vertex 92.5 13.60222339630127 257.2235412597656
      vertex -86.5 13.5 258
      vertex 92.5 13.5 258
    endloop
  endfacet
  facet normal 0 0.9914447516743157 0.1305270254677345
    outer loop
      vertex -86.5 13.5 258
      vertex 92.5 13.60222339630127 257.2235412597656
      vertex -86.5 13.60222339630127 257.2235412597656
    endloop
  endfacet
  facet normal 0 0 1
    outer loop
      vertex -86.5 91.5 255
      vertex 92.5 16.5 255
      vertex 92.5 91.5 255
    endloop
  endfacet
  facet normal 0 0 1
    outer loop
      vertex 92.5 16.5 255
      vertex -86.5 91.5 255
      vertex -86.5 16.5 255
    endloop
  endfacet
  facet normal 0.12943262147796872 -0.9831044669793143 0.12943262147796872
    outer loop
      vertex -86.5 94.39777374267578 257.2235412597656
      vertex -86.5 94.5 258
      vertex -87.27645874023438 94.39777374267578 258
    endloop
  endfacet
  facet normal 0.15655626235195008 -0.3779616438474456 0.9124884286929473
    outer loop
      vertex -86.5 92.27645874023438 255.1022186279297
      vertex -86.5 93 255.40191650390625
      vertex -87.56066131591797 92.56066131591797 255.40191650390625
    endloop
  endfacet
  facet normal -0.9141463621271012 -0.14478202884536664 0.37864837611325647
    outer loop
      vertex 95.39777374267578 91.5 257.2235412597656
      vertex 95.25595092773438 92.39546203613281 257.2235412597656
      vertex 95.09807586669922 91.5 256.5
    endloop
  endfacet
  facet normal -0.5298709714913029 0.5298716222985268 0.6621728002973167
    outer loop
      vertex 94.33712005615234 14.662882804870605 256.5
      vertex 94.33712005615234 15.439340591430664 255.87867736816406
      vertex 93.56066131591797 14.662882804870605 255.87867736816406
    endloop
  endfacet
  facet normal -0.9831044265216845 0.12943293409972856 0.12943261615143703
    outer loop
      vertex 95.5 16.5 258
      vertex 95.39777374267578 16.5 257.2235412597656
      vertex 95.39777374267578 15.723543167114258 258
    endloop
  endfacet
  facet normal -0.7836579025792687 0.15588127527996964 0.6013163225309551
    outer loop
      vertex 94.90030670166016 15.505760192871094 256.5
      vertex 95.09807586669922 16.5 256.5
      vertex 94.62132263183594 16.5 255.87867736816406
    endloop
  endfacet
  facet normal -0.4249470337973131 -0.8340065040221933 0.3519277904848447
    outer loop
      vertex 93.4942398071289 93.90030670166016 256.5
      vertex 94.2032699584961 93.84435272216797 257.2235412597656
      vertex 93.39546203613281 94.25595092773438 257.2235412597656
    endloop
  endfacet
  facet normal 0 1 0
    outer loop
      vertex 92.5 13.5 258
      vertex -86.5 13.5 339.80517578125
      vertex 92.5 13.5 339.80517578125
    endloop
  endfacet
  facet normal 0 1 0
    outer loop
      vertex -86.5 13.5 339.80517578125
      vertex 92.5 13.5 258
      vertex -86.5 13.5 258
    endloop
  endfacet
  facet normal -0.3803819604729015 -0.9183316430784606 0.10943745916095965
    outer loop
      vertex 93.39546203613281 94.25595092773438 257.2235412597656
      vertex 94 94.09807586669922 258
      vertex 93.27645874023438 94.39777374267578 258
    endloop
  endfacet
  facet normal -0.8925679205809148 -0.17754510645041302 0.4144879278403333
    outer loop
      vertex 95.09807586669922 91.5 256.5
      vertex 95.25595092773438 92.39546203613281 257.2235412597656
      vertex 94.90030670166016 92.4942398071289 256.5
    endloop
  endfacet
  facet normal -0.3826959120774541 -0.9238743460535689 0.00017771689788347278
    outer loop
      vertex 93.27645874023438 94.39777374267578 339.8475341796875
      vertex 94 94.09807586669922 339.9212646484375
      vertex 93.56935119628906 94.27645874023438 339.89776611328125
    endloop
  endfacet
  facet normal -0.3826804604958137 -0.9238807634942464 0
    outer loop
      vertex 94 94.09807586669922 258
      vertex 93.27645874023438 94.39777374267578 339.8475341796875
      vertex 93.27645874023438 94.39777374267578 258
    endloop
  endfacet
  facet normal -0.3826804604958137 -0.9238807634942464 0
    outer loop
      vertex 93.27645874023438 94.39777374267578 339.8475341796875
      vertex 94 94.09807586669922 258
      vertex 94 94.09807586669922 339.9212646484375
    endloop
  endfacet
  facet normal 0.15588127527996964 -0.7836579025792687 0.6013163225309551
    outer loop
      vertex -86.5 93.62132263183594 255.87867736816406
      vertex -86.5 94.09807586669922 256.5
      vertex -87.4942398071289 93.90030670166016 256.5
    endloop
  endfacet
  facet normal 0 -0.3826804604958138 0.9238807634942465
    outer loop
      vertex -86.5 93 255.40191650390625
      vertex 92.5 92.27645874023438 255.1022186279297
      vertex 92.5 93 255.40191650390625
    endloop
  endfacet
  facet normal 0 -0.3826804604958138 0.9238807634942465
    outer loop
      vertex 92.5 92.27645874023438 255.1022186279297
      vertex -86.5 93 255.40191650390625
      vertex -86.5 92.27645874023438 255.1022186279297
    endloop
  endfacet
  facet normal -0.21181981381456516 -0.5113801506632333 0.8328401455160599
    outer loop
      vertex 93.56066131591797 92.56066131591797 255.40191650390625
      vertex 93.56066131591797 93.33712005615234 255.87867736816406
      vertex 92.5 93 255.40191650390625
    endloop
  endfacet
  facet normal 0.13053061640817712 -0.9914442789083515 0
    outer loop
      vertex -87.27645874023438 94.39777374267578 258
      vertex -86.5 94.5 339.80517578125
      vertex -87.27645874023438 94.39777374267578 339.8475341796875
    endloop
  endfacet
  facet normal 0.13053061640817712 -0.9914442789083515 0
    outer loop
      vertex -86.5 94.5 339.80517578125
      vertex -87.27645874023438 94.39777374267578 258
      vertex -86.5 94.5 258
    endloop
  endfacet
  facet normal -0.15455413564277082 0.9758206998785341 0.15455413564277082
    outer loop
      vertex 93.27645874023438 13.60222339630127 258
      vertex 93.39546203613281 13.744050025939941 257.2235412597656
      vertex 92.5 13.60222339630127 257.2235412597656
    endloop
  endfacet
  facet normal -0.382684805206224 0.9238789637530554 0.000014101591321338172
    outer loop
      vertex 94 13.901924133300781 339.9212646484375
      vertex 93.27645874023438 13.60222339630127 339.8475341796875
      vertex 93.56935119628906 13.723543167114258 339.89776611328125
    endloop
  endfacet
  facet normal -0.38268357870253084 0.9238794718963204 0
    outer loop
      vertex 94 13.901924133300781 258
      vertex 93.27645874023438 13.60222339630127 339.8475341796875
      vertex 94 13.901924133300781 339.9212646484375
    endloop
  endfacet
  facet normal -0.38268357870253084 0.9238794718963202 0
    outer loop
      vertex 93.27645874023438 13.60222339630127 339.8475341796875
      vertex 94 13.901924133300781 258
      vertex 93.27645874023438 13.60222339630127 258
    endloop
  endfacet
  facet normal 0 -0.9914442789083515 0.13053061640817712
    outer loop
      vertex -86.5 94.39777374267578 257.2235412597656
      vertex 92.5 94.5 258
      vertex -86.5 94.5 258
    endloop
  endfacet
  facet normal 0 -0.9914442789083515 0.13053061640817712
    outer loop
      vertex 92.5 94.5 258
      vertex -86.5 94.39777374267578 257.2235412597656
      vertex 92.5 94.39777374267578 257.2235412597656
    endloop
  endfacet
  facet normal -0.9914442789083515 -0.13053061640817712 0
    outer loop
      vertex 95.5 91.5 339.80517578125
      vertex 95.39777374267578 92.27645874023438 258
      vertex 95.5 91.5 258
    endloop
  endfacet
  facet normal -0.9914442789083515 -0.13053061640817712 0
    outer loop
      vertex 95.39777374267578 92.27645874023438 258
      vertex 95.5 91.5 339.80517578125
      vertex 95.39777374267578 92.27645874023438 339.8475341796875
    endloop
  endfacet
  facet normal -0.7495566479647616 -0.5008306870097465 0.432820348922247
    outer loop
      vertex 94.90030670166016 92.4942398071289 256.5
      vertex 94.84435272216797 93.2032699584961 257.2235412597656
      vertex 94.33712005615234 93.33712005615234 256.5
    endloop
  endfacet
  facet normal 0 -0.6087640334084831 0.793351341858218
    outer loop
      vertex -86.5 93.62132263183594 255.87867736816406
      vertex 92.5 93 255.40191650390625
      vertex 92.5 93.62132263183594 255.87867736816406
    endloop
  endfacet
  facet normal 0 -0.6087640334084831 0.793351341858218
    outer loop
      vertex 92.5 93 255.40191650390625
      vertex -86.5 93.62132263183594 255.87867736816406
      vertex -86.5 93 255.40191650390625
    endloop
  endfacet
  facet normal 0.1558794702022782 0.7836563857899366 0.6013187671943321
    outer loop
      vertex -86.5 13.901924133300781 256.5
      vertex -86.5 14.378680229187012 255.87867736816406
      vertex -87.4942398071289 14.099691390991211 256.5
    endloop
  endfacet
  facet normal -0.13053061640817712 -0.9914442789083515 0
    outer loop
      vertex 93.27645874023438 94.39777374267578 258
      vertex 92.5 94.5 339.80517578125
      vertex 92.5 94.5 258
    endloop
  endfacet
  facet normal -0.13053061640817712 -0.9914442789083515 0
    outer loop
      vertex 92.5 94.5 339.80517578125
      vertex 93.27645874023438 94.39777374267578 258
      vertex 93.27645874023438 94.39777374267578 339.8475341796875
    endloop
  endfacet
  facet normal -0.6962108978627733 0.6962129692347244 0.17486534009482774
    outer loop
      vertex 94.62132263183594 14.378680229187012 258
      vertex 94.84435272216797 14.796730041503906 257.2235412597656
      vertex 94.2032699584961 14.155649185180664 257.2235412597656
    endloop
  endfacet
  facet normal -0.6829981251963165 0.4563598792582814 0.5703062524483522
    outer loop
      vertex 94.90030670166016 15.505760192871094 256.5
      vertex 94.33712005615234 15.439340591430664 255.87867736816406
      vertex 94.33712005615234 14.662882804870605 256.5
    endloop
  endfacet
  facet normal -0.19740979759526275 0.7367453837772466 0.6467113817587525
    outer loop
      vertex 93.4942398071289 14.099691390991211 256.5
      vertex 93.56066131591797 14.662882804870605 255.87867736816406
      vertex 92.5 14.378680229187012 255.87867736816406
    endloop
  endfacet
  facet normal -0.13052104055558153 0 0.9914455395896884
    outer loop
      vertex 92.5 91.5 255
      vertex 93.27645874023438 16.5 255.1022186279297
      vertex 93.27645874023438 91.5 255.1022186279297
    endloop
  endfacet
  facet normal -0.13052104055558153 0 0.9914455395896884
    outer loop
      vertex 93.27645874023438 16.5 255.1022186279297
      vertex 92.5 91.5 255
      vertex 92.5 16.5 255
    endloop
  endfacet
  facet normal 0 -0.13052104055558153 0.9914455395896883
    outer loop
      vertex -86.5 92.27645874023438 255.1022186279297
      vertex 92.5 91.5 255
      vertex 92.5 92.27645874023438 255.1022186279297
    endloop
  endfacet
  facet normal 0 -0.13052104055558153 0.9914455395896883
    outer loop
      vertex 92.5 91.5 255
      vertex -86.5 92.27645874023438 255.1022186279297
      vertex -86.5 91.5 255
    endloop
  endfacet
  facet normal -0.6057441069494627 -0.7894283566987844 0.09938282817395985
    outer loop
      vertex 94.2032699584961 93.84435272216797 257.2235412597656
      vertex 94.62132263183594 93.62132263183594 258
      vertex 94 94.09807586669922 258
    endloop
  endfacet
  facet normal -0.12943262147796872 -0.9831044669793143 0.12943262147796872
    outer loop
      vertex 93.27645874023438 94.39777374267578 258
      vertex 92.5 94.5 258
      vertex 92.5 94.39777374267578 257.2235412597656
    endloop
  endfacet
  facet normal 0.21182087260741392 0.5113804867131863 0.8328396698865986
    outer loop
      vertex -86.5 15 255.40191650390625
      vertex -87.56066131591797 15.439340591430664 255.40191650390625
      vertex -87.56066131591797 14.662882804870605 255.87867736816406
    endloop
  endfacet
  facet normal -0.6057463487797 0.7894265409426996 0.09938358715253809
    outer loop
      vertex 94.62132263183594 14.378680229187012 258
      vertex 94.2032699584961 14.155649185180664 257.2235412597656
      vertex 94 13.901924133300781 258
    endloop
  endfacet
  facet normal -0.4473980603901534 0.8780671425564331 0.1698030291894384
    outer loop
      vertex 94 13.901924133300781 258
      vertex 94.2032699584961 14.155649185180664 257.2235412597656
      vertex 93.39546203613281 13.744050025939941 257.2235412597656
    endloop
  endfacet
  facet normal -0.7367477554921013 0.19741078808926066 0.6467083774958601
    outer loop
      vertex 94.90030670166016 15.505760192871094 256.5
      vertex 94.62132263183594 16.5 255.87867736816406
      vertex 94.33712005615234 15.439340591430664 255.87867736816406
    endloop
  endfacet
  facet normal -0.4473973745093619 -0.8780678309222738 0.16980127673719891
    outer loop
      vertex 94.2032699584961 93.84435272216797 257.2235412597656
      vertex 94 94.09807586669922 258
      vertex 93.39546203613281 94.25595092773438 257.2235412597656
    endloop
  endfacet
  facet normal -0.4563589743424508 -0.682999089211375 0.5703058220582518
    outer loop
      vertex 93.56066131591797 93.33712005615234 255.87867736816406
      vertex 94.33712005615234 93.33712005615234 256.5
      vertex 93.4942398071289 93.90030670166016 256.5
    endloop
  endfacet
  facet normal -0.15655626235195008 -0.3779616438474456 0.9124884286929473
    outer loop
      vertex 93.56066131591797 92.56066131591797 255.40191650390625
      vertex 92.5 93 255.40191650390625
      vertex 92.5 92.27645874023438 255.1022186279297
    endloop
  endfacet
  facet normal -0.17754510645041302 -0.8925679205809148 0.4144879278403333
    outer loop
      vertex 93.4942398071289 93.90030670166016 256.5
      vertex 93.39546203613281 94.25595092773438 257.2235412597656
      vertex 92.5 94.09807586669922 256.5
    endloop
  endfacet
  facet normal -0.16098970151825256 -0.6008233678068247 0.7830029353088844
    outer loop
      vertex 93.56066131591797 93.33712005615234 255.87867736816406
      vertex 92.5 93.62132263183594 255.87867736816406
      vertex 92.5 93 255.40191650390625
    endloop
  endfacet
  facet normal 0 -1 0
    outer loop
      vertex -86.5 94.5 258
      vertex 92.5 94.5 339.80517578125
      vertex -86.5 94.5 339.80517578125
    endloop
  endfacet
  facet normal 0 -1 0
    outer loop
      vertex 92.5 94.5 339.80517578125
      vertex -86.5 94.5 258
      vertex 92.5 94.5 258
    endloop
  endfacet
  facet normal 0.3803819604729015 -0.9183316430784606 0.10943745916095965
    outer loop
      vertex -87.39546203613281 94.25595092773438 257.2235412597656
      vertex -87.27645874023438 94.39777374267578 258
      vertex -88 94.09807586669922 258
    endloop
  endfacet
  facet normal -0.177543690647275 0.8925694111732786 0.41448532440742886
    outer loop
      vertex 93.39546203613281 13.744050025939941 257.2235412597656
      vertex 93.4942398071289 14.099691390991211 256.5
      vertex 92.5 13.901924133300781 256.5
    endloop
  endfacet
  facet normal -0.14478564333427876 0.9141445955052206 0.37865125906680364
    outer loop
      vertex 93.39546203613281 13.744050025939941 257.2235412597656
      vertex 92.5 13.901924133300781 256.5
      vertex 92.5 13.60222339630127 257.2235412597656
    endloop
  endfacet
  facet normal -0.78942708016781 0.6057459167381941 0.09938193725587571
    outer loop
      vertex 95.09807586669922 15 258
      vertex 94.84435272216797 14.796730041503906 257.2235412597656
      vertex 94.62132263183594 14.378680229187012 258
    endloop
  endfacet
  facet normal -0.664262580461256 0.6642645567803305 0.34279414056308594
    outer loop
      vertex 94.84435272216797 14.796730041503906 257.2235412597656
      vertex 94.33712005615234 14.662882804870605 256.5
      vertex 94.2032699584961 14.155649185180664 257.2235412597656
    endloop
  endfacet
  facet normal -0.6087372873461654 -0.793371745682766 -0.0004337588182242127
    outer loop
      vertex 94 94.09807586669922 339.9212646484375
      vertex 94.62132263183594 93.62132263183594 339.9680480957031
      vertex 94.5 93.71440887451172 339.9717712402344
    endloop
  endfacet
  facet normal -0.6087579018137039 -0.7933560467907059 0
    outer loop
      vertex 94.62132263183594 93.62132263183594 258
      vertex 94 94.09807586669922 339.9212646484375
      vertex 94 94.09807586669922 258
    endloop
  endfacet
  facet normal -0.6087579018137039 -0.7933560467907059 0
    outer loop
      vertex 94 94.09807586669922 339.9212646484375
      vertex 94.62132263183594 93.62132263183594 258
      vertex 94.62132263183594 93.62132263183594 339.9680480957031
    endloop
  endfacet
  facet normal -0.15655658173637257 0.3779607740304284 0.9124887341821498
    outer loop
      vertex 93.56066131591797 15.439340591430664 255.40191650390625
      vertex 92.5 15.723543167114258 255.1022186279297
      vertex 92.5 15 255.40191650390625
    endloop
  endfacet
  facet normal -0.7495554693279941 0.5008315994741367 0.43282133423465674
    outer loop
      vertex 94.84435272216797 14.796730041503906 257.2235412597656
      vertex 94.90030670166016 15.505760192871094 256.5
      vertex 94.33712005615234 14.662882804870605 256.5
    endloop
  endfacet
  facet normal -0.6008233678068247 -0.16098970151825256 0.7830029353088844
    outer loop
      vertex 94.62132263183594 91.5 255.87867736816406
      vertex 94.33712005615234 92.56066131591797 255.87867736816406
      vertex 94 91.5 255.40191650390625
    endloop
  endfacet
  facet normal -0.5113801506632333 -0.21181981381456516 0.8328401455160599
    outer loop
      vertex 94 91.5 255.40191650390625
      vertex 94.33712005615234 92.56066131591797 255.87867736816406
      vertex 93.56066131591797 92.56066131591797 255.40191650390625
    endloop
  endfacet
  facet normal -0.8340065040221933 -0.4249470337973131 0.3519277904848447
    outer loop
      vertex 94.90030670166016 92.4942398071289 256.5
      vertex 95.25595092773438 92.39546203613281 257.2235412597656
      vertex 94.84435272216797 93.2032699584961 257.2235412597656
    endloop
  endfacet
  facet normal -0.6642639673533278 -0.6642639673533278 0.3427925952409619
    outer loop
      vertex 94.33712005615234 93.33712005615234 256.5
      vertex 94.84435272216797 93.2032699584961 257.2235412597656
      vertex 94.2032699584961 93.84435272216797 257.2235412597656
    endloop
  endfacet
  facet normal -0.9238807634942465 0 0.3826804604958137
    outer loop
      vertex 95.09807586669922 16.5 256.5
      vertex 95.39777374267578 91.5 257.2235412597656
      vertex 95.09807586669922 91.5 256.5
    endloop
  endfacet
  facet normal -0.9238807634942465 0 0.3826804604958137
    outer loop
      vertex 95.39777374267578 91.5 257.2235412597656
      vertex 95.09807586669922 16.5 256.5
      vertex 95.39777374267578 16.5 257.2235412597656
    endloop
  endfacet
  facet normal -0.8925679205809148 0.17754510645041302 0.4144879278403333
    outer loop
      vertex 95.25595092773438 15.604537963867188 257.2235412597656
      vertex 95.09807586669922 16.5 256.5
      vertex 94.90030670166016 15.505760192871094 256.5
    endloop
  endfacet
  facet normal -0.7836579025792687 -0.15588127527996964 0.6013163225309551
    outer loop
      vertex 95.09807586669922 91.5 256.5
      vertex 94.90030670166016 92.4942398071289 256.5
      vertex 94.62132263183594 91.5 255.87867736816406
    endloop
  endfacet
  facet normal -0.5008306870097465 -0.7495566479647616 0.432820348922247
    outer loop
      vertex 94.33712005615234 93.33712005615234 256.5
      vertex 94.2032699584961 93.84435272216797 257.2235412597656
      vertex 93.4942398071289 93.90030670166016 256.5
    endloop
  endfacet
  facet normal -0.6962117253398056 -0.6962117253398056 0.17486699802633446
    outer loop
      vertex 94.84435272216797 93.2032699584961 257.2235412597656
      vertex 94.62132263183594 93.62132263183594 258
      vertex 94.2032699584961 93.84435272216797 257.2235412597656
    endloop
  endfacet
  facet normal -0.14478202884536664 -0.9141463621271012 0.37864837611325647
    outer loop
      vertex 93.39546203613281 94.25595092773438 257.2235412597656
      vertex 92.5 94.39777374267578 257.2235412597656
      vertex 92.5 94.09807586669922 256.5
    endloop
  endfacet
  facet normal -0.1545501772050519 -0.9758219537660413 0.1545501772050519
    outer loop
      vertex 93.39546203613281 94.25595092773438 257.2235412597656
      vertex 93.27645874023438 94.39777374267578 258
      vertex 92.5 94.39777374267578 257.2235412597656
    endloop
  endfacet
  facet normal -0.5298711542142587 -0.5298711542142587 0.662173028643797
    outer loop
      vertex 94.33712005615234 92.56066131591797 255.87867736816406
      vertex 94.33712005615234 93.33712005615234 256.5
      vertex 93.56066131591797 93.33712005615234 255.87867736816406
    endloop
  endfacet
  facet normal -0.46362031738253223 -0.46362031738253223 0.7550578803113309
    outer loop
      vertex 94.33712005615234 92.56066131591797 255.87867736816406
      vertex 93.56066131591797 93.33712005615234 255.87867736816406
      vertex 93.56066131591797 92.56066131591797 255.40191650390625
    endloop
  endfacet
  facet normal -0.21254105671300658 0.21254157881530095 0.9537569797836436
    outer loop
      vertex 93.56066131591797 15.439340591430664 255.40191650390625
      vertex 93.27645874023438 16.5 255.1022186279297
      vertex 92.5 15.723543167114258 255.1022186279297
    endloop
  endfacet
  facet normal 0 0.6087657977601963 0.7933499880112131
    outer loop
      vertex -86.5 15 255.40191650390625
      vertex 92.5 14.378680229187012 255.87867736816406
      vertex 92.5 15 255.40191650390625
    endloop
  endfacet
  facet normal 0 0.6087657977601963 0.7933499880112131
    outer loop
      vertex 92.5 14.378680229187012 255.87867736816406
      vertex -86.5 15 255.40191650390625
      vertex -86.5 14.378680229187012 255.87867736816406
    endloop
  endfacet
  facet normal -0.5008338196714744 0.7495549900809606 0.4328195951178877
    outer loop
      vertex 94.2032699584961 14.155649185180664 257.2235412597656
      vertex 94.33712005615234 14.662882804870605 256.5
      vertex 93.4942398071289 14.099691390991211 256.5
    endloop
  endfacet
  facet normal -0.424948353893765 0.8340071624632601 0.3519246360841492
    outer loop
      vertex 94.2032699584961 14.155649185180664 257.2235412597656
      vertex 93.4942398071289 14.099691390991211 256.5
      vertex 93.39546203613281 13.744050025939941 257.2235412597656
    endloop
  endfacet
  facet normal -0.9758220110220148 0.15455018627322342 0.1545498066251221
    outer loop
      vertex 95.39777374267578 15.723543167114258 258
      vertex 95.39777374267578 16.5 257.2235412597656
      vertex 95.25595092773438 15.604537963867188 257.2235412597656
    endloop
  endfacet
  facet normal -0.923881120153762 0.3826795994346052 0
    outer loop
      vertex 95.09807586669922 15 258
      vertex 95.39777374267578 15.723543167114258 339.8475341796875
      vertex 95.39777374267578 15.723543167114258 258
    endloop
  endfacet
  facet normal -0.923881120153762 0.3826795994346052 0
    outer loop
      vertex 95.09807586669922 15 339.9212646484375
      vertex 95.39777374267578 15.723543167114258 339.8475341796875
      vertex 95.09807586669922 15 258
    endloop
  endfacet
  facet normal -0.9238752272403196 0.3826937912353057 0.0001632225357024766
    outer loop
      vertex 95.39777374267578 15.723543167114258 339.8475341796875
      vertex 95.09807586669922 15 339.9212646484375
      vertex 95.27645874023438 15.43065071105957 339.89776611328125
    endloop
  endfacet
  facet normal -0.6008233398042799 0.16098998351744034 0.7830028988155057
    outer loop
      vertex 94.33712005615234 15.439340591430664 255.87867736816406
      vertex 94.62132263183594 16.5 255.87867736816406
      vertex 94 16.5 255.40191650390625
    endloop
  endfacet
  facet normal -0.9141463621271012 0.14478202884536664 0.37864837611325647
    outer loop
      vertex 95.25595092773438 15.604537963867188 257.2235412597656
      vertex 95.39777374267578 16.5 257.2235412597656
      vertex 95.09807586669922 16.5 256.5
    endloop
  endfacet
  facet normal -0.9914442789083516 0 0.13053061640817715
    outer loop
      vertex 95.39777374267578 16.5 257.2235412597656
      vertex 95.5 91.5 258
      vertex 95.39777374267578 91.5 257.2235412597656
    endloop
  endfacet
  facet normal -0.9914442789083516 0 0.13053061640817715
    outer loop
      vertex 95.5 91.5 258
      vertex 95.39777374267578 16.5 257.2235412597656
      vertex 95.5 16.5 258
    endloop
  endfacet
  facet normal -0.6087547389096183 0.7933584653804655 -0.00011517046036019481
    outer loop
      vertex 94.62132263183594 14.378680229187012 339.9680480957031
      vertex 94 13.901924133300781 339.9212646484375
      vertex 94.5 14.285588264465332 339.9717712402344
    endloop
  endfacet
  facet normal -0.60876020117453 0.7933542824400367 0
    outer loop
      vertex 94.62132263183594 14.378680229187012 258
      vertex 94 13.901924133300781 339.9212646484375
      vertex 94.62132263183594 14.378680229187012 339.9680480957031
    endloop
  endfacet
  facet normal -0.60876020117453 0.7933542824400369 0
    outer loop
      vertex 94 13.901924133300781 339.9212646484375
      vertex 94.62132263183594 14.378680229187012 258
      vertex 94 13.901924133300781 258
    endloop
  endfacet
  facet normal -0.1305270254677345 0.9914447516743154 0
    outer loop
      vertex 93.27645874023438 13.60222339630127 258
      vertex 92.5 13.5 339.80517578125
      vertex 93.27645874023438 13.60222339630127 339.8475341796875
    endloop
  endfacet
  facet normal -0.1305270254677345 0.9914447516743156 0
    outer loop
      vertex 92.5 13.5 339.80517578125
      vertex 93.27645874023438 13.60222339630127 258
      vertex 92.5 13.5 258
    endloop
  endfacet
  facet normal -0.6087640334084831 0 0.7933513418582181
    outer loop
      vertex 94 91.5 255.40191650390625
      vertex 94.62132263183594 16.5 255.87867736816406
      vertex 94.62132263183594 91.5 255.87867736816406
    endloop
  endfacet
  facet normal -0.6087640334084831 0 0.7933513418582181
    outer loop
      vertex 94.62132263183594 16.5 255.87867736816406
      vertex 94 91.5 255.40191650390625
      vertex 94 16.5 255.40191650390625
    endloop
  endfacet
  facet normal -0.9238807634942464 -0.3826804604958137 0
    outer loop
      vertex 95.39777374267578 92.27645874023438 339.8475341796875
      vertex 95.09807586669922 93 339.9212646484375
      vertex 95.09807586669922 93 258
    endloop
  endfacet
  facet normal -0.9238807634942464 -0.3826804604958137 0
    outer loop
      vertex 95.39777374267578 92.27645874023438 339.8475341796875
      vertex 95.09807586669922 93 258
      vertex 95.39777374267578 92.27645874023438 258
    endloop
  endfacet
  facet normal -0.9238743460535689 -0.3826959120774541 0.00017771689788347278
    outer loop
      vertex 95.09807586669922 93 339.9212646484375
      vertex 95.39777374267578 92.27645874023438 339.8475341796875
      vertex 95.27645874023438 92.56935119628906 339.89776611328125
    endloop
  endfacet
  facet normal -0.9758219537660413 -0.1545501772050519 0.1545501772050519
    outer loop
      vertex 95.39777374267578 91.5 257.2235412597656
      vertex 95.39777374267578 92.27645874023438 258
      vertex 95.25595092773438 92.39546203613281 257.2235412597656
    endloop
  endfacet
  facet normal -0.9831044669793143 -0.12943262147796872 0.12943262147796872
    outer loop
      vertex 95.5 91.5 258
      vertex 95.39777374267578 92.27645874023438 258
      vertex 95.39777374267578 91.5 257.2235412597656
    endloop
  endfacet
  facet normal -0.7367480777844494 -0.19741051945036808 0.6467080923347526
    outer loop
      vertex 94.62132263183594 91.5 255.87867736816406
      vertex 94.90030670166016 92.4942398071289 256.5
      vertex 94.33712005615234 92.56066131591797 255.87867736816406
    endloop
  endfacet
  facet normal -0.6829990892113751 -0.4563589743424509 0.5703058220582519
    outer loop
      vertex 94.90030670166016 92.4942398071289 256.5
      vertex 94.33712005615234 93.33712005615234 256.5
      vertex 94.33712005615234 92.56066131591797 255.87867736816406
    endloop
  endfacet
  facet normal -0.7933560467907059 -0.6087579018137039 0
    outer loop
      vertex 95.09807586669922 93 339.9212646484375
      vertex 94.62132263183594 93.62132263183594 339.9680480957031
      vertex 94.62132263183594 93.62132263183594 258
    endloop
  endfacet
  facet normal -0.7933560467907059 -0.6087579018137039 0
    outer loop
      vertex 95.09807586669922 93 339.9212646484375
      vertex 94.62132263183594 93.62132263183594 258
      vertex 95.09807586669922 93 258
    endloop
  endfacet
  facet normal -0.793371745682766 -0.6087372873461654 -0.0004337588182242127
    outer loop
      vertex 94.62132263183594 93.62132263183594 339.9680480957031
      vertex 95.09807586669922 93 339.9212646484375
      vertex 94.71440887451172 93.5 339.9717712402344
    endloop
  endfacet
  facet normal -0.19741051945036808 -0.7367480777844494 0.6467080923347526
    outer loop
      vertex 93.56066131591797 93.33712005615234 255.87867736816406
      vertex 93.4942398071289 93.90030670166016 256.5
      vertex 92.5 93.62132263183594 255.87867736816406
    endloop
  endfacet
  facet normal -0.15588127527996964 -0.7836579025792687 0.6013163225309551
    outer loop
      vertex 93.4942398071289 93.90030670166016 256.5
      vertex 92.5 94.09807586669922 256.5
      vertex 92.5 93.62132263183594 255.87867736816406
    endloop
  endfacet
  facet normal -0.4563607767858875 0.6829960040267788 0.5703080745481635
    outer loop
      vertex 94.33712005615234 14.662882804870605 256.5
      vertex 93.56066131591797 14.662882804870605 255.87867736816406
      vertex 93.4942398071289 14.099691390991211 256.5
    endloop
  endfacet
  facet normal 0 0.7933542824400368 0.60876020117453
    outer loop
      vertex 92.5 14.378680229187012 255.87867736816406
      vertex -86.5 13.901924133300781 256.5
      vertex 92.5 13.901924133300781 256.5
    endloop
  endfacet
  facet normal 0 0.7933542824400368 0.60876020117453
    outer loop
      vertex -86.5 13.901924133300781 256.5
      vertex 92.5 14.378680229187012 255.87867736816406
      vertex -86.5 14.378680229187012 255.87867736816406
    endloop
  endfacet
  facet normal -0.9183320718111304 0.380381135324149 0.10943672954080884
    outer loop
      vertex 95.39777374267578 15.723543167114258 258
      vertex 95.25595092773438 15.604537963867188 257.2235412597656
      vertex 95.09807586669922 15 258
    endloop
  endfacet
  facet normal -0.8780678309222738 0.4473973745093619 0.16980127673719891
    outer loop
      vertex 95.09807586669922 15 258
      vertex 95.25595092773438 15.604537963867188 257.2235412597656
      vertex 94.84435272216797 14.796730041503906 257.2235412597656
    endloop
  endfacet
  facet normal -0.7933560467907059 0 0.6087579018137039
    outer loop
      vertex 94.62132263183594 16.5 255.87867736816406
      vertex 95.09807586669922 91.5 256.5
      vertex 94.62132263183594 91.5 255.87867736816406
    endloop
  endfacet
  facet normal -0.7933560467907059 0 0.6087579018137039
    outer loop
      vertex 95.09807586669922 91.5 256.5
      vertex 94.62132263183594 16.5 255.87867736816406
      vertex 95.09807586669922 16.5 256.5
    endloop
  endfacet
  facet normal 0.3826804604958137 0 0.9238807634942465
    outer loop
      vertex -88 91.5 255.40191650390625
      vertex -87.27645874023438 16.5 255.1022186279297
      vertex -87.27645874023438 91.5 255.1022186279297
    endloop
  endfacet
  facet normal 0.3826804604958137 0 0.9238807634942465
    outer loop
      vertex -87.27645874023438 16.5 255.1022186279297
      vertex -88 91.5 255.40191650390625
      vertex -88 16.5 255.40191650390625
    endloop
  endfacet
  facet normal 0.1294291203935906 0.9831053888512071 0.1294291203935906
    outer loop
      vertex -86.5 13.5 258
      vertex -86.5 13.60222339630127 257.2235412597656
      vertex -87.27645874023438 13.60222339630127 258
    endloop
  endfacet
  facet normal 0.6087547389096183 0.7933584653804655 -0.00011517046036019481
    outer loop
      vertex -88 13.901924133300781 339.9212646484375
      vertex -88.62132263183594 14.378680229187012 339.9680480957031
      vertex -88.5 14.285588264465332 339.9717712402344
    endloop
  endfacet
  facet normal 0.60876020117453 0.7933542824400369 0
    outer loop
      vertex -88.62132263183594 14.378680229187012 258
      vertex -88 13.901924133300781 339.9212646484375
      vertex -88 13.901924133300781 258
    endloop
  endfacet
  facet normal 0.60876020117453 0.7933542824400367 0
    outer loop
      vertex -88 13.901924133300781 339.9212646484375
      vertex -88.62132263183594 14.378680229187012 258
      vertex -88.62132263183594 14.378680229187012 339.9680480957031
    endloop
  endfacet
  facet normal 0.6057441069494627 -0.7894283566987844 0.09938282817395985
    outer loop
      vertex -88.2032699584961 93.84435272216797 257.2235412597656
      vertex -88 94.09807586669922 258
      vertex -88.62132263183594 93.62132263183594 258
    endloop
  endfacet
  facet normal 0.129423285231074 -0.129423285231074 0.9831069252527886
    outer loop
      vertex -86.5 91.5 255
      vertex -86.5 92.27645874023438 255.1022186279297
      vertex -87.27645874023438 91.5 255.1022186279297
    endloop
  endfacet
  facet normal 0.9831044669793143 -0.12943262147796872 0.12943262147796872
    outer loop
      vertex -89.39777374267578 91.5 257.2235412597656
      vertex -89.39777374267578 92.27645874023438 258
      vertex -89.5 91.5 258
    endloop
  endfacet
  facet normal 1 0 0
    outer loop
      vertex -89.5 16.5 339.80517578125
      vertex -89.5 91.5 258
      vertex -89.5 91.5 339.80517578125
    endloop
  endfacet
  facet normal 1 0 0
    outer loop
      vertex -89.5 91.5 258
      vertex -89.5 16.5 339.80517578125
      vertex -89.5 16.5 258
    endloop
  endfacet
  facet normal -0.3779616271886687 0.15655653698160543 0.9124883884747361
    outer loop
      vertex 93.56066131591797 15.439340591430664 255.40191650390625
      vertex 94 16.5 255.40191650390625
      vertex 93.27645874023438 16.5 255.1022186279297
    endloop
  endfacet
  facet normal -0.5113801094030168 0.21182017763260133 0.8328400783191523
    outer loop
      vertex 94.33712005615234 15.439340591430664 255.87867736816406
      vertex 94 16.5 255.40191650390625
      vertex 93.56066131591797 15.439340591430664 255.40191650390625
    endloop
  endfacet
  facet normal -0.7933546929629444 0.6087596661685729 0
    outer loop
      vertex 94.62132263183594 14.378680229187012 258
      vertex 95.09807586669922 15 339.9212646484375
      vertex 95.09807586669922 15 258
    endloop
  endfacet
  facet normal -0.7933546929629444 0.6087596661685729 0
    outer loop
      vertex 95.09807586669922 15 339.9212646484375
      vertex 94.62132263183594 14.378680229187012 258
      vertex 94.62132263183594 14.378680229187012 339.9680480957031
    endloop
  endfacet
  facet normal -0.7933664609247447 0.6087442428582465 -0.00032475634826581164
    outer loop
      vertex 95.09807586669922 15 339.9212646484375
      vertex 94.62132263183594 14.378680229187012 339.9680480957031
      vertex 94.71440887451172 14.5 339.9717712402344
    endloop
  endfacet
  facet normal 0.19740979759526275 0.7367453837772466 0.6467113817587525
    outer loop
      vertex -87.4942398071289 14.099691390991211 256.5
      vertex -86.5 14.378680229187012 255.87867736816406
      vertex -87.56066131591797 14.662882804870605 255.87867736816406
    endloop
  endfacet
  facet normal 0.4563607767858875 0.6829960040267788 0.5703080745481635
    outer loop
      vertex -87.4942398071289 14.099691390991211 256.5
      vertex -87.56066131591797 14.662882804870605 255.87867736816406
      vertex -88.33712005615234 14.662882804870605 256.5
    endloop
  endfacet
  facet normal 0.78942708016781 0.6057459167381941 0.09938193725587571
    outer loop
      vertex -88.62132263183594 14.378680229187012 258
      vertex -88.84435272216797 14.796730041503906 257.2235412597656
      vertex -89.09807586669922 15 258
    endloop
  endfacet
  facet normal 0.4473973745093619 -0.8780678309222738 0.16980127673719891
    outer loop
      vertex -87.39546203613281 94.25595092773438 257.2235412597656
      vertex -88 94.09807586669922 258
      vertex -88.2032699584961 93.84435272216797 257.2235412597656
    endloop
  endfacet
  facet normal 0.21181981381456516 -0.5113801506632333 0.8328401455160599
    outer loop
      vertex -86.5 93 255.40191650390625
      vertex -87.56066131591797 93.33712005615234 255.87867736816406
      vertex -87.56066131591797 92.56066131591797 255.40191650390625
    endloop
  endfacet
  facet normal 0.21254118066299987 -0.21254118066299987 0.9537570408886931
    outer loop
      vertex -87.27645874023438 91.5 255.1022186279297
      vertex -86.5 92.27645874023438 255.1022186279297
      vertex -87.56066131591797 92.56066131591797 255.40191650390625
    endloop
  endfacet
  facet normal 0.7367477554921013 0.19741078808926066 0.6467083774958601
    outer loop
      vertex -88.33712005615234 15.439340591430664 255.87867736816406
      vertex -88.62132263183594 16.5 255.87867736816406
      vertex -88.90030670166016 15.505760192871094 256.5
    endloop
  endfacet
  facet normal 0.3779616438474456 -0.15655626235195008 0.9124884286929473
    outer loop
      vertex -87.27645874023438 91.5 255.1022186279297
      vertex -87.56066131591797 92.56066131591797 255.40191650390625
      vertex -88 91.5 255.40191650390625
    endloop
  endfacet
  facet normal 0.6829981251963165 0.4563598792582814 0.5703062524483522
    outer loop
      vertex -88.33712005615234 14.662882804870605 256.5
      vertex -88.33712005615234 15.439340591430664 255.87867736816406
      vertex -88.90030670166016 15.505760192871094 256.5
    endloop
  endfacet
  facet normal -0.21182087260741392 0.5113804867131863 0.8328396698865986
    outer loop
      vertex 93.56066131591797 14.662882804870605 255.87867736816406
      vertex 93.56066131591797 15.439340591430664 255.40191650390625
      vertex 92.5 15 255.40191650390625
    endloop
  endfacet
  facet normal -0.4636201949858314 0.4636207644213889 0.7550576809745245
    outer loop
      vertex 94.33712005615234 15.439340591430664 255.87867736816406
      vertex 93.56066131591797 15.439340591430664 255.40191650390625
      vertex 93.56066131591797 14.662882804870605 255.87867736816406
    endloop
  endfacet
  facet normal -0.9914442374123394 0.130530931590426 0
    outer loop
      vertex 95.39777374267578 15.723543167114258 258
      vertex 95.5 16.5 339.80517578125
      vertex 95.5 16.5 258
    endloop
  endfacet
  facet normal -0.9914442374123396 0.130530931590426 0
    outer loop
      vertex 95.5 16.5 339.80517578125
      vertex 95.39777374267578 15.723543167114258 258
      vertex 95.39777374267578 15.723543167114258 339.8475341796875
    endloop
  endfacet
  facet normal 0.3803849016699666 0.9183299771150026 0.1094412157895217
    outer loop
      vertex -87.27645874023438 13.60222339630127 258
      vertex -87.39546203613281 13.744050025939941 257.2235412597656
      vertex -88 13.901924133300781 258
    endloop
  endfacet
  facet normal 0.177543690647275 0.8925694111732786 0.41448532440742886
    outer loop
      vertex -87.39546203613281 13.744050025939941 257.2235412597656
      vertex -86.5 13.901924133300781 256.5
      vertex -87.4942398071289 14.099691390991211 256.5
    endloop
  endfacet
  facet normal 0.3779616271886687 0.15655653698160543 0.9124883884747361
    outer loop
      vertex -87.56066131591797 15.439340591430664 255.40191650390625
      vertex -87.27645874023438 16.5 255.1022186279297
      vertex -88 16.5 255.40191650390625
    endloop
  endfacet
  facet normal 0.1609901560140616 0.6008250640128557 0.7830015403053279
    outer loop
      vertex -86.5 14.378680229187012 255.87867736816406
      vertex -86.5 15 255.40191650390625
      vertex -87.56066131591797 14.662882804870605 255.87867736816406
    endloop
  endfacet
  facet normal 0.3826959120774541 -0.9238743460535689 0.00017771689788347278
    outer loop
      vertex -88 94.09807586669922 339.9212646484375
      vertex -87.27645874023438 94.39777374267578 339.8475341796875
      vertex -87.56935119628906 94.27645874023438 339.89776611328125
    endloop
  endfacet
  facet normal 0.3826804604958137 -0.9238807634942464 0
    outer loop
      vertex -88 94.09807586669922 258
      vertex -87.27645874023438 94.39777374267578 339.8475341796875
      vertex -88 94.09807586669922 339.9212646484375
    endloop
  endfacet
  facet normal 0.3826804604958137 -0.9238807634942464 0
    outer loop
      vertex -87.27645874023438 94.39777374267578 339.8475341796875
      vertex -88 94.09807586669922 258
      vertex -87.27645874023438 94.39777374267578 258
    endloop
  endfacet
  facet normal 0.1545501772050519 -0.9758219537660413 0.1545501772050519
    outer loop
      vertex -86.5 94.39777374267578 257.2235412597656
      vertex -87.27645874023438 94.39777374267578 258
      vertex -87.39546203613281 94.25595092773438 257.2235412597656
    endloop
  endfacet
  facet normal 0.14478202884536664 -0.9141463621271012 0.37864837611325647
    outer loop
      vertex -86.5 94.09807586669922 256.5
      vertex -86.5 94.39777374267578 257.2235412597656
      vertex -87.39546203613281 94.25595092773438 257.2235412597656
    endloop
  endfacet
  facet normal 0.46362031738253223 -0.46362031738253223 0.7550578803113309
    outer loop
      vertex -87.56066131591797 92.56066131591797 255.40191650390625
      vertex -87.56066131591797 93.33712005615234 255.87867736816406
      vertex -88.33712005615234 92.56066131591797 255.87867736816406
    endloop
  endfacet
  facet normal 0.5298711542142587 -0.5298711542142587 0.662173028643797
    outer loop
      vertex -87.56066131591797 93.33712005615234 255.87867736816406
      vertex -88.33712005615234 93.33712005615234 256.5
      vertex -88.33712005615234 92.56066131591797 255.87867736816406
    endloop
  endfacet
  facet normal 0.5113801094030168 0.21182017763260133 0.8328400783191523
    outer loop
      vertex -87.56066131591797 15.439340591430664 255.40191650390625
      vertex -88 16.5 255.40191650390625
      vertex -88.33712005615234 15.439340591430664 255.87867736816406
    endloop
  endfacet
  facet normal 0.6642639673533278 -0.6642639673533278 0.3427925952409619
    outer loop
      vertex -88.33712005615234 93.33712005615234 256.5
      vertex -88.2032699584961 93.84435272216797 257.2235412597656
      vertex -88.84435272216797 93.2032699584961 257.2235412597656
    endloop
  endfacet
  facet normal 0.13052104055558153 0 0.9914455395896884
    outer loop
      vertex -87.27645874023438 91.5 255.1022186279297
      vertex -86.5 16.5 255
      vertex -86.5 91.5 255
    endloop
  endfacet
  facet normal 0.13052104055558153 0 0.9914455395896884
    outer loop
      vertex -86.5 16.5 255
      vertex -87.27645874023438 91.5 255.1022186279297
      vertex -87.27645874023438 16.5 255.1022186279297
    endloop
  endfacet
  facet normal 0.12942327990569488 0.12942359783105212 0.983106884800894
    outer loop
      vertex -86.5 15.723543167114258 255.1022186279297
      vertex -86.5 16.5 255
      vertex -87.27645874023438 16.5 255.1022186279297
    endloop
  endfacet
  facet normal 0.7836579025792687 0.15588127527996964 0.6013163225309551
    outer loop
      vertex -88.90030670166016 15.505760192871094 256.5
      vertex -88.62132263183594 16.5 255.87867736816406
      vertex -89.09807586669922 16.5 256.5
    endloop
  endfacet
  facet normal 0.382684805206224 0.9238789637530554 0.000014101591321338172
    outer loop
      vertex -87.27645874023438 13.60222339630127 339.8475341796875
      vertex -88 13.901924133300781 339.9212646484375
      vertex -87.56935119628906 13.723543167114258 339.89776611328125
    endloop
  endfacet
  facet normal 0.38268357870253084 0.9238794718963202 0
    outer loop
      vertex -88 13.901924133300781 258
      vertex -87.27645874023438 13.60222339630127 339.8475341796875
      vertex -87.27645874023438 13.60222339630127 258
    endloop
  endfacet
  facet normal 0.38268357870253084 0.9238794718963204 0
    outer loop
      vertex -87.27645874023438 13.60222339630127 339.8475341796875
      vertex -88 13.901924133300781 258
      vertex -88 13.901924133300781 339.9212646484375
    endloop
  endfacet
  facet normal 0.15455413564277082 0.9758206998785341 0.15455413564277082
    outer loop
      vertex -87.27645874023438 13.60222339630127 258
      vertex -86.5 13.60222339630127 257.2235412597656
      vertex -87.39546203613281 13.744050025939941 257.2235412597656
    endloop
  endfacet
  facet normal 0.1305270254677345 0.9914447516743156 0
    outer loop
      vertex -87.27645874023438 13.60222339630127 258
      vertex -86.5 13.5 339.80517578125
      vertex -86.5 13.5 258
    endloop
  endfacet
  facet normal 0.1305270254677345 0.9914447516743154 0
    outer loop
      vertex -86.5 13.5 339.80517578125
      vertex -87.27645874023438 13.60222339630127 258
      vertex -87.27645874023438 13.60222339630127 339.8475341796875
    endloop
  endfacet
  facet normal 0.424948353893765 0.8340071624632601 0.3519246360841492
    outer loop
      vertex -87.39546203613281 13.744050025939941 257.2235412597656
      vertex -87.4942398071289 14.099691390991211 256.5
      vertex -88.2032699584961 14.155649185180664 257.2235412597656
    endloop
  endfacet
  facet normal 0.4249470337973131 -0.8340065040221933 0.3519277904848447
    outer loop
      vertex -87.4942398071289 93.90030670166016 256.5
      vertex -87.39546203613281 94.25595092773438 257.2235412597656
      vertex -88.2032699584961 93.84435272216797 257.2235412597656
    endloop
  endfacet
  facet normal 0.17754510645041302 -0.8925679205809148 0.4144879278403333
    outer loop
      vertex -86.5 94.09807586669922 256.5
      vertex -87.39546203613281 94.25595092773438 257.2235412597656
      vertex -87.4942398071289 93.90030670166016 256.5
    endloop
  endfacet
  facet normal 0.8340065040221933 -0.4249470337973131 0.3519277904848447
    outer loop
      vertex -88.90030670166016 92.4942398071289 256.5
      vertex -88.84435272216797 93.2032699584961 257.2235412597656
      vertex -89.25595092773438 92.39546203613281 257.2235412597656
    endloop
  endfacet
  facet normal 0.793371745682766 -0.6087372873461654 -0.0004337588182242127
    outer loop
      vertex -89.09807586669922 93 339.9212646484375
      vertex -88.62132263183594 93.62132263183594 339.9680480957031
      vertex -88.71440887451172 93.5 339.9717712402344
    endloop
  endfacet
  facet normal 0.7933560467907059 -0.6087579018137039 0
    outer loop
      vertex -88.62132263183594 93.62132263183594 339.9680480957031
      vertex -89.09807586669922 93 339.9212646484375
      vertex -88.62132263183594 93.62132263183594 258
    endloop
  endfacet
  facet normal 0.7933560467907059 -0.6087579018137039 0
    outer loop
      vertex -88.62132263183594 93.62132263183594 258
      vertex -89.09807586669922 93 339.9212646484375
      vertex -89.09807586669922 93 258
    endloop
  endfacet
  facet normal 0.7933560467907059 0 0.6087579018137039
    outer loop
      vertex -89.09807586669922 16.5 256.5
      vertex -88.62132263183594 91.5 255.87867736816406
      vertex -89.09807586669922 91.5 256.5
    endloop
  endfacet
  facet normal 0.7933560467907059 0 0.6087579018137039
    outer loop
      vertex -88.62132263183594 91.5 255.87867736816406
      vertex -89.09807586669922 16.5 256.5
      vertex -88.62132263183594 16.5 255.87867736816406
    endloop
  endfacet
  facet normal 0.9758220110220148 0.15455018627322342 0.1545498066251221
    outer loop
      vertex -89.25595092773438 15.604537963867188 257.2235412597656
      vertex -89.39777374267578 16.5 257.2235412597656
      vertex -89.39777374267578 15.723543167114258 258
    endloop
  endfacet
  facet normal 0.4563589743424508 -0.682999089211375 0.5703058220582518
    outer loop
      vertex -87.56066131591797 93.33712005615234 255.87867736816406
      vertex -87.4942398071289 93.90030670166016 256.5
      vertex -88.33712005615234 93.33712005615234 256.5
    endloop
  endfacet
  facet normal 0.5113801506632333 -0.21181981381456516 0.8328401455160599
    outer loop
      vertex -88 91.5 255.40191650390625
      vertex -87.56066131591797 92.56066131591797 255.40191650390625
      vertex -88.33712005615234 92.56066131591797 255.87867736816406
    endloop
  endfacet
  facet normal 0.6008233398042799 0.16098998351744034 0.7830028988155057
    outer loop
      vertex -88.33712005615234 15.439340591430664 255.87867736816406
      vertex -88 16.5 255.40191650390625
      vertex -88.62132263183594 16.5 255.87867736816406
    endloop
  endfacet
  facet normal 0.664262580461256 0.6642645567803305 0.34279414056308594
    outer loop
      vertex -88.2032699584961 14.155649185180664 257.2235412597656
      vertex -88.33712005615234 14.662882804870605 256.5
      vertex -88.84435272216797 14.796730041503906 257.2235412597656
    endloop
  endfacet
  facet normal 0.6962108978627733 0.6962129692347244 0.17486534009482774
    outer loop
      vertex -88.62132263183594 14.378680229187012 258
      vertex -88.2032699584961 14.155649185180664 257.2235412597656
      vertex -88.84435272216797 14.796730041503906 257.2235412597656
    endloop
  endfacet
  facet normal 0.9914442374123396 0.130530931590426 0
    outer loop
      vertex -89.39777374267578 15.723543167114258 258
      vertex -89.5 16.5 339.80517578125
      vertex -89.39777374267578 15.723543167114258 339.8475341796875
    endloop
  endfacet
  facet normal 0.9914442374123394 0.130530931590426 0
    outer loop
      vertex -89.5 16.5 339.80517578125
      vertex -89.39777374267578 15.723543167114258 258
      vertex -89.5 16.5 258
    endloop
  endfacet
  facet normal 0.19741051945036808 -0.7367480777844494 0.6467080923347526
    outer loop
      vertex -86.5 93.62132263183594 255.87867736816406
      vertex -87.4942398071289 93.90030670166016 256.5
      vertex -87.56066131591797 93.33712005615234 255.87867736816406
    endloop
  endfacet
  facet normal 0.16098970151825256 -0.6008233678068247 0.7830029353088844
    outer loop
      vertex -86.5 93 255.40191650390625
      vertex -86.5 93.62132263183594 255.87867736816406
      vertex -87.56066131591797 93.33712005615234 255.87867736816406
    endloop
  endfacet
  facet normal 0.7495566479647616 -0.5008306870097465 0.432820348922247
    outer loop
      vertex -88.33712005615234 93.33712005615234 256.5
      vertex -88.84435272216797 93.2032699584961 257.2235412597656
      vertex -88.90030670166016 92.4942398071289 256.5
    endloop
  endfacet
  facet normal 0.8780678309222738 -0.4473973745093619 0.16980127673719891
    outer loop
      vertex -88.84435272216797 93.2032699584961 257.2235412597656
      vertex -89.09807586669922 93 258
      vertex -89.25595092773438 92.39546203613281 257.2235412597656
    endloop
  endfacet
  facet normal 0.9238807634942465 0 0.3826804604958137
    outer loop
      vertex -89.39777374267578 16.5 257.2235412597656
      vertex -89.09807586669922 91.5 256.5
      vertex -89.39777374267578 91.5 257.2235412597656
    endloop
  endfacet
  facet normal 0.9238807634942465 0 0.3826804604958137
    outer loop
      vertex -89.09807586669922 91.5 256.5
      vertex -89.39777374267578 16.5 257.2235412597656
      vertex -89.09807586669922 16.5 256.5
    endloop
  endfacet
  facet normal 0.9758219537660413 -0.1545501772050519 0.1545501772050519
    outer loop
      vertex -89.25595092773438 92.39546203613281 257.2235412597656
      vertex -89.39777374267578 92.27645874023438 258
      vertex -89.39777374267578 91.5 257.2235412597656
    endloop
  endfacet
  facet normal 0.7836579025792687 -0.15588127527996964 0.6013163225309551
    outer loop
      vertex -88.62132263183594 91.5 255.87867736816406
      vertex -88.90030670166016 92.4942398071289 256.5
      vertex -89.09807586669922 91.5 256.5
    endloop
  endfacet
  facet normal 0.6087640334084831 0 0.7933513418582181
    outer loop
      vertex -88.62132263183594 91.5 255.87867736816406
      vertex -88 16.5 255.40191650390625
      vertex -88 91.5 255.40191650390625
    endloop
  endfacet
  facet normal 0.6087640334084831 0 0.7933513418582181
    outer loop
      vertex -88 16.5 255.40191650390625
      vertex -88.62132263183594 91.5 255.87867736816406
      vertex -88.62132263183594 16.5 255.87867736816406
    endloop
  endfacet
  facet normal 0.9238743460535689 -0.3826959120774541 0.00017771689788347278
    outer loop
      vertex -89.39777374267578 92.27645874023438 339.8475341796875
      vertex -89.09807586669922 93 339.9212646484375
      vertex -89.27645874023438 92.56935119628906 339.89776611328125
    endloop
  endfacet
  facet normal 0.9238807634942464 -0.3826804604958137 0
    outer loop
      vertex -89.09807586669922 93 339.9212646484375
      vertex -89.39777374267578 92.27645874023438 339.8475341796875
      vertex -89.09807586669922 93 258
    endloop
  endfacet
  facet normal 0.9238807634942464 -0.3826804604958137 0
    outer loop
      vertex -89.09807586669922 93 258
      vertex -89.39777374267578 92.27645874023438 339.8475341796875
      vertex -89.39777374267578 92.27645874023438 258
    endloop
  endfacet
  facet normal 0.7894283566987844 -0.6057441069494627 0.09938282817395985
    outer loop
      vertex -88.84435272216797 93.2032699584961 257.2235412597656
      vertex -88.62132263183594 93.62132263183594 258
      vertex -89.09807586669922 93 258
    endloop
  endfacet
  facet normal 0.21254105671300658 0.21254157881530095 0.9537569797836436
    outer loop
      vertex -86.5 15.723543167114258 255.1022186279297
      vertex -87.27645874023438 16.5 255.1022186279297
      vertex -87.56066131591797 15.439340591430664 255.40191650390625
    endloop
  endfacet
  facet normal 0.15655658173637257 0.3779607740304284 0.9124887341821498
    outer loop
      vertex -86.5 15 255.40191650390625
      vertex -86.5 15.723543167114258 255.1022186279297
      vertex -87.56066131591797 15.439340591430664 255.40191650390625
    endloop
  endfacet
  facet normal 0.7933664609247447 0.6087442428582465 -0.00032475634826581164
    outer loop
      vertex -88.62132263183594 14.378680229187012 339.9680480957031
      vertex -89.09807586669922 15 339.9212646484375
      vertex -88.71440887451172 14.5 339.9717712402344
    endloop
  endfacet
  facet normal 0.7933546929629444 0.6087596661685729 0
    outer loop
      vertex -88.62132263183594 14.378680229187012 258
      vertex -89.09807586669922 15 339.9212646484375
      vertex -88.62132263183594 14.378680229187012 339.9680480957031
    endloop
  endfacet
  facet normal 0.7933546929629444 0.6087596661685729 0
    outer loop
      vertex -89.09807586669922 15 339.9212646484375
      vertex -88.62132263183594 14.378680229187012 258
      vertex -89.09807586669922 15 258
    endloop
  endfacet
  facet normal 0.8925679205809148 0.17754510645041302 0.4144879278403333
    outer loop
      vertex -88.90030670166016 15.505760192871094 256.5
      vertex -89.09807586669922 16.5 256.5
      vertex -89.25595092773438 15.604537963867188 257.2235412597656
    endloop
  endfacet
  facet normal 0.7495554693279941 0.5008315994741367 0.43282133423465674
    outer loop
      vertex -88.84435272216797 14.796730041503906 257.2235412597656
      vertex -88.33712005615234 14.662882804870605 256.5
      vertex -88.90030670166016 15.505760192871094 256.5
    endloop
  endfacet
  facet normal 0.7367480777844494 -0.19741051945036808 0.6467080923347526
    outer loop
      vertex -88.62132263183594 91.5 255.87867736816406
      vertex -88.33712005615234 92.56066131591797 255.87867736816406
      vertex -88.90030670166016 92.4942398071289 256.5
    endloop
  endfacet
  facet normal 0.6008233678068247 -0.16098970151825256 0.7830029353088844
    outer loop
      vertex -88 91.5 255.40191650390625
      vertex -88.33712005615234 92.56066131591797 255.87867736816406
      vertex -88.62132263183594 91.5 255.87867736816406
    endloop
  endfacet
  facet normal 0.9141463621271012 0.14478202884536664 0.37864837611325647
    outer loop
      vertex -89.25595092773438 15.604537963867188 257.2235412597656
      vertex -89.09807586669922 16.5 256.5
      vertex -89.39777374267578 16.5 257.2235412597656
    endloop
  endfacet
  facet normal 0.9914442789083515 -0.13053061640817712 0
    outer loop
      vertex -89.5 91.5 339.80517578125
      vertex -89.39777374267578 92.27645874023438 258
      vertex -89.39777374267578 92.27645874023438 339.8475341796875
    endloop
  endfacet
  facet normal 0.9914442789083515 -0.13053061640817712 0
    outer loop
      vertex -89.39777374267578 92.27645874023438 258
      vertex -89.5 91.5 339.80517578125
      vertex -89.5 91.5 258
    endloop
  endfacet
  facet normal 0.6087372873461654 -0.793371745682766 -0.0004337588182242127
    outer loop
      vertex -88.62132263183594 93.62132263183594 339.9680480957031
      vertex -88 94.09807586669922 339.9212646484375
      vertex -88.5 93.71440887451172 339.9717712402344
    endloop
  endfacet
  facet normal 0.6087579018137039 -0.7933560467907059 0
    outer loop
      vertex -88.62132263183594 93.62132263183594 258
      vertex -88 94.09807586669922 339.9212646484375
      vertex -88.62132263183594 93.62132263183594 339.9680480957031
    endloop
  endfacet
  facet normal 0.6087579018137039 -0.7933560467907059 0
    outer loop
      vertex -88 94.09807586669922 339.9212646484375
      vertex -88.62132263183594 93.62132263183594 258
      vertex -88 94.09807586669922 258
    endloop
  endfacet
  facet normal 0.4636201949858314 0.4636207644213889 0.7550576809745245
    outer loop
      vertex -87.56066131591797 14.662882804870605 255.87867736816406
      vertex -87.56066131591797 15.439340591430664 255.40191650390625
      vertex -88.33712005615234 15.439340591430664 255.87867736816406
    endloop
  endfacet
  facet normal 0.5298709714913029 0.5298716222985268 0.6621728002973167
    outer loop
      vertex -87.56066131591797 14.662882804870605 255.87867736816406
      vertex -88.33712005615234 15.439340591430664 255.87867736816406
      vertex -88.33712005615234 14.662882804870605 256.5
    endloop
  endfacet
  facet normal 0.6057463487797 0.7894265409426996 0.09938358715253809
    outer loop
      vertex -88 13.901924133300781 258
      vertex -88.2032699584961 14.155649185180664 257.2235412597656
      vertex -88.62132263183594 14.378680229187012 258
    endloop
  endfacet
  facet normal 0.4473980603901534 0.8780671425564331 0.1698030291894384
    outer loop
      vertex -88 13.901924133300781 258
      vertex -87.39546203613281 13.744050025939941 257.2235412597656
      vertex -88.2032699584961 14.155649185180664 257.2235412597656
    endloop
  endfacet
  facet normal 0.9238752272403196 0.3826937912353057 0.0001632225357024766
    outer loop
      vertex -89.09807586669922 15 339.9212646484375
      vertex -89.39777374267578 15.723543167114258 339.8475341796875
      vertex -89.27645874023438 15.43065071105957 339.89776611328125
    endloop
  endfacet
  facet normal 0.923881120153762 0.3826795994346052 0
    outer loop
      vertex -89.39777374267578 15.723543167114258 339.8475341796875
      vertex -89.09807586669922 15 339.9212646484375
      vertex -89.09807586669922 15 258
    endloop
  endfacet
  facet normal 0.923881120153762 0.3826795994346052 0
    outer loop
      vertex -89.39777374267578 15.723543167114258 339.8475341796875
      vertex -89.09807586669922 15 258
      vertex -89.39777374267578 15.723543167114258 258
    endloop
  endfacet
  facet normal 0.9831044265216845 0.12943293409972856 0.12943261615143703
    outer loop
      vertex -89.39777374267578 15.723543167114258 258
      vertex -89.39777374267578 16.5 257.2235412597656
      vertex -89.5 16.5 258
    endloop
  endfacet
  facet normal 0.9914442789083516 0 0.13053061640817715
    outer loop
      vertex -89.5 16.5 258
      vertex -89.39777374267578 91.5 257.2235412597656
      vertex -89.5 91.5 258
    endloop
  endfacet
  facet normal 0.9914442789083516 0 0.13053061640817715
    outer loop
      vertex -89.39777374267578 91.5 257.2235412597656
      vertex -89.5 16.5 258
      vertex -89.39777374267578 16.5 257.2235412597656
    endloop
  endfacet
  facet normal 0.8780678309222738 0.4473973745093619 0.16980127673719891
    outer loop
      vertex -89.09807586669922 15 258
      vertex -88.84435272216797 14.796730041503906 257.2235412597656
      vertex -89.25595092773438 15.604537963867188 257.2235412597656
    endloop
  endfacet
  facet normal 0.9183320718111304 0.380381135324149 0.10943672954080884
    outer loop
      vertex -89.09807586669922 15 258
      vertex -89.25595092773438 15.604537963867188 257.2235412597656
      vertex -89.39777374267578 15.723543167114258 258
    endloop
  endfacet
  facet normal 0.9410749572425184 0.08753178360564767 -0.3266743205545949
    outer loop
      vertex 85.5 8.956236839294434 228
      vertex 84.98271942138672 14.517642974853516 228
      vertex 85.5 14.42751407623291 229.4660186767578
    endloop
  endfacet
  facet normal 0.9410746821310341 0.08753227315660046 -0.32667498191323363
    outer loop
      vertex 95.55286407470703 -91.65975189208984 230
      vertex 89.5 -34.0484619140625 228
      vertex 89.5 -26.58435821533203 230
    endloop
  endfacet
  facet normal 0.94107490752864 0.08753231981311395 -0.3266743200928052
    outer loop
      vertex 89.5 -34.0484619140625 228
      vertex 95.55286407470703 -91.65975189208984 230
      vertex 94.76593017578125 -90.66337585449219 228
    endloop
  endfacet
  facet normal 0 -0.8950749935340824 -0.4459156377051184
    outer loop
      vertex -94.76593017578125 -90.66337585449219 228
      vertex -88.97106170654297 -91.65975189208984 230
      vertex -95.55286407470703 -91.65975189208984 230
    endloop
  endfacet
  facet normal -4.6390626825030283e-7 -0.8950755300163261 -0.4459145608362412
    outer loop
      vertex -88.97106170654297 -91.65975189208984 230
      vertex -94.76593017578125 -90.66337585449219 228
      vertex -89.32962799072266 -90.79409790039062 228.26239013671875
    endloop
  endfacet
  facet normal 0 -0.8950716938313479 -0.4459222610521724
    outer loop
      vertex -89.32962799072266 -90.79409790039062 228.26239013671875
      vertex -94.76593017578125 -90.66337585449219 228
      vertex -89.34683990478516 -90.66337585449219 228
    endloop
  endfacet
  facet normal 4.6390626825030283e-7 -0.8950755300163261 -0.4459145608362412
    outer loop
      vertex 94.76593017578125 -90.66337585449219 228
      vertex 88.97106170654297 -91.65975189208984 230
      vertex 89.32962799072266 -90.79409790039062 228.26239013671875
    endloop
  endfacet
  facet normal 0 -0.8950716938313479 -0.4459222610521724
    outer loop
      vertex 94.76593017578125 -90.66337585449219 228
      vertex 89.32962799072266 -90.79409790039062 228.26239013671875
      vertex 89.34683990478516 -90.66337585449219 228
    endloop
  endfacet
  facet normal 0 -0.8950749935340824 -0.4459156377051184
    outer loop
      vertex 88.97106170654297 -91.65975189208984 230
      vertex 94.76593017578125 -90.66337585449219 228
      vertex 95.55286407470703 -91.65975189208984 230
    endloop
  endfacet
  facet normal 0.000005782650647299453 0.9981156509502739 0.06136079607267168
    outer loop
      vertex 84.98271942138672 14.517642974853516 228
      vertex 85.5 14.394686698913574 230
      vertex 85.5 14.42751407623291 229.4660186767578
    endloop
  endfacet
  facet normal 0 0.9981155593659615 0.06136228606867507
    outer loop
      vertex 85.5 14.394686698913574 230
      vertex 84.98271942138672 14.517642974853516 228
      vertex -85.5 14.394686698913574 230
    endloop
  endfacet
  facet normal 0 0.9981155593659614 0.06136228606867506
    outer loop
      vertex -84.98271942138672 14.517642974853516 228
      vertex -85.5 14.394686698913574 230
      vertex 84.98271942138672 14.517642974853516 228
    endloop
  endfacet
  facet normal -0.000005782650647299453 0.9981156509502739 0.06136079607267168
    outer loop
      vertex -85.5 14.394686698913574 230
      vertex -84.98271942138672 14.517642974853516 228
      vertex -85.5 14.42751407623291 229.4660186767578
    endloop
  endfacet
  facet normal -0.94107490752864 0.08753231981311395 -0.3266743200928052
    outer loop
      vertex -95.55286407470703 -91.65975189208984 230
      vertex -89.5 -34.0484619140625 228
      vertex -94.76593017578125 -90.66337585449219 228
    endloop
  endfacet
  facet normal -0.9410746821310341 0.08753227315660046 -0.32667498191323363
    outer loop
      vertex -89.5 -34.0484619140625 228
      vertex -95.55286407470703 -91.65975189208984 230
      vertex -89.5 -26.58435821533203 230
    endloop
  endfacet
  facet normal -0.9410749572425184 0.08753178360564767 -0.3266743205545949
    outer loop
      vertex -84.98271942138672 14.517642974853516 228
      vertex -85.5 8.956236839294434 228
      vertex -85.5 14.42751407623291 229.4660186767578
    endloop
  endfacet
  facet normal -0.9429361479497483 -0.08618011463385575 0.3216277486961999
    outer loop
      vertex 92.23391723632812 -88.98284912109375 230
      vertex 89.5 -66.53388977050781 228
      vertex 91.4620361328125 -88.00142669677734 228
    endloop
  endfacet
  facet normal -0.9429359828521504 -0.0861800498589598 0.32162825007911877
    outer loop
      vertex 89.5 -66.53388977050781 228
      vertex 92.23391723632812 -88.98284912109375 230
      vertex 89.5 -59.06978988647461 230
    endloop
  endfacet
  facet normal -0.9429368914246713 -0.08618027640439184 0.32162552564938046
    outer loop
      vertex 82.2958755493164 12.289791107177734 228
      vertex 85.5 -15.303948402404785 230
      vertex 82.99039459228516 12.154765129089355 230
    endloop
  endfacet
  facet normal -0.94293604620382 -0.08617999315254794 0.3216280795417807
    outer loop
      vertex 85.5 -15.303948402404785 230
      vertex 82.2958755493164 12.289791107177734 228
      vertex 85.5 -22.768049240112305 228
    endloop
  endfacet
  facet normal 0 0.8977378709182556 0.4405300388386217
    outer loop
      vertex -91.4620361328125 -88.00142669677734 228
      vertex -89.5 -88.98284912109375 230
      vertex -89.5 -88.00142669677734 228
    endloop
  endfacet
  facet normal 0 0.8977378709182555 0.44053003883862163
    outer loop
      vertex -89.5 -88.98284912109375 230
      vertex -91.4620361328125 -88.00142669677734 228
      vertex -92.23391723632812 -88.98284912109375 230
    endloop
  endfacet
  facet normal 0 0.8977378709182555 0.44053003883862163
    outer loop
      vertex 91.4620361328125 -88.00142669677734 228
      vertex 89.5 -88.98284912109375 230
      vertex 92.23391723632812 -88.98284912109375 230
    endloop
  endfacet
  facet normal 0 0.8977378709182556 0.4405300388386217
    outer loop
      vertex 89.5 -88.98284912109375 230
      vertex 91.4620361328125 -88.00142669677734 228
      vertex 89.5 -88.00142669677734 228
    endloop
  endfacet
  facet normal 0 0.8977378709182555 0.4405300388386217
    outer loop
      vertex 84.82903289794922 -88.00142669677734 228
      vertex -84.07596588134766 -88.98284912109375 230
      vertex 84.07596588134766 -88.98284912109375 230
    endloop
  endfacet
  facet normal 0 0.8977378709182556 0.4405300388386217
    outer loop
      vertex -84.07596588134766 -88.98284912109375 230
      vertex 84.82903289794922 -88.00142669677734 228
      vertex -84.82903289794922 -88.00142669677734 228
    endloop
  endfacet
  facet normal 0 -0.99772875945483 -0.06735965080614667
    outer loop
      vertex -82.2958755493164 12.289791107177734 228
      vertex 82.99039459228516 12.154765129089355 230
      vertex -82.99039459228516 12.154765129089355 230
    endloop
  endfacet
  facet normal 0 -0.9977287594548299 -0.06735965080614667
    outer loop
      vertex 82.99039459228516 12.154765129089355 230
      vertex -82.2958755493164 12.289791107177734 228
      vertex 82.2958755493164 12.289791107177734 228
    endloop
  endfacet
  facet normal 0.9429368914246713 -0.08618027640439184 0.32162552564938046
    outer loop
      vertex -85.5 -15.303948402404785 230
      vertex -82.2958755493164 12.289791107177734 228
      vertex -82.99039459228516 12.154765129089355 230
    endloop
  endfacet
  facet normal 0.94293604620382 -0.08617999315254794 0.3216280795417807
    outer loop
      vertex -82.2958755493164 12.289791107177734 228
      vertex -85.5 -15.303948402404785 230
      vertex -85.5 -22.768049240112305 228
    endloop
  endfacet
  facet normal 0.9429359828521504 -0.0861800498589598 0.32162825007911877
    outer loop
      vertex -92.23391723632812 -88.98284912109375 230
      vertex -89.5 -66.53388977050781 228
      vertex -89.5 -59.06978988647461 230
    endloop
  endfacet
  facet normal 0.9429361479497483 -0.08618011463385575 0.3216277486961999
    outer loop
      vertex -89.5 -66.53388977050781 228
      vertex -92.23391723632812 -88.98284912109375 230
      vertex -91.4620361328125 -88.00142669677734 228
    endloop
  endfacet
  facet normal 0 0 -1
    outer loop
      vertex -89.5 -89.5 228
      vertex -91.4620361328125 -88.00142669677734 228
      vertex -89.5 -88.00142669677734 228
    endloop
  endfacet
  facet normal 0 0 -1
    outer loop
      vertex -89.34683990478516 -90.66337585449219 228
      vertex -91.4620361328125 -88.00142669677734 228
      vertex -89.5 -89.5 228
    endloop
  endfacet
  facet normal 0 0 -1
    outer loop
      vertex -91.4620361328125 -88.00142669677734 228
      vertex -89.34683990478516 -90.66337585449219 228
      vertex -94.76593017578125 -90.66337585449219 228
    endloop
  endfacet
  facet normal 0 0 -1
    outer loop
      vertex -94.76593017578125 -90.66337585449219 228
      vertex -89.5 -66.53388977050781 228
      vertex -91.4620361328125 -88.00142669677734 228
    endloop
  endfacet
  facet normal 0 0 -1
    outer loop
      vertex -89.5 -66.53388977050781 228
      vertex -94.76593017578125 -90.66337585449219 228
      vertex -89.5 -34.0484619140625 228
    endloop
  endfacet
  facet normal 0 0 -1
    outer loop
      vertex -86.5 -87 228
      vertex -85.5 -22.768049240112305 228
      vertex -85.5 -85.5 228
    endloop
  endfacet
  facet normal 0 0 -1
    outer loop
      vertex -85.5 -22.768049240112305 228
      vertex -86.5 -87 228
      vertex -85.5 8.956236839294434 228
    endloop
  endfacet
  facet normal 0 0 -1
    outer loop
      vertex -86.5 94.0372314453125 228
      vertex -85.5 8.956236839294434 228
      vertex -86.5 -87 228
    endloop
  endfacet
  facet normal 0 0 -1
    outer loop
      vertex -86.5 -87 228
      vertex -85.32962799072266 -86.79409790039062 228
      vertex -85.24433898925781 -87 228
    endloop
  endfacet
  facet normal 0 0 -1
    outer loop
      vertex -86.5 -87 228
      vertex -85.5 -85.5 228
      vertex -85.32962799072266 -86.79409790039062 228
    endloop
  endfacet
  facet normal 0 0 -1
    outer loop
      vertex -85.5 8.956236839294434 228
      vertex -86.5 94.0372314453125 228
      vertex -85.5 85.5 228
    endloop
  endfacet
  facet normal 0 0 -1
    outer loop
      vertex -85.5 85.5 228
      vertex -86.5 94.0372314453125 228
      vertex -85.79409790039062 94.32962799072266 228
    endloop
  endfacet
  facet normal 0 0 -1
    outer loop
      vertex 82.2958755493164 12.289791107177734 228
      vertex 85.5 8.956236839294434 228
      vertex 85.5 -22.768049240112305 228
    endloop
  endfacet
  facet normal 0 0 -1
    outer loop
      vertex 85.5 8.956236839294434 228
      vertex 82.2958755493164 12.289791107177734 228
      vertex 84.98271942138672 14.517642974853516 228
    endloop
  endfacet
  facet normal 0 0 -1
    outer loop
      vertex -82.2958755493164 12.289791107177734 228
      vertex 84.98271942138672 14.517642974853516 228
      vertex 82.2958755493164 12.289791107177734 228
    endloop
  endfacet
  facet normal 0 0 -1
    outer loop
      vertex -82.2958755493164 12.289791107177734 228
      vertex -84.98271942138672 14.517642974853516 228
      vertex 84.98271942138672 14.517642974853516 228
    endloop
  endfacet
  facet normal 0 0 -1
    outer loop
      vertex -85.5 8.956236839294434 228
      vertex -82.2958755493164 12.289791107177734 228
      vertex -85.5 -22.768049240112305 228
    endloop
  endfacet
  facet normal 0 0 -1
    outer loop
      vertex -82.2958755493164 12.289791107177734 228
      vertex -85.5 8.956236839294434 228
      vertex -84.98271942138672 14.517642974853516 228
    endloop
  endfacet
  facet normal 0 0 -1
    outer loop
      vertex 85.5 -22.768049240112305 228
      vertex 86.5 94.0372314453125 228
      vertex 86.5 -87 228
    endloop
  endfacet
  facet normal 0 0 -1
    outer loop
      vertex 85.5 -22.768049240112305 228
      vertex 86.5 -87 228
      vertex 85.5 -85.5 228
    endloop
  endfacet
  facet normal 0 0 -1
    outer loop
      vertex 86.5 -87 228
      vertex 85.32962799072266 -86.79409790039062 228
      vertex 85.5 -85.5 228
    endloop
  endfacet
  facet normal 0 0 -1
    outer loop
      vertex 85.32962799072266 -86.79409790039062 228
      vertex 86.5 -87 228
      vertex 85.24433898925781 -87 228
    endloop
  endfacet
  facet normal 0 0 -1
    outer loop
      vertex 85.5 8.956236839294434 228
      vertex 86.5 94.0372314453125 228
      vertex 85.5 -22.768049240112305 228
    endloop
  endfacet
  facet normal 0 0 -1
    outer loop
      vertex 85.5 85.5 228
      vertex 86.5 94.0372314453125 228
      vertex 85.5 8.956236839294434 228
    endloop
  endfacet
  facet normal 0 0 -1
    outer loop
      vertex 85.32962799072266 86.79409790039062 228
      vertex 86.5 94.0372314453125 228
      vertex 85.5 85.5 228
    endloop
  endfacet
  facet normal 0 0 -1
    outer loop
      vertex 84.83012390136719 88 228
      vertex 86.5 94.0372314453125 228
      vertex 85.32962799072266 86.79409790039062 228
    endloop
  endfacet
  facet normal 0 0 -1
    outer loop
      vertex 84.03553771972656 89.03553771972656 228
      vertex 86.5 94.0372314453125 228
      vertex 84.83012390136719 88 228
    endloop
  endfacet
  facet normal 0 0 -1
    outer loop
      vertex 83 89.83012390136719 228
      vertex 86.5 94.0372314453125 228
      vertex 84.03553771972656 89.03553771972656 228
    endloop
  endfacet
  facet normal 0 0 -1
    outer loop
      vertex 86.5 94.0372314453125 228
      vertex 83 89.83012390136719 228
      vertex 85.79409790039062 94.32962799072266 228
    endloop
  endfacet
  facet normal 0 0 -1
    outer loop
      vertex 85.79409790039062 94.32962799072266 228
      vertex 83 89.83012390136719 228
      vertex 84.5 94.5 228
    endloop
  endfacet
  facet normal 0 0 -1
    outer loop
      vertex 81.79409790039062 90.32962799072266 228
      vertex 84.5 94.5 228
      vertex 83 89.83012390136719 228
    endloop
  endfacet
  facet normal 0 0 -1
    outer loop
      vertex 80.5 94.5 228
      vertex 81.79409790039062 90.32962799072266 228
      vertex 80.5 90.5 228
    endloop
  endfacet
  facet normal 0 0 -1
    outer loop
      vertex 81.79409790039062 90.32962799072266 228
      vertex 80.5 94.5 228
      vertex 84.5 94.5 228
    endloop
  endfacet
  facet normal 0 0 -1
    outer loop
      vertex -81.79409790039062 90.32962799072266 228
      vertex -80.5 94.5 228
      vertex -80.5 90.5 228
    endloop
  endfacet
  facet normal 0 0 -1
    outer loop
      vertex -84.5 94.5 228
      vertex -81.79409790039062 90.32962799072266 228
      vertex -83 89.83012390136719 228
    endloop
  endfacet
  facet normal 0 0 -1
    outer loop
      vertex -85.79409790039062 94.32962799072266 228
      vertex -83 89.83012390136719 228
      vertex -84.03553771972656 89.03553771972656 228
    endloop
  endfacet
  facet normal 0 0 -1
    outer loop
      vertex -81.79409790039062 90.32962799072266 228
      vertex -84.5 94.5 228
      vertex -80.5 94.5 228
    endloop
  endfacet
  facet normal 0 0 -1
    outer loop
      vertex -85.79409790039062 94.32962799072266 228
      vertex -84.03553771972656 89.03553771972656 228
      vertex -84.83012390136719 88 228
    endloop
  endfacet
  facet normal 0 0 -1
    outer loop
      vertex -85.79409790039062 94.32962799072266 228
      vertex -84.83012390136719 88 228
      vertex -85.32962799072266 86.79409790039062 228
    endloop
  endfacet
  facet normal 0 0 -1
    outer loop
      vertex -85.79409790039062 94.32962799072266 228
      vertex -85.32962799072266 86.79409790039062 228
      vertex -85.5 85.5 228
    endloop
  endfacet
  facet normal 0 0 -1
    outer loop
      vertex -83 89.83012390136719 228
      vertex -85.79409790039062 94.32962799072266 228
      vertex -84.5 94.5 228
    endloop
  endfacet
  facet normal 0 0 -1
    outer loop
      vertex 89.34683990478516 -90.66337585449219 228
      vertex 91.4620361328125 -88.00142669677734 228
      vertex 94.76593017578125 -90.66337585449219 228
    endloop
  endfacet
  facet normal 0 0 -1
    outer loop
      vertex 91.4620361328125 -88.00142669677734 228
      vertex 89.34683990478516 -90.66337585449219 228
      vertex 89.5 -89.5 228
    endloop
  endfacet
  facet normal 0 0 -1
    outer loop
      vertex 89.5 -66.53388977050781 228
      vertex 94.76593017578125 -90.66337585449219 228
      vertex 91.4620361328125 -88.00142669677734 228
    endloop
  endfacet
  facet normal 0 0 -1
    outer loop
      vertex 94.76593017578125 -90.66337585449219 228
      vertex 89.5 -66.53388977050781 228
      vertex 89.5 -34.0484619140625 228
    endloop
  endfacet
  facet normal 0 0 -1
    outer loop
      vertex 91.4620361328125 -88.00142669677734 228
      vertex 89.5 -89.5 228
      vertex 89.5 -88.00142669677734 228
    endloop
  endfacet
  facet normal 0 0 -1
    outer loop
      vertex 83 -90.5 228
      vertex -83 -90.5 228
      vertex 83 -89.83012390136719 228
    endloop
  endfacet
  facet normal 0 0 -1
    outer loop
      vertex 83 -89.83012390136719 228
      vertex 84.82903289794922 -88.00142669677734 228
      vertex 84.03553771972656 -89.03553771972656 228
    endloop
  endfacet
  facet normal 0 0 -1
    outer loop
      vertex -83 -89.83012390136719 228
      vertex 83 -89.83012390136719 228
      vertex -83 -90.5 228
    endloop
  endfacet
  facet normal 0 0 -1
    outer loop
      vertex 83 -89.83012390136719 228
      vertex -83 -89.83012390136719 228
      vertex 84.82903289794922 -88.00142669677734 228
    endloop
  endfacet
  facet normal 0 0 -1
    outer loop
      vertex -84.82903289794922 -88.00142669677734 228
      vertex -83 -89.83012390136719 228
      vertex -84.03553771972656 -89.03553771972656 228
    endloop
  endfacet
  facet normal 0 0 -1
    outer loop
      vertex -83 -89.83012390136719 228
      vertex -84.82903289794922 -88.00142669677734 228
      vertex 84.82903289794922 -88.00142669677734 228
    endloop
  endfacet
  facet normal 0 0 1
    outer loop
      vertex -95.55286407470703 -91.65975189208984 230
      vertex -89.5 -59.06978988647461 230
      vertex -89.5 -26.58435821533203 230
    endloop
  endfacet
  facet normal 0 0 1
    outer loop
      vertex -89.5 -59.06978988647461 230
      vertex -95.55286407470703 -91.65975189208984 230
      vertex -92.23391723632812 -88.98284912109375 230
    endloop
  endfacet
  facet normal 0 0 1
    outer loop
      vertex -89.5 -88.98284912109375 230
      vertex -92.23391723632812 -88.98284912109375 230
      vertex -89.5 -89.5 230
    endloop
  endfacet
  facet normal 0 0 1
    outer loop
      vertex -92.23391723632812 -88.98284912109375 230
      vertex -89.32962799072266 -90.79409790039062 230
      vertex -89.5 -89.5 230
    endloop
  endfacet
  facet normal 0 0 1
    outer loop
      vertex -95.55286407470703 -91.65975189208984 230
      vertex -89.32962799072266 -90.79409790039062 230
      vertex -92.23391723632812 -88.98284912109375 230
    endloop
  endfacet
  facet normal 0 0 1
    outer loop
      vertex -89.32962799072266 -90.79409790039062 230
      vertex -95.55286407470703 -91.65975189208984 230
      vertex -88.97106170654297 -91.65975189208984 230
    endloop
  endfacet
  facet normal 0 0 1
    outer loop
      vertex 85.5 14.394686698913574 230
      vertex 82.99039459228516 12.154765129089355 230
      vertex 85.5 -15.303948402404785 230
    endloop
  endfacet
  facet normal 0 0 1
    outer loop
      vertex 85.5 14.394686698913574 230
      vertex -82.99039459228516 12.154765129089355 230
      vertex 82.99039459228516 12.154765129089355 230
    endloop
  endfacet
  facet normal 0 0 1
    outer loop
      vertex -85.5 14.394686698913574 230
      vertex -82.99039459228516 12.154765129089355 230
      vertex 85.5 14.394686698913574 230
    endloop
  endfacet
  facet normal 0 0 1
    outer loop
      vertex -82.99039459228516 12.154765129089355 230
      vertex -85.5 14.394686698913574 230
      vertex -85.5 -15.303948402404785 230
    endloop
  endfacet
  facet normal 0 0 1
    outer loop
      vertex 89.5 -59.06978988647461 230
      vertex 95.55286407470703 -91.65975189208984 230
      vertex 89.5 -26.58435821533203 230
    endloop
  endfacet
  facet normal 0 0 1
    outer loop
      vertex 95.55286407470703 -91.65975189208984 230
      vertex 89.5 -59.06978988647461 230
      vertex 92.23391723632812 -88.98284912109375 230
    endloop
  endfacet
  facet normal 0 0 1
    outer loop
      vertex 89.5 -89.5 230
      vertex 92.23391723632812 -88.98284912109375 230
      vertex 89.5 -88.98284912109375 230
    endloop
  endfacet
  facet normal 0 0 1
    outer loop
      vertex 89.32962799072266 -90.79409790039062 230
      vertex 92.23391723632812 -88.98284912109375 230
      vertex 89.5 -89.5 230
    endloop
  endfacet
  facet normal 0 0 1
    outer loop
      vertex 92.23391723632812 -88.98284912109375 230
      vertex 89.32962799072266 -90.79409790039062 230
      vertex 95.55286407470703 -91.65975189208984 230
    endloop
  endfacet
  facet normal 0 0 1
    outer loop
      vertex 95.55286407470703 -91.65975189208984 230
      vertex 89.32962799072266 -90.79409790039062 230
      vertex 88.97106170654297 -91.65975189208984 230
    endloop
  endfacet
  facet normal 0 0 1
    outer loop
      vertex 84.07596588134766 -88.98284912109375 230
      vertex 83 -89.83012390136719 230
      vertex 84.03553771972656 -89.03553771972656 230
    endloop
  endfacet
  facet normal 0 0 1
    outer loop
      vertex 84.07596588134766 -88.98284912109375 230
      vertex 81.79409790039062 -90.32962799072266 230
      vertex 83 -89.83012390136719 230
    endloop
  endfacet
  facet normal 0 0 1
    outer loop
      vertex 84.07596588134766 -88.98284912109375 230
      vertex 80.5 -90.5 230
      vertex 81.79409790039062 -90.32962799072266 230
    endloop
  endfacet
  facet normal 0 0 1
    outer loop
      vertex 84.07596588134766 -88.98284912109375 230
      vertex -80.5 -90.5 230
      vertex 80.5 -90.5 230
    endloop
  endfacet
  facet normal 0 0 1
    outer loop
      vertex -84.07596588134766 -88.98284912109375 230
      vertex -80.5 -90.5 230
      vertex 84.07596588134766 -88.98284912109375 230
    endloop
  endfacet
  facet normal 0 0 1
    outer loop
      vertex -80.5 -90.5 230
      vertex -84.07596588134766 -88.98284912109375 230
      vertex -81.79409790039062 -90.32962799072266 230
    endloop
  endfacet
  facet normal 0 0 1
    outer loop
      vertex -81.79409790039062 -90.32962799072266 230
      vertex -84.07596588134766 -88.98284912109375 230
      vertex -83 -89.83012390136719 230
    endloop
  endfacet
  facet normal 0 0 1
    outer loop
      vertex -83 -89.83012390136719 230
      vertex -84.07596588134766 -88.98284912109375 230
      vertex -84.03553771972656 -89.03553771972656 230
    endloop
  endfacet
  facet normal 0.7367426048007583 -0.1974122326305426 -0.6467138043054426
    outer loop
      vertex 88.50051879882812 -91.15706634521484 210.5
      vertex 87.56185913085938 -91.26776885986328 209.46446228027344
      vertex 88.03553771972656 -89.5 209.46446228027344
    endloop
  endfacet
  facet normal -0.12942328523107402 0.12942328523107402 -0.9831069252527888
    outer loop
      vertex -84.5 89.5 208
      vertex -85.79409790039062 89.5 208.1703643798828
      vertex -84.5 90.79409790039062 208.1703643798828
    endloop
  endfacet
  facet normal 0.8925718555606227 -0.17754040978811678 -0.4144814658743312
    outer loop
      vertex 89.09324645996094 -90.99243927001953 211.70590209960938
      vertex 88.50051879882812 -91.15706634521484 210.5
      vertex 88.83012390136719 -89.5 210.5
    endloop
  endfacet
  facet normal 0.6008160432561518 -0.16099033193759926 -0.7830084260010511
    outer loop
      vertex 87.56185913085938 -91.26776885986328 209.46446228027344
      vertex 87 -89.5 208.6698760986328
      vertex 88.03553771972656 -89.5 209.46446228027344
    endloop
  endfacet
  facet normal -0.21254708681282264 0.21254708681282264 -0.953754408521798
    outer loop
      vertex -85.79409790039062 89.5 208.1703643798828
      vertex -86.26776885986328 91.26776885986328 208.6698760986328
      vertex -84.5 90.79409790039062 208.1703643798828
    endloop
  endfacet
  facet normal 0 0 -1
    outer loop
      vertex -84.03553771972656 89.03553771972656 208
      vertex -84.5 89.5 208
      vertex -83.43022918701172 89.5 208
    endloop
  endfacet
  facet normal 0 0 -1
    outer loop
      vertex -84.5 89.5 208
      vertex -84.03553771972656 89.03553771972656 208
      vertex -84.5 88.43022918701172 208
    endloop
  endfacet
  facet normal 0 0 -1
    outer loop
      vertex -84.5 -89.5 208
      vertex -84.03553771972656 -89.03553771972656 208
      vertex -83.43022918701172 -89.5 208
    endloop
  endfacet
  facet normal 0 0 -1
    outer loop
      vertex -84.03553771972656 -89.03553771972656 208
      vertex -84.5 -89.5 208
      vertex -84.5 -88.43022918701172 208
    endloop
  endfacet
  facet normal 0 0 -1
    outer loop
      vertex 84.03553771972656 89.03553771972656 208
      vertex 84.5 89.5 208
      vertex 84.5 88.43022918701172 208
    endloop
  endfacet
  facet normal 0 0 -1
    outer loop
      vertex 84.5 89.5 208
      vertex 84.03553771972656 89.03553771972656 208
      vertex 83.43022918701172 89.5 208
    endloop
  endfacet
  facet normal 0 0 -1
    outer loop
      vertex 84.5 -89.5 208
      vertex 84.03553771972656 -89.03553771972656 208
      vertex 84.5 -88.43022918701172 208
    endloop
  endfacet
  facet normal 0 0 -1
    outer loop
      vertex 84.03553771972656 -89.03553771972656 208
      vertex 84.5 -89.5 208
      vertex 83.43022918701172 -89.5 208
    endloop
  endfacet
  facet normal -0.9238786969342464 -0.3826854496202837 0
    outer loop
      vertex -88.83012390136719 -92 213
      vertex -89.32962799072266 -90.79409790039062 228.26239013671875
      vertex -89.32962799072266 -90.79409790039062 213
    endloop
  endfacet
  facet normal -0.9238792030197155 -0.38268422782712475 -1.1309858296196117e-7
    outer loop
      vertex -89.32962799072266 -90.79409790039062 228.26239013671875
      vertex -88.83012390136719 -92 213
      vertex -88.97106170654297 -91.65975189208984 230
    endloop
  endfacet
  facet normal -0.9238792832837184 -0.3826840340531115 0
    outer loop
      vertex -88.97106170654297 -91.65975189208984 230
      vertex -89.32962799072266 -90.79409790039062 232
      vertex -89.32962799072266 -90.79409790039062 230
    endloop
  endfacet
  facet normal -0.9238786969340084 -0.38268544962018514 7.178182622538727e-7
    outer loop
      vertex -88.97106170654297 -91.65975189208984 230
      vertex -88.83012390136719 -92 232
      vertex -89.32962799072266 -90.79409790039062 232
    endloop
  endfacet
  facet normal -0.9238772051465349 -0.38268905107231294 0
    outer loop
      vertex -88.83012390136719 -92 232
      vertex -88.97106170654297 -91.65975189208984 230
      vertex -88.83012390136719 -92 213
    endloop
  endfacet
  facet normal 0.7836593971452438 -0.15587676178304666 -0.6013155447865826
    outer loop
      vertex 88.50051879882812 -91.15706634521484 210.5
      vertex 88.03553771972656 -89.5 209.46446228027344
      vertex 88.83012390136719 -89.5 210.5
    endloop
  endfacet
  facet normal 0.8340085698358818 -0.4249488890722018 -0.3519206545751593
    outer loop
      vertex 89.09324645996094 -90.99243927001953 211.70590209960938
      vertex 88.4072494506836 -92.33878326416016 211.70590209960938
      vertex 88.50051879882812 -91.15706634521484 210.5
    endloop
  endfacet
  facet normal -0.3826904387112743 0 -0.9238766303565495
    outer loop
      vertex -87 -89.5 208.6698760986328
      vertex -85.79409790039062 89.5 208.1703643798828
      vertex -85.79409790039062 -89.5 208.1703643798828
    endloop
  endfacet
  facet normal -0.3826904387112743 0 -0.9238766303565495
    outer loop
      vertex -85.79409790039062 89.5 208.1703643798828
      vertex -87 -89.5 208.6698760986328
      vertex -87 89.5 208.6698760986328
    endloop
  endfacet
  facet normal 0.8780672746397535 -0.4473979361653866 -0.16980267348209896
    outer loop
      vertex 88.83012390136719 -92 213
      vertex 88.4072494506836 -92.33878326416016 211.70590209960938
      vertex 89.09324645996094 -90.99243927001953 211.70590209960938
    endloop
  endfacet
  facet normal -0.749551681544212 0.500838230174212 -0.43282022121223407
    outer loop
      vertex -87.56185913085938 92.56185913085938 210.5
      vertex -88.50051879882812 91.15706634521484 210.5
      vertex -88.4072494506836 92.33878326416016 211.70590209960938
    endloop
  endfacet
  facet normal 0.9238786969342464 0.3826854496202837 0
    outer loop
      vertex 89.32962799072266 90.79409790039062 232
      vertex 88.83012390136719 92 213
      vertex 88.83012390136719 92 232
    endloop
  endfacet
  facet normal 0.9238786969342464 0.3826854496202837 0
    outer loop
      vertex 88.83012390136719 92 213
      vertex 89.32962799072266 90.79409790039062 232
      vertex 89.32962799072266 90.79409790039062 213
    endloop
  endfacet
  facet normal -0.9141435681796599 0.14478757047143348 -0.37865300235537463
    outer loop
      vertex -88.83012390136719 89.5 210.5
      vertex -89.32962799072266 89.5 211.70590209960938
      vertex -89.09324645996094 90.99243927001953 211.70590209960938
    endloop
  endfacet
  facet normal 0 1 0
    outer loop
      vertex 84.5 94.5 213
      vertex 80.5 94.5 214
      vertex 84.5 94.5 214
    endloop
  endfacet
  facet normal 0 1 0
    outer loop
      vertex 80.5 94.5 214
      vertex 84.5 94.5 213
      vertex 80.5 94.5 213
    endloop
  endfacet
  facet normal 0 1 0
    outer loop
      vertex 84.5 94.5 228
      vertex 80.5 94.5 232
      vertex 84.5 94.5 232
    endloop
  endfacet
  facet normal 0 1 0
    outer loop
      vertex 80.5 94.5 232
      vertex 84.5 94.5 228
      vertex 80.5 94.5 228
    endloop
  endfacet
  facet normal 0 1 0
    outer loop
      vertex -80.5 94.5 213
      vertex -84.5 94.5 214
      vertex -80.5 94.5 214
    endloop
  endfacet
  facet normal 0 1 0
    outer loop
      vertex -84.5 94.5 214
      vertex -80.5 94.5 213
      vertex -84.5 94.5 213
    endloop
  endfacet
  facet normal 0 1 0
    outer loop
      vertex -80.5 94.5 228
      vertex -84.5 94.5 232
      vertex -80.5 94.5 232
    endloop
  endfacet
  facet normal 0 1 0
    outer loop
      vertex -84.5 94.5 232
      vertex -80.5 94.5 228
      vertex -84.5 94.5 228
    endloop
  endfacet
  facet normal 0.3826904387112743 0 -0.9238766303565495
    outer loop
      vertex 85.79409790039062 -89.5 208.1703643798828
      vertex 87 89.5 208.6698760986328
      vertex 87 -89.5 208.6698760986328
    endloop
  endfacet
  facet normal 0.3826904387112743 0 -0.9238766303565495
    outer loop
      vertex 87 89.5 208.6698760986328
      vertex 85.79409790039062 -89.5 208.1703643798828
      vertex 85.79409790039062 89.5 208.1703643798828
    endloop
  endfacet
  facet normal -0.8780672746397535 -0.4473979361653866 -0.16980267348209896
    outer loop
      vertex -88.83012390136719 -92 213
      vertex -89.09324645996094 -90.99243927001953 211.70590209960938
      vertex -88.4072494506836 -92.33878326416016 211.70590209960938
    endloop
  endfacet
  facet normal 0 0.9914447831916001 -0.13052678607152235
    outer loop
      vertex -80.5 94.32962799072266 211.70590209960938
      vertex -84.5 94.5 213
      vertex -80.5 94.5 213
    endloop
  endfacet
  facet normal 0 0.9914447831916001 -0.13052678607152235
    outer loop
      vertex -84.5 94.5 213
      vertex -80.5 94.32962799072266 211.70590209960938
      vertex -84.5 94.32962799072266 211.70590209960938
    endloop
  endfacet
  facet normal 0 0.9914447831916001 -0.13052678607152235
    outer loop
      vertex 84.5 94.32962799072266 211.70590209960938
      vertex 80.5 94.5 213
      vertex 84.5 94.5 213
    endloop
  endfacet
  facet normal 0 0.9914447831916001 -0.13052678607152235
    outer loop
      vertex 80.5 94.5 213
      vertex 84.5 94.32962799072266 211.70590209960938
      vertex 80.5 94.32962799072266 211.70590209960938
    endloop
  endfacet
  facet normal 1 0 0
    outer loop
      vertex 89.5 89.5 232
      vertex 89.5 -26.58435821533203 230
      vertex 89.5 89.5 213
    endloop
  endfacet
  facet normal 1 0 0
    outer loop
      vertex 89.5 -89.5 232
      vertex 89.5 -26.58435821533203 230
      vertex 89.5 89.5 232
    endloop
  endfacet
  facet normal 1 0 0
    outer loop
      vertex 89.5 -89.5 232
      vertex 89.5 -66.53388977050781 228
      vertex 89.5 -59.06978988647461 230
    endloop
  endfacet
  facet normal 1 0 0
    outer loop
      vertex 89.5 -66.53388977050781 228
      vertex 89.5 -89.5 232
      vertex 89.5 -88.00142669677734 228
    endloop
  endfacet
  facet normal 1 0 0
    outer loop
      vertex 89.5 -26.58435821533203 230
      vertex 89.5 -89.5 232
      vertex 89.5 -59.06978988647461 230
    endloop
  endfacet
  facet normal 1 0 0
    outer loop
      vertex 89.5 -88.00142669677734 228
      vertex 89.5 -89.5 232
      vertex 89.5 -88.98284912109375 230
    endloop
  endfacet
  facet normal 1 0 0
    outer loop
      vertex 89.5 -88.98284912109375 230
      vertex 89.5 -89.5 232
      vertex 89.5 -89.5 230
    endloop
  endfacet
  facet normal 1 0 0
    outer loop
      vertex 89.5 -34.0484619140625 228
      vertex 89.5 89.5 213
      vertex 89.5 -26.58435821533203 230
    endloop
  endfacet
  facet normal 1 0 0
    outer loop
      vertex 89.5 -89.5 213
      vertex 89.5 -34.0484619140625 228
      vertex 89.5 -66.53388977050781 228
    endloop
  endfacet
  facet normal 1 0 0
    outer loop
      vertex 89.5 -89.5 213
      vertex 89.5 -66.53388977050781 228
      vertex 89.5 -88.00142669677734 228
    endloop
  endfacet
  facet normal 1 0 0
    outer loop
      vertex 89.5 -89.5 213
      vertex 89.5 -88.00142669677734 228
      vertex 89.5 -89.5 228
    endloop
  endfacet
  facet normal 1 0 0
    outer loop
      vertex 89.5 -34.0484619140625 228
      vertex 89.5 -89.5 213
      vertex 89.5 89.5 213
    endloop
  endfacet
  facet normal 0.918329052658623 -0.3803866974984987 -0.10944273118531803
    outer loop
      vertex 89.32962799072266 -90.79409790039062 213
      vertex 88.83012390136719 -92 213
      vertex 89.09324645996094 -90.99243927001953 211.70590209960938
    endloop
  endfacet
  facet normal -0.6008160432561518 -0.16099033193759926 -0.7830084260010511
    outer loop
      vertex -87.56185913085938 -91.26776885986328 209.46446228027344
      vertex -88.03553771972656 -89.5 209.46446228027344
      vertex -87 -89.5 208.6698760986328
    endloop
  endfacet
  facet normal 0.12942328523107402 -0.12942328523107402 -0.9831069252527888
    outer loop
      vertex 85.79409790039062 -89.5 208.1703643798828
      vertex 84.5 -90.79409790039062 208.1703643798828
      vertex 84.5 -89.5 208
    endloop
  endfacet
  facet normal 0.13050241538289173 0 -0.9914479913637585
    outer loop
      vertex 85.79409790039062 -89.5 208.1703643798828
      vertex 85.5 -85.5 208.13165283203125
      vertex 85.79409790039062 89.5 208.1703643798828
    endloop
  endfacet
  facet normal 0.13051957824477425 0.0000012837553403614036 -0.9914457320969001
    outer loop
      vertex 85.79409790039062 -89.5 208.1703643798828
      vertex 85.32962799072266 -86.79409790039062 208.10922241210938
      vertex 85.5 -85.5 208.13165283203125
    endloop
  endfacet
  facet normal 0.1305281974769335 0.0000027888923417381034 -0.9914445973707481
    outer loop
      vertex 85.79409790039062 -89.5 208.1703643798828
      vertex 84.83012390136719 -88 208.04345703125
      vertex 85.32962799072266 -86.79409790039062 208.10922241210938
    endloop
  endfacet
  facet normal 0.13052104055558153 0 -0.9914455395896883
    outer loop
      vertex 84.5 -88.43022918701172 208
      vertex 85.79409790039062 -89.5 208.1703643798828
      vertex 84.5 -89.5 208
    endloop
  endfacet
  facet normal 0.1305177639045922 -0.000004032446474972771 -0.991445970937945
    outer loop
      vertex 85.79409790039062 -89.5 208.1703643798828
      vertex 84.5 -88.43022918701172 208
      vertex 84.83012390136719 -88 208.04345703125
    endloop
  endfacet
  facet normal 0.13050241538289173 0 -0.9914479913637584
    outer loop
      vertex 85.5 85.5 208.13165283203125
      vertex 85.79409790039062 89.5 208.1703643798828
      vertex 85.5 -85.5 208.13165283203125
    endloop
  endfacet
  facet normal 0.13051957824477425 -0.0000012837553403614036 -0.9914457320969001
    outer loop
      vertex 85.32962799072266 86.79409790039062 208.10922241210938
      vertex 85.79409790039062 89.5 208.1703643798828
      vertex 85.5 85.5 208.13165283203125
    endloop
  endfacet
  facet normal 0.1305281974769335 -0.0000027888923417381034 -0.9914445973707481
    outer loop
      vertex 84.83012390136719 88 208.04345703125
      vertex 85.79409790039062 89.5 208.1703643798828
      vertex 85.32962799072266 86.79409790039062 208.10922241210938
    endloop
  endfacet
  facet normal 0.1305177639045922 0.000004032446474972771 -0.991445970937945
    outer loop
      vertex 84.5 88.43022918701172 208
      vertex 85.79409790039062 89.5 208.1703643798828
      vertex 84.83012390136719 88 208.04345703125
    endloop
  endfacet
  facet normal 0.13052104055558153 0 -0.9914455395896883
    outer loop
      vertex 85.79409790039062 89.5 208.1703643798828
      vertex 84.5 88.43022918701172 208
      vertex 84.5 89.5 208
    endloop
  endfacet
  facet normal 0.51137543035663 -0.2118178586067524 -0.8328435411305183
    outer loop
      vertex 87.56185913085938 -91.26776885986328 209.46446228027344
      vertex 86.26776885986328 -91.26776885986328 208.6698760986328
      vertex 87 -89.5 208.6698760986328
    endloop
  endfacet
  facet normal 0.6087566754816573 0 -0.7933569877782133
    outer loop
      vertex 87 -89.5 208.6698760986328
      vertex 88.03553771972656 89.5 209.46446228027344
      vertex 88.03553771972656 -89.5 209.46446228027344
    endloop
  endfacet
  facet normal 0.6087566754816573 0 -0.7933569877782133
    outer loop
      vertex 88.03553771972656 89.5 209.46446228027344
      vertex 87 -89.5 208.6698760986328
      vertex 87 89.5 208.6698760986328
    endloop
  endfacet
  facet normal 0 -0.13052104055558153 -0.9914455395896883
    outer loop
      vertex 84.5 -90.79409790039062 208.1703643798828
      vertex 83.43022918701172 -89.5 208
      vertex 84.5 -89.5 208
    endloop
  endfacet
  facet normal 0.000004032446474972771 -0.1305177639045922 -0.991445970937945
    outer loop
      vertex 84.5 -90.79409790039062 208.1703643798828
      vertex 83 -89.83012390136719 208.04345703125
      vertex 83.43022918701172 -89.5 208
    endloop
  endfacet
  facet normal -0.0000027888923417381034 -0.1305281974769335 -0.9914445973707481
    outer loop
      vertex 84.5 -90.79409790039062 208.1703643798828
      vertex 81.79409790039062 -90.32962799072266 208.10922241210938
      vertex 83 -89.83012390136719 208.04345703125
    endloop
  endfacet
  facet normal -0.0000012837553403614036 -0.13051957824477425 -0.9914457320969001
    outer loop
      vertex 84.5 -90.79409790039062 208.1703643798828
      vertex 80.5 -90.5 208.13165283203125
      vertex 81.79409790039062 -90.32962799072266 208.10922241210938
    endloop
  endfacet
  facet normal 0 -0.13050241538289173 -0.9914479913637584
    outer loop
      vertex 84.5 -90.79409790039062 208.1703643798828
      vertex -80.5 -90.5 208.13165283203125
      vertex 80.5 -90.5 208.13165283203125
    endloop
  endfacet
  facet normal 0 -0.13050241538289173 -0.9914479913637585
    outer loop
      vertex -84.5 -90.79409790039062 208.1703643798828
      vertex -80.5 -90.5 208.13165283203125
      vertex 84.5 -90.79409790039062 208.1703643798828
    endloop
  endfacet
  facet normal 0.0000012837553403614036 -0.13051957824477425 -0.9914457320969001
    outer loop
      vertex -84.5 -90.79409790039062 208.1703643798828
      vertex -81.79409790039062 -90.32962799072266 208.10922241210938
      vertex -80.5 -90.5 208.13165283203125
    endloop
  endfacet
  facet normal 0.0000027888923417381034 -0.1305281974769335 -0.9914445973707481
    outer loop
      vertex -84.5 -90.79409790039062 208.1703643798828
      vertex -83 -89.83012390136719 208.04345703125
      vertex -81.79409790039062 -90.32962799072266 208.10922241210938
    endloop
  endfacet
  facet normal -0.000004032446474972771 -0.1305177639045922 -0.991445970937945
    outer loop
      vertex -84.5 -90.79409790039062 208.1703643798828
      vertex -83.43022918701172 -89.5 208
      vertex -83 -89.83012390136719 208.04345703125
    endloop
  endfacet
  facet normal 0 -0.13052104055558153 -0.9914455395896883
    outer loop
      vertex -83.43022918701172 -89.5 208
      vertex -84.5 -90.79409790039062 208.1703643798828
      vertex -84.5 -89.5 208
    endloop
  endfacet
  facet normal 0.9238792832837184 -0.3826840340531115 0
    outer loop
      vertex 89.32962799072266 -90.79409790039062 232
      vertex 88.97106170654297 -91.65975189208984 230
      vertex 89.32962799072266 -90.79409790039062 230
    endloop
  endfacet
  facet normal 0.9238786969340084 -0.38268544962018514 7.178182622538727e-7
    outer loop
      vertex 88.97106170654297 -91.65975189208984 230
      vertex 89.32962799072266 -90.79409790039062 232
      vertex 88.83012390136719 -92 232
    endloop
  endfacet
  facet normal 0.9238792030197155 -0.38268422782712475 -1.1309858296196117e-7
    outer loop
      vertex 88.83012390136719 -92 213
      vertex 89.32962799072266 -90.79409790039062 228.26239013671875
      vertex 88.97106170654297 -91.65975189208984 230
    endloop
  endfacet
  facet normal 0.9238772051465349 -0.38268905107231294 0
    outer loop
      vertex 88.83012390136719 -92 213
      vertex 88.97106170654297 -91.65975189208984 230
      vertex 88.83012390136719 -92 232
    endloop
  endfacet
  facet normal 0.9238786969342464 -0.3826854496202837 0
    outer loop
      vertex 89.32962799072266 -90.79409790039062 228.26239013671875
      vertex 88.83012390136719 -92 213
      vertex 89.32962799072266 -90.79409790039062 213
    endloop
  endfacet
  facet normal -0.6087566754816575 -0.7933569877782133 0
    outer loop
      vertex -88.03553771972656 -93.03553771972656 213
      vertex -87 -93.83012390136719 232
      vertex -88.03553771972656 -93.03553771972656 232
    endloop
  endfacet
  facet normal -0.6087566754816575 -0.7933569877782133 0
    outer loop
      vertex -87 -93.83012390136719 232
      vertex -88.03553771972656 -93.03553771972656 213
      vertex -87 -93.83012390136719 213
    endloop
  endfacet
  facet normal 0.9914447831916001 -0.13052678607152235 0
    outer loop
      vertex 89.32962799072266 -90.79409790039062 232
      vertex 89.5 -89.5 230
      vertex 89.5 -89.5 232
    endloop
  endfacet
  facet normal 0.9914447831916001 -0.13052678607152235 0
    outer loop
      vertex 89.5 -89.5 230
      vertex 89.32962799072266 -90.79409790039062 232
      vertex 89.32962799072266 -90.79409790039062 230
    endloop
  endfacet
  facet normal 0.9914449983094354 -0.1305251520864992 0
    outer loop
      vertex 89.34683990478516 -90.66337585449219 228
      vertex 89.5 -89.5 213
      vertex 89.5 -89.5 228
    endloop
  endfacet
  facet normal 0.991442868611215 -0.1305413278619646 0
    outer loop
      vertex 89.32962799072266 -90.79409790039062 213
      vertex 89.34683990478516 -90.66337585449219 228
      vertex 89.32962799072266 -90.79409790039062 228.26239013671875
    endloop
  endfacet
  facet normal 0.9914447831915919 -0.1305267860715213 -1.2892574604583494e-7
    outer loop
      vertex 89.34683990478516 -90.66337585449219 228
      vertex 89.32962799072266 -90.79409790039062 213
      vertex 89.5 -89.5 213
    endloop
  endfacet
  facet normal -0.6057427556438074 0.7894291222446325 -0.09938498345884904
    outer loop
      vertex -87.33878326416016 93.4072494506836 211.70590209960938
      vertex -88.03553771972656 93.03553771972656 213
      vertex -87 93.83012390136719 213
    endloop
  endfacet
  facet normal -0.8340085698358818 0.4249488890722018 -0.3519206545751593
    outer loop
      vertex -88.50051879882812 91.15706634521484 210.5
      vertex -89.09324645996094 90.99243927001953 211.70590209960938
      vertex -88.4072494506836 92.33878326416016 211.70590209960938
    endloop
  endfacet
  facet normal 0 -0.3826904387112743 -0.9238766303565495
    outer loop
      vertex -84.5 -92 208.6698760986328
      vertex 84.5 -90.79409790039062 208.1703643798828
      vertex 84.5 -92 208.6698760986328
    endloop
  endfacet
  facet normal 0 -0.3826904387112743 -0.9238766303565495
    outer loop
      vertex 84.5 -90.79409790039062 208.1703643798828
      vertex -84.5 -92 208.6698760986328
      vertex -84.5 -90.79409790039062 208.1703643798828
    endloop
  endfacet
  facet normal 0.4473979361653866 -0.8780672746397535 -0.16980267348209896
    outer loop
      vertex 87 -93.83012390136719 213
      vertex 85.99243927001953 -94.09324645996094 211.70590209960938
      vertex 87.33878326416016 -93.4072494506836 211.70590209960938
    endloop
  endfacet
  facet normal 0.6087566754816575 -0.7933569877782133 0
    outer loop
      vertex 87 -93.83012390136719 213
      vertex 88.03553771972656 -93.03553771972656 232
      vertex 87 -93.83012390136719 232
    endloop
  endfacet
  facet normal 0.6087566754816575 -0.7933569877782133 0
    outer loop
      vertex 88.03553771972656 -93.03553771972656 232
      vertex 87 -93.83012390136719 213
      vertex 88.03553771972656 -93.03553771972656 213
    endloop
  endfacet
  facet normal 0.21254708681282264 0.21254708681282264 -0.953754408521798
    outer loop
      vertex 85.79409790039062 89.5 208.1703643798828
      vertex 84.5 90.79409790039062 208.1703643798828
      vertex 86.26776885986328 91.26776885986328 208.6698760986328
    endloop
  endfacet
  facet normal -0.6087566754816575 0.7933569877782133 0
    outer loop
      vertex -87 93.83012390136719 213
      vertex -88.03553771972656 93.03553771972656 232
      vertex -87 93.83012390136719 232
    endloop
  endfacet
  facet normal -0.6087566754816575 0.7933569877782133 0
    outer loop
      vertex -88.03553771972656 93.03553771972656 232
      vertex -87 93.83012390136719 213
      vertex -88.03553771972656 93.03553771972656 213
    endloop
  endfacet
  facet normal 0.7894291222446325 -0.6057427556438074 -0.09938498345884904
    outer loop
      vertex 88.83012390136719 -92 213
      vertex 88.03553771972656 -93.03553771972656 213
      vertex 88.4072494506836 -92.33878326416016 211.70590209960938
    endloop
  endfacet
  facet normal 0.21254708681282264 -0.21254708681282264 -0.953754408521798
    outer loop
      vertex 86.26776885986328 -91.26776885986328 208.6698760986328
      vertex 84.5 -90.79409790039062 208.1703643798828
      vertex 85.79409790039062 -89.5 208.1703643798828
    endloop
  endfacet
  facet normal -0.9914447831916001 -0.13052678607152235 0
    outer loop
      vertex -89.32962799072266 -90.79409790039062 230
      vertex -89.5 -89.5 232
      vertex -89.5 -89.5 230
    endloop
  endfacet
  facet normal -0.9914447831916001 -0.13052678607152235 0
    outer loop
      vertex -89.5 -89.5 232
      vertex -89.32962799072266 -90.79409790039062 230
      vertex -89.32962799072266 -90.79409790039062 232
    endloop
  endfacet
  facet normal -0.9914449983094354 -0.1305251520864992 0
    outer loop
      vertex -89.5 -89.5 213
      vertex -89.34683990478516 -90.66337585449219 228
      vertex -89.5 -89.5 228
    endloop
  endfacet
  facet normal -0.9914447831915919 -0.1305267860715213 -1.2892574604583494e-7
    outer loop
      vertex -89.32962799072266 -90.79409790039062 213
      vertex -89.34683990478516 -90.66337585449219 228
      vertex -89.5 -89.5 213
    endloop
  endfacet
  facet normal -0.991442868611215 -0.1305413278619646 0
    outer loop
      vertex -89.34683990478516 -90.66337585449219 228
      vertex -89.32962799072266 -90.79409790039062 213
      vertex -89.32962799072266 -90.79409790039062 228.26239013671875
    endloop
  endfacet
  facet normal -0.7933569877782133 -0.6087566754816575 0
    outer loop
      vertex -88.03553771972656 -93.03553771972656 213
      vertex -88.83012390136719 -92 232
      vertex -88.83012390136719 -92 213
    endloop
  endfacet
  facet normal -0.7933569877782133 -0.6087566754816575 0
    outer loop
      vertex -88.83012390136719 -92 232
      vertex -88.03553771972656 -93.03553771972656 213
      vertex -88.03553771972656 -93.03553771972656 232
    endloop
  endfacet
  facet normal 0.3803866974984987 -0.918329052658623 -0.10944273118531803
    outer loop
      vertex 87 -93.83012390136719 213
      vertex 85.79409790039062 -94.32962799072266 213
      vertex 85.99243927001953 -94.09324645996094 211.70590209960938
    endloop
  endfacet
  facet normal -0.14478757047143348 -0.9141435681796599 -0.37865300235537463
    outer loop
      vertex -84.5 -94.32962799072266 211.70590209960938
      vertex -85.99243927001953 -94.09324645996094 211.70590209960938
      vertex -84.5 -93.83012390136719 210.5
    endloop
  endfacet
  facet normal 0.3779712574637557 -0.15656024442754343 -0.9124837633602337
    outer loop
      vertex 86.26776885986328 -91.26776885986328 208.6698760986328
      vertex 85.79409790039062 -89.5 208.1703643798828
      vertex 87 -89.5 208.6698760986328
    endloop
  endfacet
  facet normal 0.2118178586067524 -0.51137543035663 -0.8328435411305183
    outer loop
      vertex 86.26776885986328 -92.56185913085938 209.46446228027344
      vertex 84.5 -92 208.6698760986328
      vertex 86.26776885986328 -91.26776885986328 208.6698760986328
    endloop
  endfacet
  facet normal -0.4473979361653866 0.8780672746397535 -0.16980267348209896
    outer loop
      vertex -85.99243927001953 94.09324645996094 211.70590209960938
      vertex -87.33878326416016 93.4072494506836 211.70590209960938
      vertex -87 93.83012390136719 213
    endloop
  endfacet
  facet normal -0.13052678607152238 -0.9914447831916002 0
    outer loop
      vertex -85.79409790039062 -94.32962799072266 213
      vertex -84.5 -94.5 232
      vertex -85.79409790039062 -94.32962799072266 232
    endloop
  endfacet
  facet normal -0.13052678607152238 -0.9914447831916002 0
    outer loop
      vertex -84.5 -94.5 232
      vertex -85.79409790039062 -94.32962799072266 213
      vertex -84.5 -94.5 213
    endloop
  endfacet
  facet normal 0 -1 0
    outer loop
      vertex -84.5 -94.5 213
      vertex 84.5 -94.5 232
      vertex -84.5 -94.5 232
    endloop
  endfacet
  facet normal 0 -1 0
    outer loop
      vertex 84.5 -94.5 232
      vertex -84.5 -94.5 213
      vertex 84.5 -94.5 213
    endloop
  endfacet
  facet normal -0.983105450308508 0.1294288869876152 -0.1294288869876152
    outer loop
      vertex -89.32962799072266 89.5 211.70590209960938
      vertex -89.5 89.5 213
      vertex -89.32962799072266 90.79409790039062 213
    endloop
  endfacet
  facet normal -0.9758200269734225 0.15455625991461658 -0.15455625991461658
    outer loop
      vertex -89.09324645996094 90.99243927001953 211.70590209960938
      vertex -89.32962799072266 89.5 211.70590209960938
      vertex -89.32962799072266 90.79409790039062 213
    endloop
  endfacet
  facet normal 0.749551681544212 -0.500838230174212 -0.43282022121223407
    outer loop
      vertex 88.4072494506836 -92.33878326416016 211.70590209960938
      vertex 87.56185913085938 -92.56185913085938 210.5
      vertex 88.50051879882812 -91.15706634521484 210.5
    endloop
  endfacet
  facet normal 0.6962113922009503 -0.6962113922009503 -0.17486965070940505
    outer loop
      vertex 88.03553771972656 -93.03553771972656 213
      vertex 87.33878326416016 -93.4072494506836 211.70590209960938
      vertex 88.4072494506836 -92.33878326416016 211.70590209960938
    endloop
  endfacet
  facet normal 0.4473979361653866 0.8780672746397535 -0.16980267348209896
    outer loop
      vertex 87.33878326416016 93.4072494506836 211.70590209960938
      vertex 85.99243927001953 94.09324645996094 211.70590209960938
      vertex 87 93.83012390136719 213
    endloop
  endfacet
  facet normal -0.3779712574637557 0.15656024442754343 -0.9124837633602337
    outer loop
      vertex -85.79409790039062 89.5 208.1703643798828
      vertex -87 89.5 208.6698760986328
      vertex -86.26776885986328 91.26776885986328 208.6698760986328
    endloop
  endfacet
  facet normal -0.51137543035663 0.2118178586067524 -0.8328435411305183
    outer loop
      vertex -87 89.5 208.6698760986328
      vertex -87.56185913085938 91.26776885986328 209.46446228027344
      vertex -86.26776885986328 91.26776885986328 208.6698760986328
    endloop
  endfacet
  facet normal 0.4563644662750625 -0.6829924963486003 -0.570309322958151
    outer loop
      vertex 87.56185913085938 -92.56185913085938 210.5
      vertex 86.15706634521484 -93.50051879882812 210.5
      vertex 86.26776885986328 -92.56185913085938 209.46446228027344
    endloop
  endfacet
  facet normal -0.12942328523107402 -0.12942328523107402 -0.9831069252527888
    outer loop
      vertex -84.5 -90.79409790039062 208.1703643798828
      vertex -85.79409790039062 -89.5 208.1703643798828
      vertex -84.5 -89.5 208
    endloop
  endfacet
  facet normal -0.15455625991461658 -0.9758200269734225 -0.15455625991461658
    outer loop
      vertex -85.79409790039062 -94.32962799072266 213
      vertex -85.99243927001953 -94.09324645996094 211.70590209960938
      vertex -84.5 -94.32962799072266 211.70590209960938
    endloop
  endfacet
  facet normal -0.4473979361653866 -0.8780672746397535 -0.16980267348209896
    outer loop
      vertex -87 -93.83012390136719 213
      vertex -87.33878326416016 -93.4072494506836 211.70590209960938
      vertex -85.99243927001953 -94.09324645996094 211.70590209960938
    endloop
  endfacet
  facet normal 0.38268544962028106 0.92387869693424 -1.192461735947154e-7
    outer loop
      vertex 87 93.83012390136719 232
      vertex 86.5 94.0372314453125 228
      vertex 85.79409790039062 94.32962799072266 232
    endloop
  endfacet
  facet normal 0.3826846353575044 0.9238790342145955 0
    outer loop
      vertex 87 93.83012390136719 213
      vertex 86.5 94.0372314453125 228
      vertex 87 93.83012390136719 232
    endloop
  endfacet
  facet normal 0.3826846353575044 0.9238790342145955 0
    outer loop
      vertex 86.5 94.0372314453125 228
      vertex 87 93.83012390136719 213
      vertex 86.5 94.0372314453125 214
    endloop
  endfacet
  facet normal 0.3826854496202402 0.9238786969341414 4.769846943788108e-7
    outer loop
      vertex 85.79409790039062 94.32962799072266 213
      vertex 86.5 94.0372314453125 214
      vertex 87 93.83012390136719 213
    endloop
  endfacet
  facet normal 0.3826860263730785 0.9238784580337305 0
    outer loop
      vertex 86.5 94.0372314453125 214
      vertex 85.79409790039062 94.32962799072266 213
      vertex 85.79409790039062 94.32962799072266 214
    endloop
  endfacet
  facet normal 0.3826860263730785 0.9238784580337305 0
    outer loop
      vertex 85.79409790039062 94.32962799072266 232
      vertex 86.5 94.0372314453125 228
      vertex 85.79409790039062 94.32962799072266 228
    endloop
  endfacet
  facet normal 0.983105450308508 -0.1294288869876152 -0.1294288869876152
    outer loop
      vertex 89.5 -89.5 213
      vertex 89.32962799072266 -90.79409790039062 213
      vertex 89.32962799072266 -89.5 211.70590209960938
    endloop
  endfacet
  facet normal 0.983105450308508 0.1294288869876152 -0.1294288869876152
    outer loop
      vertex 89.5 89.5 213
      vertex 89.32962799072266 89.5 211.70590209960938
      vertex 89.32962799072266 90.79409790039062 213
    endloop
  endfacet
  facet normal 0.8780672746397535 0.4473979361653866 -0.16980267348209896
    outer loop
      vertex 89.09324645996094 90.99243927001953 211.70590209960938
      vertex 88.4072494506836 92.33878326416016 211.70590209960938
      vertex 88.83012390136719 92 213
    endloop
  endfacet
  facet normal 0.918329052658623 0.3803866974984987 -0.10944273118531803
    outer loop
      vertex 89.09324645996094 90.99243927001953 211.70590209960938
      vertex 88.83012390136719 92 213
      vertex 89.32962799072266 90.79409790039062 213
    endloop
  endfacet
  facet normal -0.15656024442754343 0.3779712574637557 -0.9124837633602337
    outer loop
      vertex -84.5 90.79409790039062 208.1703643798828
      vertex -86.26776885986328 91.26776885986328 208.6698760986328
      vertex -84.5 92 208.6698760986328
    endloop
  endfacet
  facet normal -0.6829924963486003 0.4563644662750625 -0.570309322958151
    outer loop
      vertex -87.56185913085938 91.26776885986328 209.46446228027344
      vertex -88.50051879882812 91.15706634521484 210.5
      vertex -87.56185913085938 92.56185913085938 210.5
    endloop
  endfacet
  facet normal 0.3826854496202837 -0.9238786969342464 0
    outer loop
      vertex 85.79409790039062 -94.32962799072266 213
      vertex 87 -93.83012390136719 232
      vertex 85.79409790039062 -94.32962799072266 232
    endloop
  endfacet
  facet normal 0.3826854496202837 -0.9238786969342464 0
    outer loop
      vertex 87 -93.83012390136719 232
      vertex 85.79409790039062 -94.32962799072266 213
      vertex 87 -93.83012390136719 213
    endloop
  endfacet
  facet normal 0.13052678607152235 0.9914447831916001 0
    outer loop
      vertex 85.79409790039062 94.32962799072266 228
      vertex 84.5 94.5 232
      vertex 85.79409790039062 94.32962799072266 232
    endloop
  endfacet
  facet normal 0.13052678607152235 0.9914447831916001 0
    outer loop
      vertex 84.5 94.5 232
      vertex 85.79409790039062 94.32962799072266 228
      vertex 84.5 94.5 228
    endloop
  endfacet
  facet normal 0.13052678607152235 0.9914447831916001 0
    outer loop
      vertex 85.79409790039062 94.32962799072266 213
      vertex 84.5 94.5 214
      vertex 85.79409790039062 94.32962799072266 214
    endloop
  endfacet
  facet normal 0.13052678607152235 0.9914447831916001 0
    outer loop
      vertex 84.5 94.5 214
      vertex 85.79409790039062 94.32962799072266 213
      vertex 84.5 94.5 213
    endloop
  endfacet
  facet normal 0.9914447831916002 0.13052678607152238 0
    outer loop
      vertex 89.5 89.5 232
      vertex 89.32962799072266 90.79409790039062 213
      vertex 89.32962799072266 90.79409790039062 232
    endloop
  endfacet
  facet normal 0.9914447831916002 0.13052678607152238 0
    outer loop
      vertex 89.32962799072266 90.79409790039062 213
      vertex 89.5 89.5 232
      vertex 89.5 89.5 213
    endloop
  endfacet
  facet normal -0.9238786969342464 0.3826854496202837 0
    outer loop
      vertex -89.32962799072266 90.79409790039062 213
      vertex -88.83012390136719 92 232
      vertex -88.83012390136719 92 213
    endloop
  endfacet
  facet normal -0.9238786969342464 0.3826854496202837 0
    outer loop
      vertex -88.83012390136719 92 232
      vertex -89.32962799072266 90.79409790039062 213
      vertex -89.32962799072266 90.79409790039062 232
    endloop
  endfacet
  facet normal -0.3803866974984987 0.918329052658623 -0.10944273118531803
    outer loop
      vertex -85.99243927001953 94.09324645996094 211.70590209960938
      vertex -87 93.83012390136719 213
      vertex -85.79409790039062 94.32962799072266 213
    endloop
  endfacet
  facet normal -0.500838230174212 0.749551681544212 -0.43282022121223407
    outer loop
      vertex -86.15706634521484 93.50051879882812 210.5
      vertex -87.56185913085938 92.56185913085938 210.5
      vertex -87.33878326416016 93.4072494506836 211.70590209960938
    endloop
  endfacet
  facet normal 0.7933569877782133 -0.6087566754816575 0
    outer loop
      vertex 88.03553771972656 -93.03553771972656 232
      vertex 88.83012390136719 -92 213
      vertex 88.83012390136719 -92 232
    endloop
  endfacet
  facet normal 0.7933569877782133 -0.6087566754816575 0
    outer loop
      vertex 88.83012390136719 -92 213
      vertex 88.03553771972656 -93.03553771972656 232
      vertex 88.03553771972656 -93.03553771972656 213
    endloop
  endfacet
  facet normal -0.8340085698358818 -0.4249488890722018 -0.3519206545751593
    outer loop
      vertex -88.4072494506836 -92.33878326416016 211.70590209960938
      vertex -89.09324645996094 -90.99243927001953 211.70590209960938
      vertex -88.50051879882812 -91.15706634521484 210.5
    endloop
  endfacet
  facet normal 0.463616799939609 -0.463616799939609 -0.7550621998401942
    outer loop
      vertex 87.56185913085938 -91.26776885986328 209.46446228027344
      vertex 86.26776885986328 -92.56185913085938 209.46446228027344
      vertex 86.26776885986328 -91.26776885986328 208.6698760986328
    endloop
  endfacet
  facet normal -0.983105450308508 -0.1294288869876152 -0.1294288869876152
    outer loop
      vertex -89.32962799072266 -90.79409790039062 213
      vertex -89.5 -89.5 213
      vertex -89.32962799072266 -89.5 211.70590209960938
    endloop
  endfacet
  facet normal -0.8925718555606227 0.17754040978811678 -0.4144814658743312
    outer loop
      vertex -88.83012390136719 89.5 210.5
      vertex -89.09324645996094 90.99243927001953 211.70590209960938
      vertex -88.50051879882812 91.15706634521484 210.5
    endloop
  endfacet
  facet normal -0.4563644662750625 -0.6829924963486003 -0.570309322958151
    outer loop
      vertex -86.15706634521484 -93.50051879882812 210.5
      vertex -87.56185913085938 -92.56185913085938 210.5
      vertex -86.26776885986328 -92.56185913085938 209.46446228027344
    endloop
  endfacet
  facet normal 0.7933569877782133 0.6087566754816575 0
    outer loop
      vertex 88.83012390136719 92 232
      vertex 88.03553771972656 93.03553771972656 213
      vertex 88.03553771972656 93.03553771972656 232
    endloop
  endfacet
  facet normal 0.7933569877782133 0.6087566754816575 0
    outer loop
      vertex 88.03553771972656 93.03553771972656 213
      vertex 88.83012390136719 92 232
      vertex 88.83012390136719 92 213
    endloop
  endfacet
  facet normal 0.463616799939609 0.463616799939609 -0.7550621998401942
    outer loop
      vertex 87.56185913085938 91.26776885986328 209.46446228027344
      vertex 86.26776885986328 91.26776885986328 208.6698760986328
      vertex 86.26776885986328 92.56185913085938 209.46446228027344
    endloop
  endfacet
  facet normal -0.6642626914085484 -0.6642626914085484 -0.3427975402556781
    outer loop
      vertex -87.33878326416016 -93.4072494506836 211.70590209960938
      vertex -88.4072494506836 -92.33878326416016 211.70590209960938
      vertex -87.56185913085938 -92.56185913085938 210.5
    endloop
  endfacet
  facet normal 0.7933569877782133 0 -0.6087566754816573
    outer loop
      vertex 88.83012390136719 -89.5 210.5
      vertex 88.03553771972656 89.5 209.46446228027344
      vertex 88.83012390136719 89.5 210.5
    endloop
  endfacet
  facet normal 0.7933569877782133 0 -0.6087566754816573
    outer loop
      vertex 88.03553771972656 89.5 209.46446228027344
      vertex 88.83012390136719 -89.5 210.5
      vertex 88.03553771972656 -89.5 209.46446228027344
    endloop
  endfacet
  facet normal 0.7836593971452438 0.15587676178304666 -0.6013155447865826
    outer loop
      vertex 88.83012390136719 89.5 210.5
      vertex 88.03553771972656 89.5 209.46446228027344
      vertex 88.50051879882812 91.15706634521484 210.5
    endloop
  endfacet
  facet normal 0.9758200269734225 -0.15455625991461658 -0.15455625991461658
    outer loop
      vertex 89.32962799072266 -90.79409790039062 213
      vertex 89.09324645996094 -90.99243927001953 211.70590209960938
      vertex 89.32962799072266 -89.5 211.70590209960938
    endloop
  endfacet
  facet normal 0.9141435681796599 -0.14478757047143348 -0.37865300235537463
    outer loop
      vertex 89.09324645996094 -90.99243927001953 211.70590209960938
      vertex 88.83012390136719 -89.5 210.5
      vertex 89.32962799072266 -89.5 211.70590209960938
    endloop
  endfacet
  facet normal 0 0.9238786969342465 -0.3826854496202838
    outer loop
      vertex -80.5 93.83012390136719 210.5
      vertex -84.5 94.32962799072266 211.70590209960938
      vertex -80.5 94.32962799072266 211.70590209960938
    endloop
  endfacet
  facet normal 0 0.9238786969342465 -0.3826854496202838
    outer loop
      vertex -84.5 94.32962799072266 211.70590209960938
      vertex -80.5 93.83012390136719 210.5
      vertex -84.5 93.83012390136719 210.5
    endloop
  endfacet
  facet normal 0 0.9238786969342465 -0.3826854496202838
    outer loop
      vertex 84.5 93.83012390136719 210.5
      vertex 80.5 94.32962799072266 211.70590209960938
      vertex 84.5 94.32962799072266 211.70590209960938
    endloop
  endfacet
  facet normal 0 0.9238786969342465 -0.3826854496202838
    outer loop
      vertex 80.5 94.32962799072266 211.70590209960938
      vertex 84.5 93.83012390136719 210.5
      vertex 80.5 93.83012390136719 210.5
    endloop
  endfacet
  facet normal 0.4249488890722018 0.8340085698358818 -0.3519206545751593
    outer loop
      vertex 86.15706634521484 93.50051879882812 210.5
      vertex 85.99243927001953 94.09324645996094 211.70590209960938
      vertex 87.33878326416016 93.4072494506836 211.70590209960938
    endloop
  endfacet
  facet normal 0 0.6087566754816575 -0.7933569877782134
    outer loop
      vertex -84.5 92 208.6698760986328
      vertex -80.5 93.03553771972656 209.46446228027344
      vertex -80.5 92 208.6698760986328
    endloop
  endfacet
  facet normal 0 0.6087566754816575 -0.7933569877782134
    outer loop
      vertex -80.5 93.03553771972656 209.46446228027344
      vertex -84.5 92 208.6698760986328
      vertex -84.5 93.03553771972656 209.46446228027344
    endloop
  endfacet
  facet normal 0 0.6087566754816575 -0.7933569877782134
    outer loop
      vertex 80.5 92 208.6698760986328
      vertex 84.5 93.03553771972656 209.46446228027344
      vertex 84.5 92 208.6698760986328
    endloop
  endfacet
  facet normal 0 0.6087566754816575 -0.7933569877782134
    outer loop
      vertex 84.5 93.03553771972656 209.46446228027344
      vertex 80.5 92 208.6698760986328
      vertex 80.5 93.03553771972656 209.46446228027344
    endloop
  endfacet
  facet normal -0.7933569877782133 0.6087566754816575 0
    outer loop
      vertex -88.83012390136719 92 213
      vertex -88.03553771972656 93.03553771972656 232
      vertex -88.03553771972656 93.03553771972656 213
    endloop
  endfacet
  facet normal -0.7933569877782133 0.6087566754816575 0
    outer loop
      vertex -88.03553771972656 93.03553771972656 232
      vertex -88.83012390136719 92 213
      vertex -88.83012390136719 92 232
    endloop
  endfacet
  facet normal -0.918329052658623 0.3803866974984987 -0.10944273118531803
    outer loop
      vertex -89.09324645996094 90.99243927001953 211.70590209960938
      vertex -89.32962799072266 90.79409790039062 213
      vertex -88.83012390136719 92 213
    endloop
  endfacet
  facet normal -0.7367426048007583 0.1974122326305426 -0.6467138043054426
    outer loop
      vertex -88.03553771972656 89.5 209.46446228027344
      vertex -88.50051879882812 91.15706634521484 210.5
      vertex -87.56185913085938 91.26776885986328 209.46446228027344
    endloop
  endfacet
  facet normal -0.6008160432561518 0.16099033193759926 -0.7830084260010511
    outer loop
      vertex -87 89.5 208.6698760986328
      vertex -88.03553771972656 89.5 209.46446228027344
      vertex -87.56185913085938 91.26776885986328 209.46446228027344
    endloop
  endfacet
  facet normal -0.9914447831916002 0.13052678607152238 0
    outer loop
      vertex -89.5 89.5 213
      vertex -89.32962799072266 90.79409790039062 232
      vertex -89.32962799072266 90.79409790039062 213
    endloop
  endfacet
  facet normal -0.9914447831916002 0.13052678607152238 0
    outer loop
      vertex -89.32962799072266 90.79409790039062 232
      vertex -89.5 89.5 213
      vertex -89.5 89.5 232
    endloop
  endfacet
  facet normal -0.1294288869876152 0.983105450308508 -0.1294288869876152
    outer loop
      vertex -84.5 94.32962799072266 211.70590209960938
      vertex -85.79409790039062 94.32962799072266 213
      vertex -84.5 94.5 213
    endloop
  endfacet
  facet normal -0.15455625991461658 0.9758200269734225 -0.15455625991461658
    outer loop
      vertex -84.5 94.32962799072266 211.70590209960938
      vertex -85.99243927001953 94.09324645996094 211.70590209960938
      vertex -85.79409790039062 94.32962799072266 213
    endloop
  endfacet
  facet normal 0.4249488890722018 -0.8340085698358818 -0.3519206545751593
    outer loop
      vertex 87.33878326416016 -93.4072494506836 211.70590209960938
      vertex 85.99243927001953 -94.09324645996094 211.70590209960938
      vertex 86.15706634521484 -93.50051879882812 210.5
    endloop
  endfacet
  facet normal 0.5298725239493968 -0.5298725239493968 -0.6621708365119924
    outer loop
      vertex 87.56185913085938 -92.56185913085938 210.5
      vertex 86.26776885986328 -92.56185913085938 209.46446228027344
      vertex 87.56185913085938 -91.26776885986328 209.46446228027344
    endloop
  endfacet
  facet normal 0.6829924963486003 -0.4563644662750625 -0.570309322958151
    outer loop
      vertex 88.50051879882812 -91.15706634521484 210.5
      vertex 87.56185913085938 -92.56185913085938 210.5
      vertex 87.56185913085938 -91.26776885986328 209.46446228027344
    endloop
  endfacet
  facet normal 0.16099033193759926 -0.6008160432561518 -0.7830084260010511
    outer loop
      vertex 86.26776885986328 -92.56185913085938 209.46446228027344
      vertex 84.5 -93.03553771972656 209.46446228027344
      vertex 84.5 -92 208.6698760986328
    endloop
  endfacet
  facet normal -0.500838230174212 -0.749551681544212 -0.43282022121223407
    outer loop
      vertex -87.33878326416016 -93.4072494506836 211.70590209960938
      vertex -87.56185913085938 -92.56185913085938 210.5
      vertex -86.15706634521484 -93.50051879882812 210.5
    endloop
  endfacet
  facet normal -0.7894291222446325 -0.6057427556438074 -0.09938498345884904
    outer loop
      vertex -88.03553771972656 -93.03553771972656 213
      vertex -88.83012390136719 -92 213
      vertex -88.4072494506836 -92.33878326416016 211.70590209960938
    endloop
  endfacet
  facet normal -0.3779712574637557 -0.15656024442754343 -0.9124837633602337
    outer loop
      vertex -86.26776885986328 -91.26776885986328 208.6698760986328
      vertex -87 -89.5 208.6698760986328
      vertex -85.79409790039062 -89.5 208.1703643798828
    endloop
  endfacet
  facet normal 0 -0.7933569877782133 -0.6087566754816575
    outer loop
      vertex -84.5 -93.03553771972656 209.46446228027344
      vertex 84.5 -93.83012390136719 210.5
      vertex -84.5 -93.83012390136719 210.5
    endloop
  endfacet
  facet normal 0 -0.7933569877782133 -0.6087566754816575
    outer loop
      vertex 84.5 -93.83012390136719 210.5
      vertex -84.5 -93.03553771972656 209.46446228027344
      vertex 84.5 -93.03553771972656 209.46446228027344
    endloop
  endfacet
  facet normal -0.5298725239493968 -0.5298725239493968 -0.6621708365119924
    outer loop
      vertex -86.26776885986328 -92.56185913085938 209.46446228027344
      vertex -87.56185913085938 -92.56185913085938 210.5
      vertex -87.56185913085938 -91.26776885986328 209.46446228027344
    endloop
  endfacet
  facet normal -0.918329052658623 -0.3803866974984987 -0.10944273118531803
    outer loop
      vertex -88.83012390136719 -92 213
      vertex -89.32962799072266 -90.79409790039062 213
      vertex -89.09324645996094 -90.99243927001953 211.70590209960938
    endloop
  endfacet
  facet normal 0.000003582458991220021 0.1305024153820543 -0.9914479913573963
    outer loop
      vertex -81.79409790039062 90.32962799072266 208.10922241210938
      vertex -80.5 90.79409790039062 208.1703643798828
      vertex -80.5 90.5 208.13165283203125
    endloop
  endfacet
  facet normal 0 0.13052104055558153 -0.9914455395896883
    outer loop
      vertex -84.5 90.79409790039062 208.1703643798828
      vertex -83.43022918701172 89.5 208
      vertex -84.5 89.5 208
    endloop
  endfacet
  facet normal -0.000004032446474972771 0.1305177639045922 -0.991445970937945
    outer loop
      vertex -83.43022918701172 89.5 208
      vertex -84.5 90.79409790039062 208.1703643798828
      vertex -83 89.83012390136719 208.04345703125
    endloop
  endfacet
  facet normal 0.0000027888923417381034 0.1305281974769335 -0.9914445973707481
    outer loop
      vertex -83 89.83012390136719 208.04345703125
      vertex -84.5 90.79409790039062 208.1703643798828
      vertex -81.79409790039062 90.32962799072266 208.10922241210938
    endloop
  endfacet
  facet normal 0 0.13051222675624705 -0.991446699861937
    outer loop
      vertex -81.79409790039062 90.32962799072266 208.10922241210938
      vertex -84.5 90.79409790039062 208.1703643798828
      vertex -80.5 90.79409790039062 208.1703643798828
    endloop
  endfacet
  facet normal 0 0.13052104055558153 -0.9914455395896883
    outer loop
      vertex 83.43022918701172 89.5 208
      vertex 84.5 90.79409790039062 208.1703643798828
      vertex 84.5 89.5 208
    endloop
  endfacet
  facet normal 0.000004032446474972771 0.1305177639045922 -0.991445970937945
    outer loop
      vertex 83 89.83012390136719 208.04345703125
      vertex 84.5 90.79409790039062 208.1703643798828
      vertex 83.43022918701172 89.5 208
    endloop
  endfacet
  facet normal -0.0000027888923417381034 0.1305281974769335 -0.9914445973707481
    outer loop
      vertex 81.79409790039062 90.32962799072266 208.10922241210938
      vertex 84.5 90.79409790039062 208.1703643798828
      vertex 83 89.83012390136719 208.04345703125
    endloop
  endfacet
  facet normal -0.000003582458991220021 0.1305024153820543 -0.9914479913573963
    outer loop
      vertex 80.5 90.79409790039062 208.1703643798828
      vertex 81.79409790039062 90.32962799072266 208.10922241210938
      vertex 80.5 90.5 208.13165283203125
    endloop
  endfacet
  facet normal 0 0.13051222675624705 -0.991446699861937
    outer loop
      vertex 81.79409790039062 90.32962799072266 208.10922241210938
      vertex 80.5 90.79409790039062 208.1703643798828
      vertex 84.5 90.79409790039062 208.1703643798828
    endloop
  endfacet
  facet normal 0 0.3826904387112743 -0.9238766303565495
    outer loop
      vertex -84.5 90.79409790039062 208.1703643798828
      vertex -80.5 92 208.6698760986328
      vertex -80.5 90.79409790039062 208.1703643798828
    endloop
  endfacet
  facet normal 0 0.3826904387112743 -0.9238766303565495
    outer loop
      vertex -80.5 92 208.6698760986328
      vertex -84.5 90.79409790039062 208.1703643798828
      vertex -84.5 92 208.6698760986328
    endloop
  endfacet
  facet normal 0 0.3826904387112743 -0.9238766303565495
    outer loop
      vertex 80.5 90.79409790039062 208.1703643798828
      vertex 84.5 92 208.6698760986328
      vertex 84.5 90.79409790039062 208.1703643798828
    endloop
  endfacet
  facet normal 0 0.3826904387112743 -0.9238766303565495
    outer loop
      vertex 84.5 92 208.6698760986328
      vertex 80.5 90.79409790039062 208.1703643798828
      vertex 80.5 92 208.6698760986328
    endloop
  endfacet
  facet normal 0.15656024442754343 0.3779712574637557 -0.9124837633602337
    outer loop
      vertex 86.26776885986328 91.26776885986328 208.6698760986328
      vertex 84.5 90.79409790039062 208.1703643798828
      vertex 84.5 92 208.6698760986328
    endloop
  endfacet
  facet normal 0.749551681544212 0.500838230174212 -0.43282022121223407
    outer loop
      vertex 88.50051879882812 91.15706634521484 210.5
      vertex 87.56185913085938 92.56185913085938 210.5
      vertex 88.4072494506836 92.33878326416016 211.70590209960938
    endloop
  endfacet
  facet normal 0.9914447831916001 0 -0.13052678607152235
    outer loop
      vertex 89.5 -89.5 213
      vertex 89.32962799072266 89.5 211.70590209960938
      vertex 89.5 89.5 213
    endloop
  endfacet
  facet normal 0.9914447831916001 0 -0.13052678607152235
    outer loop
      vertex 89.32962799072266 89.5 211.70590209960938
      vertex 89.5 -89.5 213
      vertex 89.32962799072266 -89.5 211.70590209960938
    endloop
  endfacet
  facet normal 0.9238786969342464 0 -0.3826854496202837
    outer loop
      vertex 89.32962799072266 -89.5 211.70590209960938
      vertex 88.83012390136719 89.5 210.5
      vertex 89.32962799072266 89.5 211.70590209960938
    endloop
  endfacet
  facet normal 0.9238786969342464 0 -0.3826854496202837
    outer loop
      vertex 88.83012390136719 89.5 210.5
      vertex 89.32962799072266 -89.5 211.70590209960938
      vertex 88.83012390136719 -89.5 210.5
    endloop
  endfacet
  facet normal 0.1294288869876152 0.983105450308508 -0.1294288869876152
    outer loop
      vertex 85.79409790039062 94.32962799072266 213
      vertex 84.5 94.32962799072266 211.70590209960938
      vertex 84.5 94.5 213
    endloop
  endfacet
  facet normal -0.14478757047143348 0.9141435681796599 -0.37865300235537463
    outer loop
      vertex -84.5 93.83012390136719 210.5
      vertex -85.99243927001953 94.09324645996094 211.70590209960938
      vertex -84.5 94.32962799072266 211.70590209960938
    endloop
  endfacet
  facet normal 0.14478757047143348 0.9141435681796599 -0.37865300235537463
    outer loop
      vertex 85.99243927001953 94.09324645996094 211.70590209960938
      vertex 84.5 93.83012390136719 210.5
      vertex 84.5 94.32962799072266 211.70590209960938
    endloop
  endfacet
  facet normal 0.15455625991461658 0.9758200269734225 -0.15455625991461658
    outer loop
      vertex 85.99243927001953 94.09324645996094 211.70590209960938
      vertex 84.5 94.32962799072266 211.70590209960938
      vertex 85.79409790039062 94.32962799072266 213
    endloop
  endfacet
  facet normal 0.6829924963486003 0.4563644662750625 -0.570309322958151
    outer loop
      vertex 88.50051879882812 91.15706634521484 210.5
      vertex 87.56185913085938 91.26776885986328 209.46446228027344
      vertex 87.56185913085938 92.56185913085938 210.5
    endloop
  endfacet
  facet normal 0.2118178586067524 0.51137543035663 -0.8328435411305183
    outer loop
      vertex 86.26776885986328 91.26776885986328 208.6698760986328
      vertex 84.5 92 208.6698760986328
      vertex 86.26776885986328 92.56185913085938 209.46446228027344
    endloop
  endfacet
  facet normal -0.463616799939609 -0.463616799939609 -0.7550621998401942
    outer loop
      vertex -86.26776885986328 -92.56185913085938 209.46446228027344
      vertex -87.56185913085938 -91.26776885986328 209.46446228027344
      vertex -86.26776885986328 -91.26776885986328 208.6698760986328
    endloop
  endfacet
  facet normal -0.7836593971452438 -0.15587676178304666 -0.6013155447865826
    outer loop
      vertex -88.50051879882812 -91.15706634521484 210.5
      vertex -88.83012390136719 -89.5 210.5
      vertex -88.03553771972656 -89.5 209.46446228027344
    endloop
  endfacet
  facet normal -0.4249488890722018 0.8340085698358818 -0.3519206545751593
    outer loop
      vertex -86.15706634521484 93.50051879882812 210.5
      vertex -87.33878326416016 93.4072494506836 211.70590209960938
      vertex -85.99243927001953 94.09324645996094 211.70590209960938
    endloop
  endfacet
  facet normal -0.7836593971452438 0.15587676178304666 -0.6013155447865826
    outer loop
      vertex -88.03553771972656 89.5 209.46446228027344
      vertex -88.83012390136719 89.5 210.5
      vertex -88.50051879882812 91.15706634521484 210.5
    endloop
  endfacet
  facet normal -0.4563644662750625 0.6829924963486003 -0.570309322958151
    outer loop
      vertex -86.26776885986328 92.56185913085938 209.46446228027344
      vertex -87.56185913085938 92.56185913085938 210.5
      vertex -86.15706634521484 93.50051879882812 210.5
    endloop
  endfacet
  facet normal -0.3826860263730785 0.9238784580337305 0
    outer loop
      vertex -85.79409790039062 94.32962799072266 214
      vertex -85.79409790039062 94.32962799072266 213
      vertex -86.5 94.0372314453125 214
    endloop
  endfacet
  facet normal -0.3826860263730785 0.9238784580337305 0
    outer loop
      vertex -86.5 94.0372314453125 228
      vertex -85.79409790039062 94.32962799072266 232
      vertex -85.79409790039062 94.32962799072266 228
    endloop
  endfacet
  facet normal -0.38268544962028106 0.92387869693424 -1.192461735947154e-7
    outer loop
      vertex -85.79409790039062 94.32962799072266 232
      vertex -86.5 94.0372314453125 228
      vertex -87 93.83012390136719 232
    endloop
  endfacet
  facet normal -0.3826846353575044 0.9238790342145955 0
    outer loop
      vertex -87 93.83012390136719 213
      vertex -86.5 94.0372314453125 228
      vertex -86.5 94.0372314453125 214
    endloop
  endfacet
  facet normal -0.3826846353575044 0.9238790342145955 0
    outer loop
      vertex -86.5 94.0372314453125 228
      vertex -87 93.83012390136719 213
      vertex -87 93.83012390136719 232
    endloop
  endfacet
  facet normal -0.3826854496202402 0.9238786969341414 4.769846943788108e-7
    outer loop
      vertex -87 93.83012390136719 213
      vertex -86.5 94.0372314453125 214
      vertex -85.79409790039062 94.32962799072266 213
    endloop
  endfacet
  facet normal -0.463616799939609 0.463616799939609 -0.7550621998401942
    outer loop
      vertex -86.26776885986328 91.26776885986328 208.6698760986328
      vertex -87.56185913085938 91.26776885986328 209.46446228027344
      vertex -86.26776885986328 92.56185913085938 209.46446228027344
    endloop
  endfacet
  facet normal -0.13052678607152235 0.9914447831916001 0
    outer loop
      vertex -84.5 94.5 213
      vertex -85.79409790039062 94.32962799072266 214
      vertex -84.5 94.5 214
    endloop
  endfacet
  facet normal -0.13052678607152235 0.9914447831916001 0
    outer loop
      vertex -85.79409790039062 94.32962799072266 214
      vertex -84.5 94.5 213
      vertex -85.79409790039062 94.32962799072266 213
    endloop
  endfacet
  facet normal -0.13052678607152235 0.9914447831916001 0
    outer loop
      vertex -84.5 94.5 228
      vertex -85.79409790039062 94.32962799072266 232
      vertex -84.5 94.5 232
    endloop
  endfacet
  facet normal -0.13052678607152235 0.9914447831916001 0
    outer loop
      vertex -85.79409790039062 94.32962799072266 232
      vertex -84.5 94.5 228
      vertex -85.79409790039062 94.32962799072266 228
    endloop
  endfacet
  facet normal 0.13052678607152238 -0.9914447831916002 0
    outer loop
      vertex 84.5 -94.5 213
      vertex 85.79409790039062 -94.32962799072266 232
      vertex 84.5 -94.5 232
    endloop
  endfacet
  facet normal 0.13052678607152238 -0.9914447831916002 0
    outer loop
      vertex 85.79409790039062 -94.32962799072266 232
      vertex 84.5 -94.5 213
      vertex 85.79409790039062 -94.32962799072266 213
    endloop
  endfacet
  facet normal 0 -0.6087566754816575 -0.7933569877782133
    outer loop
      vertex -84.5 -93.03553771972656 209.46446228027344
      vertex 84.5 -92 208.6698760986328
      vertex 84.5 -93.03553771972656 209.46446228027344
    endloop
  endfacet
  facet normal 0 -0.6087566754816575 -0.7933569877782133
    outer loop
      vertex 84.5 -92 208.6698760986328
      vertex -84.5 -93.03553771972656 209.46446228027344
      vertex -84.5 -92 208.6698760986328
    endloop
  endfacet
  facet normal 0.15656024442754343 -0.3779712574637557 -0.9124837633602337
    outer loop
      vertex 86.26776885986328 -91.26776885986328 208.6698760986328
      vertex 84.5 -92 208.6698760986328
      vertex 84.5 -90.79409790039062 208.1703643798828
    endloop
  endfacet
  facet normal 0.15587676178304666 -0.7836593971452438 -0.6013155447865826
    outer loop
      vertex 86.15706634521484 -93.50051879882812 210.5
      vertex 84.5 -93.83012390136719 210.5
      vertex 84.5 -93.03553771972656 209.46446228027344
    endloop
  endfacet
  facet normal -0.3803866974984987 -0.918329052658623 -0.10944273118531803
    outer loop
      vertex -85.79409790039062 -94.32962799072266 213
      vertex -87 -93.83012390136719 213
      vertex -85.99243927001953 -94.09324645996094 211.70590209960938
    endloop
  endfacet
  facet normal -0.13052104055558153 0 -0.9914455395896883
    outer loop
      vertex -85.79409790039062 -89.5 208.1703643798828
      vertex -84.5 -88.43022918701172 208
      vertex -84.5 -89.5 208
    endloop
  endfacet
  facet normal -0.1305177639045922 -0.000004032446474972771 -0.991445970937945
    outer loop
      vertex -84.5 -88.43022918701172 208
      vertex -85.79409790039062 -89.5 208.1703643798828
      vertex -84.83012390136719 -88 208.04345703125
    endloop
  endfacet
  facet normal -0.13050241538289173 0 -0.9914479913637584
    outer loop
      vertex -85.5 -85.5 208.13165283203125
      vertex -85.79409790039062 -89.5 208.1703643798828
      vertex -85.5 85.5 208.13165283203125
    endloop
  endfacet
  facet normal -0.13051957824477425 0.0000012837553403614036 -0.9914457320969001
    outer loop
      vertex -85.32962799072266 -86.79409790039062 208.10922241210938
      vertex -85.79409790039062 -89.5 208.1703643798828
      vertex -85.5 -85.5 208.13165283203125
    endloop
  endfacet
  facet normal -0.1305281974769335 0.0000027888923417381034 -0.9914445973707481
    outer loop
      vertex -84.83012390136719 -88 208.04345703125
      vertex -85.79409790039062 -89.5 208.1703643798828
      vertex -85.32962799072266 -86.79409790039062 208.10922241210938
    endloop
  endfacet
  facet normal -0.1305177639045922 0.000004032446474972771 -0.991445970937945
    outer loop
      vertex -85.79409790039062 89.5 208.1703643798828
      vertex -84.5 88.43022918701172 208
      vertex -84.83012390136719 88 208.04345703125
    endloop
  endfacet
  facet normal -0.1305281974769335 -0.0000027888923417381034 -0.9914445973707481
    outer loop
      vertex -85.79409790039062 89.5 208.1703643798828
      vertex -84.83012390136719 88 208.04345703125
      vertex -85.32962799072266 86.79409790039062 208.10922241210938
    endloop
  endfacet
  facet normal -0.13052104055558153 0 -0.9914455395896883
    outer loop
      vertex -84.5 88.43022918701172 208
      vertex -85.79409790039062 89.5 208.1703643798828
      vertex -84.5 89.5 208
    endloop
  endfacet
  facet normal -0.13051957824477425 -0.0000012837553403614036 -0.9914457320969001
    outer loop
      vertex -85.5 85.5 208.13165283203125
      vertex -85.79409790039062 89.5 208.1703643798828
      vertex -85.32962799072266 86.79409790039062 208.10922241210938
    endloop
  endfacet
  facet normal -0.13050241538289173 0 -0.9914479913637585
    outer loop
      vertex -85.79409790039062 89.5 208.1703643798828
      vertex -85.5 85.5 208.13165283203125
      vertex -85.79409790039062 -89.5 208.1703643798828
    endloop
  endfacet
  facet normal -0.1294288869876152 -0.983105450308508 -0.1294288869876152
    outer loop
      vertex -84.5 -94.5 213
      vertex -85.79409790039062 -94.32962799072266 213
      vertex -84.5 -94.32962799072266 211.70590209960938
    endloop
  endfacet
  facet normal -0.3826854496202837 -0.9238786969342464 0
    outer loop
      vertex -87 -93.83012390136719 213
      vertex -85.79409790039062 -94.32962799072266 232
      vertex -87 -93.83012390136719 232
    endloop
  endfacet
  facet normal -0.3826854496202837 -0.9238786969342464 0
    outer loop
      vertex -85.79409790039062 -94.32962799072266 232
      vertex -87 -93.83012390136719 213
      vertex -85.79409790039062 -94.32962799072266 213
    endloop
  endfacet
  facet normal -0.21254708681282264 -0.21254708681282264 -0.953754408521798
    outer loop
      vertex -84.5 -90.79409790039062 208.1703643798828
      vertex -86.26776885986328 -91.26776885986328 208.6698760986328
      vertex -85.79409790039062 -89.5 208.1703643798828
    endloop
  endfacet
  facet normal -0.8925718555606227 -0.17754040978811678 -0.4144814658743312
    outer loop
      vertex -88.50051879882812 -91.15706634521484 210.5
      vertex -89.09324645996094 -90.99243927001953 211.70590209960938
      vertex -88.83012390136719 -89.5 210.5
    endloop
  endfacet
  facet normal -0.9238786969342464 0 -0.3826854496202837
    outer loop
      vertex -88.83012390136719 -89.5 210.5
      vertex -89.32962799072266 89.5 211.70590209960938
      vertex -88.83012390136719 89.5 210.5
    endloop
  endfacet
  facet normal -0.9238786969342464 0 -0.3826854496202837
    outer loop
      vertex -89.32962799072266 89.5 211.70590209960938
      vertex -88.83012390136719 -89.5 210.5
      vertex -89.32962799072266 -89.5 211.70590209960938
    endloop
  endfacet
  facet normal -1 0 0
    outer loop
      vertex -89.5 89.5 213
      vertex -89.5 -26.58435821533203 230
      vertex -89.5 89.5 232
    endloop
  endfacet
  facet normal -1 0 0
    outer loop
      vertex -89.5 89.5 213
      vertex -89.5 -34.0484619140625 228
      vertex -89.5 -26.58435821533203 230
    endloop
  endfacet
  facet normal -1 0 0
    outer loop
      vertex -89.5 -89.5 213
      vertex -89.5 -34.0484619140625 228
      vertex -89.5 89.5 213
    endloop
  endfacet
  facet normal -1 0 0
    outer loop
      vertex -89.5 -34.0484619140625 228
      vertex -89.5 -89.5 213
      vertex -89.5 -66.53388977050781 228
    endloop
  endfacet
  facet normal -1 0 0
    outer loop
      vertex -89.5 -66.53388977050781 228
      vertex -89.5 -89.5 213
      vertex -89.5 -88.00142669677734 228
    endloop
  endfacet
  facet normal -1 0 0
    outer loop
      vertex -89.5 -88.00142669677734 228
      vertex -89.5 -89.5 213
      vertex -89.5 -89.5 228
    endloop
  endfacet
  facet normal -1 0 0
    outer loop
      vertex -89.5 -89.5 232
      vertex -89.5 -26.58435821533203 230
      vertex -89.5 -59.06978988647461 230
    endloop
  endfacet
  facet normal -1 0 0
    outer loop
      vertex -89.5 -89.5 232
      vertex -89.5 -66.53388977050781 228
      vertex -89.5 -88.00142669677734 228
    endloop
  endfacet
  facet normal -1 0 0
    outer loop
      vertex -89.5 -89.5 232
      vertex -89.5 -88.00142669677734 228
      vertex -89.5 -88.98284912109375 230
    endloop
  endfacet
  facet normal -1 0 0
    outer loop
      vertex -89.5 -66.53388977050781 228
      vertex -89.5 -89.5 232
      vertex -89.5 -59.06978988647461 230
    endloop
  endfacet
  facet normal -1 0 0
    outer loop
      vertex -89.5 -89.5 232
      vertex -89.5 -88.98284912109375 230
      vertex -89.5 -89.5 230
    endloop
  endfacet
  facet normal -1 0 0
    outer loop
      vertex -89.5 -26.58435821533203 230
      vertex -89.5 -89.5 232
      vertex -89.5 89.5 232
    endloop
  endfacet
  facet normal -0.9141435681796599 -0.14478757047143348 -0.37865300235537463
    outer loop
      vertex -89.09324645996094 -90.99243927001953 211.70590209960938
      vertex -89.32962799072266 -89.5 211.70590209960938
      vertex -88.83012390136719 -89.5 210.5
    endloop
  endfacet
  facet normal -0.2118178586067524 0.51137543035663 -0.8328435411305183
    outer loop
      vertex -84.5 92 208.6698760986328
      vertex -86.26776885986328 91.26776885986328 208.6698760986328
      vertex -86.26776885986328 92.56185913085938 209.46446228027344
    endloop
  endfacet
  facet normal -0.16099033193759926 0.6008160432561518 -0.7830084260010511
    outer loop
      vertex -84.5 92 208.6698760986328
      vertex -86.26776885986328 92.56185913085938 209.46446228027344
      vertex -84.5 93.03553771972656 209.46446228027344
    endloop
  endfacet
  facet normal 0.12942328523107402 0.12942328523107402 -0.9831069252527888
    outer loop
      vertex 85.79409790039062 89.5 208.1703643798828
      vertex 84.5 89.5 208
      vertex 84.5 90.79409790039062 208.1703643798828
    endloop
  endfacet
  facet normal 0.51137543035663 0.2118178586067524 -0.8328435411305183
    outer loop
      vertex 87 89.5 208.6698760986328
      vertex 86.26776885986328 91.26776885986328 208.6698760986328
      vertex 87.56185913085938 91.26776885986328 209.46446228027344
    endloop
  endfacet
  facet normal 0.17754040978811678 0.8925718555606227 -0.4144814658743312
    outer loop
      vertex 86.15706634521484 93.50051879882812 210.5
      vertex 84.5 93.83012390136719 210.5
      vertex 85.99243927001953 94.09324645996094 211.70590209960938
    endloop
  endfacet
  facet normal 0.9758200269734225 0.15455625991461658 -0.15455625991461658
    outer loop
      vertex 89.32962799072266 89.5 211.70590209960938
      vertex 89.09324645996094 90.99243927001953 211.70590209960938
      vertex 89.32962799072266 90.79409790039062 213
    endloop
  endfacet
  facet normal 0.9141435681796599 0.14478757047143348 -0.37865300235537463
    outer loop
      vertex 89.32962799072266 89.5 211.70590209960938
      vertex 88.83012390136719 89.5 210.5
      vertex 89.09324645996094 90.99243927001953 211.70590209960938
    endloop
  endfacet
  facet normal 0.6962113922009503 0.6962113922009503 -0.17486965070940505
    outer loop
      vertex 88.4072494506836 92.33878326416016 211.70590209960938
      vertex 87.33878326416016 93.4072494506836 211.70590209960938
      vertex 88.03553771972656 93.03553771972656 213
    endloop
  endfacet
  facet normal 0.3803866974984987 0.918329052658623 -0.10944273118531803
    outer loop
      vertex 85.99243927001953 94.09324645996094 211.70590209960938
      vertex 85.79409790039062 94.32962799072266 213
      vertex 87 93.83012390136719 213
    endloop
  endfacet
  facet normal -0.7933569877782133 0 -0.6087566754816573
    outer loop
      vertex -88.03553771972656 -89.5 209.46446228027344
      vertex -88.83012390136719 89.5 210.5
      vertex -88.03553771972656 89.5 209.46446228027344
    endloop
  endfacet
  facet normal -0.7933569877782133 0 -0.6087566754816573
    outer loop
      vertex -88.83012390136719 89.5 210.5
      vertex -88.03553771972656 -89.5 209.46446228027344
      vertex -88.83012390136719 -89.5 210.5
    endloop
  endfacet
  facet normal -0.9758200269734225 -0.15455625991461658 -0.15455625991461658
    outer loop
      vertex -89.09324645996094 -90.99243927001953 211.70590209960938
      vertex -89.32962799072266 -90.79409790039062 213
      vertex -89.32962799072266 -89.5 211.70590209960938
    endloop
  endfacet
  facet normal 0 0.7933569877782134 -0.6087566754816575
    outer loop
      vertex 84.5 93.03553771972656 209.46446228027344
      vertex 80.5 93.83012390136719 210.5
      vertex 84.5 93.83012390136719 210.5
    endloop
  endfacet
  facet normal 0 0.7933569877782134 -0.6087566754816575
    outer loop
      vertex 80.5 93.83012390136719 210.5
      vertex 84.5 93.03553771972656 209.46446228027344
      vertex 80.5 93.03553771972656 209.46446228027344
    endloop
  endfacet
  facet normal 0 0.7933569877782134 -0.6087566754816575
    outer loop
      vertex -80.5 93.03553771972656 209.46446228027344
      vertex -84.5 93.83012390136719 210.5
      vertex -80.5 93.83012390136719 210.5
    endloop
  endfacet
  facet normal 0 0.7933569877782134 -0.6087566754816575
    outer loop
      vertex -84.5 93.83012390136719 210.5
      vertex -80.5 93.03553771972656 209.46446228027344
      vertex -84.5 93.03553771972656 209.46446228027344
    endloop
  endfacet
  facet normal -0.1974122326305426 0.7367426048007583 -0.6467138043054426
    outer loop
      vertex -84.5 93.03553771972656 209.46446228027344
      vertex -86.26776885986328 92.56185913085938 209.46446228027344
      vertex -86.15706634521484 93.50051879882812 210.5
    endloop
  endfacet
  facet normal -0.5298725239493968 0.5298725239493968 -0.6621708365119924
    outer loop
      vertex -86.26776885986328 92.56185913085938 209.46446228027344
      vertex -87.56185913085938 91.26776885986328 209.46446228027344
      vertex -87.56185913085938 92.56185913085938 210.5
    endloop
  endfacet
  facet normal 0.1974122326305426 -0.7367426048007583 -0.6467138043054426
    outer loop
      vertex 86.15706634521484 -93.50051879882812 210.5
      vertex 84.5 -93.03553771972656 209.46446228027344
      vertex 86.26776885986328 -92.56185913085938 209.46446228027344
    endloop
  endfacet
  facet normal 0.1294288869876152 -0.983105450308508 -0.1294288869876152
    outer loop
      vertex 85.79409790039062 -94.32962799072266 213
      vertex 84.5 -94.5 213
      vertex 84.5 -94.32962799072266 211.70590209960938
    endloop
  endfacet
  facet normal -0.16099033193759926 -0.6008160432561518 -0.7830084260010511
    outer loop
      vertex -84.5 -93.03553771972656 209.46446228027344
      vertex -86.26776885986328 -92.56185913085938 209.46446228027344
      vertex -84.5 -92 208.6698760986328
    endloop
  endfacet
  facet normal 0 -0.9914447831916001 -0.13052678607152235
    outer loop
      vertex -84.5 -94.32962799072266 211.70590209960938
      vertex 84.5 -94.5 213
      vertex -84.5 -94.5 213
    endloop
  endfacet
  facet normal 0 -0.9914447831916001 -0.13052678607152235
    outer loop
      vertex 84.5 -94.5 213
      vertex -84.5 -94.32962799072266 211.70590209960938
      vertex 84.5 -94.32962799072266 211.70590209960938
    endloop
  endfacet
  facet normal 0 0 1
    outer loop
      vertex -80.5 94.5 232
      vertex -81.79409790039062 90.32962799072266 232
      vertex -80.5 90.5 232
    endloop
  endfacet
  facet normal 0 0 1
    outer loop
      vertex -84.5 94.5 232
      vertex -81.79409790039062 90.32962799072266 232
      vertex -80.5 94.5 232
    endloop
  endfacet
  facet normal 0 0 1
    outer loop
      vertex -81.79409790039062 90.32962799072266 232
      vertex -84.5 94.5 232
      vertex -83 89.83012390136719 232
    endloop
  endfacet
  facet normal 0 0 1
    outer loop
      vertex -85.79409790039062 94.32962799072266 232
      vertex -83 89.83012390136719 232
      vertex -84.5 94.5 232
    endloop
  endfacet
  facet normal 0 0 1
    outer loop
      vertex -83 89.83012390136719 232
      vertex -85.79409790039062 94.32962799072266 232
      vertex -84.03553771972656 89.03553771972656 232
    endloop
  endfacet
  facet normal 0 0 1
    outer loop
      vertex -87 93.83012390136719 232
      vertex -84.03553771972656 89.03553771972656 232
      vertex -85.79409790039062 94.32962799072266 232
    endloop
  endfacet
  facet normal 0 0 1
    outer loop
      vertex -88.03553771972656 93.03553771972656 232
      vertex -84.03553771972656 89.03553771972656 232
      vertex -87 93.83012390136719 232
    endloop
  endfacet
  facet normal 0 0 1
    outer loop
      vertex -89.32962799072266 90.79409790039062 232
      vertex -84.03553771972656 89.03553771972656 232
      vertex -88.83012390136719 92 232
    endloop
  endfacet
  facet normal 0 0 1
    outer loop
      vertex -88.83012390136719 92 232
      vertex -84.03553771972656 89.03553771972656 232
      vertex -88.03553771972656 93.03553771972656 232
    endloop
  endfacet
  facet normal 0 0 1
    outer loop
      vertex 84.83012390136719 88 232
      vertex 89.5 89.5 232
      vertex 89.32962799072266 90.79409790039062 232
    endloop
  endfacet
  facet normal 0 0 1
    outer loop
      vertex 89.5 89.5 232
      vertex 85.5 85.5 232
      vertex 89.5 -89.5 232
    endloop
  endfacet
  facet normal 0 0 1
    outer loop
      vertex 84.03553771972656 89.03553771972656 232
      vertex 89.32962799072266 90.79409790039062 232
      vertex 88.83012390136719 92 232
    endloop
  endfacet
  facet normal 0 0 1
    outer loop
      vertex 85.5 -85.5 232
      vertex 89.5 -89.5 232
      vertex 85.5 85.5 232
    endloop
  endfacet
  facet normal 0 0 1
    outer loop
      vertex 84.03553771972656 89.03553771972656 232
      vertex 88.83012390136719 92 232
      vertex 88.03553771972656 93.03553771972656 232
    endloop
  endfacet
  facet normal 0 0 1
    outer loop
      vertex 85.32962799072266 -86.79409790039062 232
      vertex 89.5 -89.5 232
      vertex 85.5 -85.5 232
    endloop
  endfacet
  facet normal 0 0 1
    outer loop
      vertex 84.03553771972656 89.03553771972656 232
      vertex 88.03553771972656 93.03553771972656 232
      vertex 87 93.83012390136719 232
    endloop
  endfacet
  facet normal 0 0 1
    outer loop
      vertex 84.83012390136719 -88 232
      vertex 89.5 -89.5 232
      vertex 85.32962799072266 -86.79409790039062 232
    endloop
  endfacet
  facet normal 0 0 1
    outer loop
      vertex 84.03553771972656 89.03553771972656 232
      vertex 87 93.83012390136719 232
      vertex 85.79409790039062 94.32962799072266 232
    endloop
  endfacet
  facet normal 0 0 1
    outer loop
      vertex 89.5 -89.5 232
      vertex 84.83012390136719 -88 232
      vertex 89.32962799072266 -90.79409790039062 232
    endloop
  endfacet
  facet normal 0 0 1
    outer loop
      vertex 84.03553771972656 -89.03553771972656 232
      vertex 89.32962799072266 -90.79409790039062 232
      vertex 84.83012390136719 -88 232
    endloop
  endfacet
  facet normal 0 0 1
    outer loop
      vertex 89.5 89.5 232
      vertex 85.32962799072266 86.79409790039062 232
      vertex 85.5 85.5 232
    endloop
  endfacet
  facet normal 0 0 1
    outer loop
      vertex 89.5 89.5 232
      vertex 84.83012390136719 88 232
      vertex 85.32962799072266 86.79409790039062 232
    endloop
  endfacet
  facet normal 0 0 1
    outer loop
      vertex 83 89.83012390136719 232
      vertex 85.79409790039062 94.32962799072266 232
      vertex 84.5 94.5 232
    endloop
  endfacet
  facet normal 0 0 1
    outer loop
      vertex 89.32962799072266 90.79409790039062 232
      vertex 84.03553771972656 89.03553771972656 232
      vertex 84.83012390136719 88 232
    endloop
  endfacet
  facet normal 0 0 1
    outer loop
      vertex 85.79409790039062 94.32962799072266 232
      vertex 83 89.83012390136719 232
      vertex 84.03553771972656 89.03553771972656 232
    endloop
  endfacet
  facet normal 0 0 1
    outer loop
      vertex 84.5 94.5 232
      vertex 81.79409790039062 90.32962799072266 232
      vertex 83 89.83012390136719 232
    endloop
  endfacet
  facet normal 0 0 1
    outer loop
      vertex 80.5 94.5 232
      vertex 81.79409790039062 90.32962799072266 232
      vertex 84.5 94.5 232
    endloop
  endfacet
  facet normal 0 0 1
    outer loop
      vertex 81.79409790039062 90.32962799072266 232
      vertex 80.5 94.5 232
      vertex 80.5 90.5 232
    endloop
  endfacet
  facet normal 0 0 1
    outer loop
      vertex 89.32962799072266 -90.79409790039062 232
      vertex 84.03553771972656 -89.03553771972656 232
      vertex 88.83012390136719 -92 232
    endloop
  endfacet
  facet normal 0 0 1
    outer loop
      vertex 88.83012390136719 -92 232
      vertex 84.03553771972656 -89.03553771972656 232
      vertex 88.03553771972656 -93.03553771972656 232
    endloop
  endfacet
  facet normal 0 0 1
    outer loop
      vertex 88.03553771972656 -93.03553771972656 232
      vertex 84.03553771972656 -89.03553771972656 232
      vertex 87 -93.83012390136719 232
    endloop
  endfacet
  facet normal 0 0 1
    outer loop
      vertex 87 -93.83012390136719 232
      vertex 84.03553771972656 -89.03553771972656 232
      vertex 85.79409790039062 -94.32962799072266 232
    endloop
  endfacet
  facet normal 0 0 1
    outer loop
      vertex 83 -89.83012390136719 232
      vertex 85.79409790039062 -94.32962799072266 232
      vertex 84.03553771972656 -89.03553771972656 232
    endloop
  endfacet
  facet normal 0 0 1
    outer loop
      vertex 85.79409790039062 -94.32962799072266 232
      vertex 83 -89.83012390136719 232
      vertex 84.5 -94.5 232
    endloop
  endfacet
  facet normal 0 0 1
    outer loop
      vertex 81.79409790039062 -90.32962799072266 232
      vertex 84.5 -94.5 232
      vertex 83 -89.83012390136719 232
    endloop
  endfacet
  facet normal 0 0 1
    outer loop
      vertex 80.5 -90.5 232
      vertex 84.5 -94.5 232
      vertex 81.79409790039062 -90.32962799072266 232
    endloop
  endfacet
  facet normal 0 0 1
    outer loop
      vertex -80.5 -90.5 232
      vertex 84.5 -94.5 232
      vertex 80.5 -90.5 232
    endloop
  endfacet
  facet normal 0 0 1
    outer loop
      vertex -80.5 -90.5 232
      vertex -84.5 -94.5 232
      vertex 84.5 -94.5 232
    endloop
  endfacet
  facet normal 0 0 1
    outer loop
      vertex -81.79409790039062 -90.32962799072266 232
      vertex -84.5 -94.5 232
      vertex -80.5 -90.5 232
    endloop
  endfacet
  facet normal 0 0 1
    outer loop
      vertex -83 -89.83012390136719 232
      vertex -84.5 -94.5 232
      vertex -81.79409790039062 -90.32962799072266 232
    endloop
  endfacet
  facet normal 0 0 1
    outer loop
      vertex -85.79409790039062 -94.32962799072266 232
      vertex -83 -89.83012390136719 232
      vertex -84.03553771972656 -89.03553771972656 232
    endloop
  endfacet
  facet normal 0 0 1
    outer loop
      vertex -89.32962799072266 -90.79409790039062 232
      vertex -84.03553771972656 -89.03553771972656 232
      vertex -84.83012390136719 -88 232
    endloop
  endfacet
  facet normal 0 0 1
    outer loop
      vertex -89.5 -89.5 232
      vertex -84.83012390136719 -88 232
      vertex -85.32962799072266 -86.79409790039062 232
    endloop
  endfacet
  facet normal 0 0 1
    outer loop
      vertex -89.5 -89.5 232
      vertex -85.32962799072266 -86.79409790039062 232
      vertex -85.5 -85.5 232
    endloop
  endfacet
  facet normal 0 0 1
    outer loop
      vertex -83 -89.83012390136719 232
      vertex -85.79409790039062 -94.32962799072266 232
      vertex -84.5 -94.5 232
    endloop
  endfacet
  facet normal 0 0 1
    outer loop
      vertex -85.5 85.5 232
      vertex -89.5 89.5 232
      vertex -85.5 -85.5 232
    endloop
  endfacet
  facet normal 0 0 1
    outer loop
      vertex -84.03553771972656 89.03553771972656 232
      vertex -89.32962799072266 90.79409790039062 232
      vertex -84.83012390136719 88 232
    endloop
  endfacet
  facet normal 0 0 1
    outer loop
      vertex -89.5 -89.5 232
      vertex -85.5 -85.5 232
      vertex -89.5 89.5 232
    endloop
  endfacet
  facet normal 0 0 1
    outer loop
      vertex -89.5 89.5 232
      vertex -84.83012390136719 88 232
      vertex -89.32962799072266 90.79409790039062 232
    endloop
  endfacet
  facet normal 0 0 1
    outer loop
      vertex -84.83012390136719 -88 232
      vertex -89.5 -89.5 232
      vertex -89.32962799072266 -90.79409790039062 232
    endloop
  endfacet
  facet normal 0 0 1
    outer loop
      vertex -84.83012390136719 88 232
      vertex -89.5 89.5 232
      vertex -85.32962799072266 86.79409790039062 232
    endloop
  endfacet
  facet normal 0 0 1
    outer loop
      vertex -84.03553771972656 -89.03553771972656 232
      vertex -87 -93.83012390136719 232
      vertex -85.79409790039062 -94.32962799072266 232
    endloop
  endfacet
  facet normal 0 0 1
    outer loop
      vertex -85.32962799072266 86.79409790039062 232
      vertex -89.5 89.5 232
      vertex -85.5 85.5 232
    endloop
  endfacet
  facet normal 0 0 1
    outer loop
      vertex -84.03553771972656 -89.03553771972656 232
      vertex -88.03553771972656 -93.03553771972656 232
      vertex -87 -93.83012390136719 232
    endloop
  endfacet
  facet normal 0 0 1
    outer loop
      vertex -84.03553771972656 -89.03553771972656 232
      vertex -88.83012390136719 -92 232
      vertex -88.03553771972656 -93.03553771972656 232
    endloop
  endfacet
  facet normal 0 0 1
    outer loop
      vertex -84.03553771972656 -89.03553771972656 232
      vertex -89.32962799072266 -90.79409790039062 232
      vertex -88.83012390136719 -92 232
    endloop
  endfacet
  facet normal -0.51137543035663 -0.2118178586067524 -0.8328435411305183
    outer loop
      vertex -86.26776885986328 -91.26776885986328 208.6698760986328
      vertex -87.56185913085938 -91.26776885986328 209.46446228027344
      vertex -87 -89.5 208.6698760986328
    endloop
  endfacet
  facet normal -0.749551681544212 -0.500838230174212 -0.43282022121223407
    outer loop
      vertex -88.4072494506836 -92.33878326416016 211.70590209960938
      vertex -88.50051879882812 -91.15706634521484 210.5
      vertex -87.56185913085938 -92.56185913085938 210.5
    endloop
  endfacet
  facet normal -0.6087566754816573 0 -0.7933569877782133
    outer loop
      vertex -88.03553771972656 -89.5 209.46446228027344
      vertex -87 89.5 208.6698760986328
      vertex -87 -89.5 208.6698760986328
    endloop
  endfacet
  facet normal -0.6087566754816573 0 -0.7933569877782133
    outer loop
      vertex -87 89.5 208.6698760986328
      vertex -88.03553771972656 -89.5 209.46446228027344
      vertex -88.03553771972656 89.5 209.46446228027344
    endloop
  endfacet
  facet normal -0.9914447831916001 0 -0.13052678607152235
    outer loop
      vertex -89.32962799072266 -89.5 211.70590209960938
      vertex -89.5 89.5 213
      vertex -89.32962799072266 89.5 211.70590209960938
    endloop
  endfacet
  facet normal -0.9914447831916001 0 -0.13052678607152235
    outer loop
      vertex -89.5 89.5 213
      vertex -89.32962799072266 -89.5 211.70590209960938
      vertex -89.5 -89.5 213
    endloop
  endfacet
  facet normal 0.5298725239493968 0.5298725239493968 -0.6621708365119924
    outer loop
      vertex 87.56185913085938 91.26776885986328 209.46446228027344
      vertex 86.26776885986328 92.56185913085938 209.46446228027344
      vertex 87.56185913085938 92.56185913085938 210.5
    endloop
  endfacet
  facet normal 0.3779712574637557 0.15656024442754343 -0.9124837633602337
    outer loop
      vertex 87 89.5 208.6698760986328
      vertex 85.79409790039062 89.5 208.1703643798828
      vertex 86.26776885986328 91.26776885986328 208.6698760986328
    endloop
  endfacet
  facet normal 0.8340085698358818 0.4249488890722018 -0.3519206545751593
    outer loop
      vertex 88.50051879882812 91.15706634521484 210.5
      vertex 88.4072494506836 92.33878326416016 211.70590209960938
      vertex 89.09324645996094 90.99243927001953 211.70590209960938
    endloop
  endfacet
  facet normal 0.8925718555606227 0.17754040978811678 -0.4144814658743312
    outer loop
      vertex 88.83012390136719 89.5 210.5
      vertex 88.50051879882812 91.15706634521484 210.5
      vertex 89.09324645996094 90.99243927001953 211.70590209960938
    endloop
  endfacet
  facet normal 0.6057427556438074 0.7894291222446325 -0.09938498345884904
    outer loop
      vertex 87.33878326416016 93.4072494506836 211.70590209960938
      vertex 87 93.83012390136719 213
      vertex 88.03553771972656 93.03553771972656 213
    endloop
  endfacet
  facet normal 0.7894291222446325 0.6057427556438074 -0.09938498345884904
    outer loop
      vertex 88.4072494506836 92.33878326416016 211.70590209960938
      vertex 88.03553771972656 93.03553771972656 213
      vertex 88.83012390136719 92 213
    endloop
  endfacet
  facet normal 0.6087566754816575 0.7933569877782133 0
    outer loop
      vertex 88.03553771972656 93.03553771972656 213
      vertex 87 93.83012390136719 232
      vertex 88.03553771972656 93.03553771972656 232
    endloop
  endfacet
  facet normal 0.6087566754816575 0.7933569877782133 0
    outer loop
      vertex 87 93.83012390136719 232
      vertex 88.03553771972656 93.03553771972656 213
      vertex 87 93.83012390136719 213
    endloop
  endfacet
  facet normal -0.8780672746397535 0.4473979361653866 -0.16980267348209896
    outer loop
      vertex -88.4072494506836 92.33878326416016 211.70590209960938
      vertex -89.09324645996094 90.99243927001953 211.70590209960938
      vertex -88.83012390136719 92 213
    endloop
  endfacet
  facet normal -0.7894291222446325 0.6057427556438074 -0.09938498345884904
    outer loop
      vertex -88.4072494506836 92.33878326416016 211.70590209960938
      vertex -88.83012390136719 92 213
      vertex -88.03553771972656 93.03553771972656 213
    endloop
  endfacet
  facet normal -0.17754040978811678 0.8925718555606227 -0.4144814658743312
    outer loop
      vertex -84.5 93.83012390136719 210.5
      vertex -86.15706634521484 93.50051879882812 210.5
      vertex -85.99243927001953 94.09324645996094 211.70590209960938
    endloop
  endfacet
  facet normal -0.15587676178304666 0.7836593971452438 -0.6013155447865826
    outer loop
      vertex -84.5 93.03553771972656 209.46446228027344
      vertex -86.15706634521484 93.50051879882812 210.5
      vertex -84.5 93.83012390136719 210.5
    endloop
  endfacet
  facet normal 0.15455625991461658 -0.9758200269734225 -0.15455625991461658
    outer loop
      vertex 85.79409790039062 -94.32962799072266 213
      vertex 84.5 -94.32962799072266 211.70590209960938
      vertex 85.99243927001953 -94.09324645996094 211.70590209960938
    endloop
  endfacet
  facet normal 0.14478757047143348 -0.9141435681796599 -0.37865300235537463
    outer loop
      vertex 85.99243927001953 -94.09324645996094 211.70590209960938
      vertex 84.5 -94.32962799072266 211.70590209960938
      vertex 84.5 -93.83012390136719 210.5
    endloop
  endfacet
  facet normal -0.2118178586067524 -0.51137543035663 -0.8328435411305183
    outer loop
      vertex -84.5 -92 208.6698760986328
      vertex -86.26776885986328 -92.56185913085938 209.46446228027344
      vertex -86.26776885986328 -91.26776885986328 208.6698760986328
    endloop
  endfacet
  facet normal -0.15656024442754343 -0.3779712574637557 -0.9124837633602337
    outer loop
      vertex -84.5 -92 208.6698760986328
      vertex -86.26776885986328 -91.26776885986328 208.6698760986328
      vertex -84.5 -90.79409790039062 208.1703643798828
    endloop
  endfacet
  facet normal 0 -0.9238786969342465 -0.3826854496202838
    outer loop
      vertex -84.5 -93.83012390136719 210.5
      vertex 84.5 -94.32962799072266 211.70590209960938
      vertex -84.5 -94.32962799072266 211.70590209960938
    endloop
  endfacet
  facet normal 0 -0.9238786969342465 -0.3826854496202838
    outer loop
      vertex 84.5 -94.32962799072266 211.70590209960938
      vertex -84.5 -93.83012390136719 210.5
      vertex 84.5 -93.83012390136719 210.5
    endloop
  endfacet
  facet normal -0.6829924963486003 -0.4563644662750625 -0.570309322958151
    outer loop
      vertex -87.56185913085938 -92.56185913085938 210.5
      vertex -88.50051879882812 -91.15706634521484 210.5
      vertex -87.56185913085938 -91.26776885986328 209.46446228027344
    endloop
  endfacet
  facet normal -0.7367426048007583 -0.1974122326305426 -0.6467138043054426
    outer loop
      vertex -87.56185913085938 -91.26776885986328 209.46446228027344
      vertex -88.50051879882812 -91.15706634521484 210.5
      vertex -88.03553771972656 -89.5 209.46446228027344
    endloop
  endfacet
  facet normal 0.16099033193759926 0.6008160432561518 -0.7830084260010511
    outer loop
      vertex 86.26776885986328 92.56185913085938 209.46446228027344
      vertex 84.5 92 208.6698760986328
      vertex 84.5 93.03553771972656 209.46446228027344
    endloop
  endfacet
  facet normal 0.500838230174212 0.749551681544212 -0.43282022121223407
    outer loop
      vertex 87.56185913085938 92.56185913085938 210.5
      vertex 86.15706634521484 93.50051879882812 210.5
      vertex 87.33878326416016 93.4072494506836 211.70590209960938
    endloop
  endfacet
  facet normal 0.7367426048007583 0.1974122326305426 -0.6467138043054426
    outer loop
      vertex 88.03553771972656 89.5 209.46446228027344
      vertex 87.56185913085938 91.26776885986328 209.46446228027344
      vertex 88.50051879882812 91.15706634521484 210.5
    endloop
  endfacet
  facet normal 0.6008160432561518 0.16099033193759926 -0.7830084260010511
    outer loop
      vertex 88.03553771972656 89.5 209.46446228027344
      vertex 87 89.5 208.6698760986328
      vertex 87.56185913085938 91.26776885986328 209.46446228027344
    endloop
  endfacet
  facet normal 0.6642626914085484 0.6642626914085484 -0.3427975402556781
    outer loop
      vertex 87.56185913085938 92.56185913085938 210.5
      vertex 87.33878326416016 93.4072494506836 211.70590209960938
      vertex 88.4072494506836 92.33878326416016 211.70590209960938
    endloop
  endfacet
  facet normal 0.4563644662750625 0.6829924963486003 -0.570309322958151
    outer loop
      vertex 86.26776885986328 92.56185913085938 209.46446228027344
      vertex 86.15706634521484 93.50051879882812 210.5
      vertex 87.56185913085938 92.56185913085938 210.5
    endloop
  endfacet
  facet normal -0.6642626914085484 0.6642626914085484 -0.3427975402556781
    outer loop
      vertex -87.56185913085938 92.56185913085938 210.5
      vertex -88.4072494506836 92.33878326416016 211.70590209960938
      vertex -87.33878326416016 93.4072494506836 211.70590209960938
    endloop
  endfacet
  facet normal -0.6962113922009503 0.6962113922009503 -0.17486965070940505
    outer loop
      vertex -87.33878326416016 93.4072494506836 211.70590209960938
      vertex -88.4072494506836 92.33878326416016 211.70590209960938
      vertex -88.03553771972656 93.03553771972656 213
    endloop
  endfacet
  facet normal 0.6057427556438074 -0.7894291222446325 -0.09938498345884904
    outer loop
      vertex 88.03553771972656 -93.03553771972656 213
      vertex 87 -93.83012390136719 213
      vertex 87.33878326416016 -93.4072494506836 211.70590209960938
    endloop
  endfacet
  facet normal 0.17754040978811678 -0.8925718555606227 -0.4144814658743312
    outer loop
      vertex 85.99243927001953 -94.09324645996094 211.70590209960938
      vertex 84.5 -93.83012390136719 210.5
      vertex 86.15706634521484 -93.50051879882812 210.5
    endloop
  endfacet
  facet normal 0.500838230174212 -0.749551681544212 -0.43282022121223407
    outer loop
      vertex 87.33878326416016 -93.4072494506836 211.70590209960938
      vertex 86.15706634521484 -93.50051879882812 210.5
      vertex 87.56185913085938 -92.56185913085938 210.5
    endloop
  endfacet
  facet normal 0.6642626914085484 -0.6642626914085484 -0.3427975402556781
    outer loop
      vertex 88.4072494506836 -92.33878326416016 211.70590209960938
      vertex 87.33878326416016 -93.4072494506836 211.70590209960938
      vertex 87.56185913085938 -92.56185913085938 210.5
    endloop
  endfacet
  facet normal -0.6057427556438074 -0.7894291222446325 -0.09938498345884904
    outer loop
      vertex -87 -93.83012390136719 213
      vertex -88.03553771972656 -93.03553771972656 213
      vertex -87.33878326416016 -93.4072494506836 211.70590209960938
    endloop
  endfacet
  facet normal -0.6962113922009503 -0.6962113922009503 -0.17486965070940505
    outer loop
      vertex -88.03553771972656 -93.03553771972656 213
      vertex -88.4072494506836 -92.33878326416016 211.70590209960938
      vertex -87.33878326416016 -93.4072494506836 211.70590209960938
    endloop
  endfacet
  facet normal 0.1974122326305426 0.7367426048007583 -0.6467138043054426
    outer loop
      vertex 86.26776885986328 92.56185913085938 209.46446228027344
      vertex 84.5 93.03553771972656 209.46446228027344
      vertex 86.15706634521484 93.50051879882812 210.5
    endloop
  endfacet
  facet normal 0.15587676178304666 0.7836593971452438 -0.6013155447865826
    outer loop
      vertex 86.15706634521484 93.50051879882812 210.5
      vertex 84.5 93.03553771972656 209.46446228027344
      vertex 84.5 93.83012390136719 210.5
    endloop
  endfacet
  facet normal -0.1974122326305426 -0.7367426048007583 -0.6467138043054426
    outer loop
      vertex -86.15706634521484 -93.50051879882812 210.5
      vertex -86.26776885986328 -92.56185913085938 209.46446228027344
      vertex -84.5 -93.03553771972656 209.46446228027344
    endloop
  endfacet
  facet normal -0.15587676178304666 -0.7836593971452438 -0.6013155447865826
    outer loop
      vertex -84.5 -93.83012390136719 210.5
      vertex -86.15706634521484 -93.50051879882812 210.5
      vertex -84.5 -93.03553771972656 209.46446228027344
    endloop
  endfacet
  facet normal -0.4249488890722018 -0.8340085698358818 -0.3519206545751593
    outer loop
      vertex -85.99243927001953 -94.09324645996094 211.70590209960938
      vertex -87.33878326416016 -93.4072494506836 211.70590209960938
      vertex -86.15706634521484 -93.50051879882812 210.5
    endloop
  endfacet
  facet normal -0.17754040978811678 -0.8925718555606227 -0.4144814658743312
    outer loop
      vertex -85.99243927001953 -94.09324645996094 211.70590209960938
      vertex -86.15706634521484 -93.50051879882812 210.5
      vertex -84.5 -93.83012390136719 210.5
    endloop
  endfacet
  facet normal -0.13052678607152238 0.9914447831916002 0
    outer loop
      vertex 81.79409790039062 -90.32962799072266 214
      vertex 80.5 -90.5 208.13165283203125
      vertex 80.5 -90.5 214
    endloop
  endfacet
  facet normal -0.13052678607152235 0.9914447831916001 0
    outer loop
      vertex 80.5 -90.5 208.13165283203125
      vertex 81.79409790039062 -90.32962799072266 214
      vertex 81.79409790039062 -90.32962799072266 208.10922241210938
    endloop
  endfacet
  facet normal -0.13052678607152235 0.9914447831916001 0
    outer loop
      vertex 81.79409790039062 -90.32962799072266 230
      vertex 80.5 -90.5 232
      vertex 81.79409790039062 -90.32962799072266 232
    endloop
  endfacet
  facet normal -0.13052678607152235 0.9914447831916001 0
    outer loop
      vertex 80.5 -90.5 232
      vertex 81.79409790039062 -90.32962799072266 230
      vertex 80.5 -90.5 230
    endloop
  endfacet
  facet normal -0.9914447831916001 0.13052678607152235 0
    outer loop
      vertex 85.32962799072266 -86.79409790039062 214
      vertex 85.5 -85.5 208.13165283203125
      vertex 85.32962799072266 -86.79409790039062 208.10922241210938
    endloop
  endfacet
  facet normal -0.9914447831916002 0.13052678607152238 0
    outer loop
      vertex 85.5 -85.5 208.13165283203125
      vertex 85.32962799072266 -86.79409790039062 214
      vertex 85.5 -85.5 214
    endloop
  endfacet
  facet normal -0.9914447831916001 0.13052678607152235 0
    outer loop
      vertex 85.32962799072266 -86.79409790039062 228
      vertex 85.5 -85.5 232
      vertex 85.5 -85.5 228
    endloop
  endfacet
  facet normal -0.9914447831916001 0.13052678607152235 0
    outer loop
      vertex 85.5 -85.5 232
      vertex 85.32962799072266 -86.79409790039062 228
      vertex 85.32962799072266 -86.79409790039062 232
    endloop
  endfacet
  facet normal -0.7943578329771962 0.6074501075707971 0
    outer loop
      vertex 84.83012390136719 -88 208.04345703125
      vertex 84.82903289794922 -88.00142669677734 228
      vertex 84.83012390136719 -88 232
    endloop
  endfacet
  facet normal -0.7933579558142778 0.6087554120175652 0.00004780705780938816
    outer loop
      vertex 84.03553771972656 -89.03553771972656 208
      vertex 84.83012390136719 -88 208.04345703125
      vertex 84.5 -88.43022918701172 208
    endloop
  endfacet
  facet normal -0.7933569877782133 0.6087566754816573 0
    outer loop
      vertex 84.83012390136719 -88 208.04345703125
      vertex 84.03553771972656 -89.03553771972656 208
      vertex 84.03553771972656 -89.03553771972656 228
    endloop
  endfacet
  facet normal -0.79335560723566 0.6087584746578195 1.483260312602657e-7
    outer loop
      vertex 84.83012390136719 -88 208.04345703125
      vertex 84.03553771972656 -89.03553771972656 228
      vertex 84.82903289794922 -88.00142669677734 228
    endloop
  endfacet
  facet normal -0.7933559798880336 0.6087579890033072 -7.397438423722146e-7
    outer loop
      vertex 84.07596588134766 -88.98284912109375 230
      vertex 84.83012390136719 -88 232
      vertex 84.82903289794922 -88.00142669677734 228
    endloop
  endfacet
  facet normal -0.7933622273924776 0.6087498469378423 0
    outer loop
      vertex 84.03553771972656 -89.03553771972656 232
      vertex 84.07596588134766 -88.98284912109375 230
      vertex 84.03553771972656 -89.03553771972656 230
    endloop
  endfacet
  facet normal -0.7933569877781809 0.6087566754816325 2.8580718831526885e-7
    outer loop
      vertex 84.07596588134766 -88.98284912109375 230
      vertex 84.03553771972656 -89.03553771972656 232
      vertex 84.83012390136719 -88 232
    endloop
  endfacet
  facet normal 0 1 0
    outer loop
      vertex 80.5 -90.5 208.13165283203125
      vertex -80.5 -90.5 214
      vertex 80.5 -90.5 214
    endloop
  endfacet
  facet normal 0 1 0
    outer loop
      vertex -80.5 -90.5 214
      vertex 80.5 -90.5 208.13165283203125
      vertex -80.5 -90.5 208.13165283203125
    endloop
  endfacet
  facet normal 0 1 0
    outer loop
      vertex 80.5 -90.5 214
      vertex 83 -90.5 228
      vertex 83 -90.5 214
    endloop
  endfacet
  facet normal 0 1 0
    outer loop
      vertex 83 -90.5 228
      vertex 80.5 -90.5 214
      vertex -83 -90.5 228
    endloop
  endfacet
  facet normal 0 1 0
    outer loop
      vertex -80.5 -90.5 214
      vertex -83 -90.5 228
      vertex 80.5 -90.5 214
    endloop
  endfacet
  facet normal 0 1 0
    outer loop
      vertex -83 -90.5 228
      vertex -80.5 -90.5 214
      vertex -83 -90.5 214
    endloop
  endfacet
  facet normal 0 1 0
    outer loop
      vertex 80.5 -90.5 230
      vertex -80.5 -90.5 232
      vertex 80.5 -90.5 232
    endloop
  endfacet
  facet normal 0 1 0
    outer loop
      vertex -80.5 -90.5 232
      vertex 80.5 -90.5 230
      vertex -80.5 -90.5 230
    endloop
  endfacet
  facet normal -1 0 0
    outer loop
      vertex 85.5 -85.5 208.13165283203125
      vertex 85.5 85.5 214
      vertex 85.5 85.5 208.13165283203125
    endloop
  endfacet
  facet normal -1 0 0
    outer loop
      vertex 85.5 85.5 214
      vertex 85.5 -85.5 208.13165283203125
      vertex 85.5 -85.5 214
    endloop
  endfacet
  facet normal -1 0 0
    outer loop
      vertex 85.5 85.5 228
      vertex 85.5 14.42751407623291 229.4660186767578
      vertex 85.5 85.5 232
    endloop
  endfacet
  facet normal -1 0 0
    outer loop
      vertex 85.5 14.42751407623291 229.4660186767578
      vertex 85.5 85.5 228
      vertex 85.5 8.956236839294434 228
    endloop
  endfacet
  facet normal -1 0 0
    outer loop
      vertex 85.5 14.394686698913574 230
      vertex 85.5 85.5 232
      vertex 85.5 14.42751407623291 229.4660186767578
    endloop
  endfacet
  facet normal -1 0 0
    outer loop
      vertex 85.5 -15.303948402404785 230
      vertex 85.5 85.5 232
      vertex 85.5 14.394686698913574 230
    endloop
  endfacet
  facet normal -1 0 0
    outer loop
      vertex 85.5 -85.5 232
      vertex 85.5 -22.768049240112305 228
      vertex 85.5 -85.5 228
    endloop
  endfacet
  facet normal -1 0 0
    outer loop
      vertex 85.5 -15.303948402404785 230
      vertex 85.5 -85.5 232
      vertex 85.5 85.5 232
    endloop
  endfacet
  facet normal -1 0 0
    outer loop
      vertex 85.5 -22.768049240112305 228
      vertex 85.5 -85.5 232
      vertex 85.5 -15.303948402404785 230
    endloop
  endfacet
  facet normal -0.13052678607152238 -0.9914447831916002 0
    outer loop
      vertex 80.5 90.5 208.13165283203125
      vertex 81.79409790039062 90.32962799072266 214
      vertex 80.5 90.5 214
    endloop
  endfacet
  facet normal -0.13052678607152235 -0.9914447831916001 0
    outer loop
      vertex 81.79409790039062 90.32962799072266 214
      vertex 80.5 90.5 208.13165283203125
      vertex 81.79409790039062 90.32962799072266 208.10922241210938
    endloop
  endfacet
  facet normal -0.13052678607152235 -0.9914447831916001 0
    outer loop
      vertex 80.5 90.5 228
      vertex 81.79409790039062 90.32962799072266 232
      vertex 80.5 90.5 232
    endloop
  endfacet
  facet normal -0.13052678607152235 -0.9914447831916001 0
    outer loop
      vertex 81.79409790039062 90.32962799072266 232
      vertex 80.5 90.5 228
      vertex 81.79409790039062 90.32962799072266 228
    endloop
  endfacet
  facet normal 0.3826854496202838 -0.9238786969342465 0
    outer loop
      vertex -83 89.83012390136719 214
      vertex -81.79409790039062 90.32962799072266 208.10922241210938
      vertex -81.79409790039062 90.32962799072266 214
    endloop
  endfacet
  facet normal 0.3826854496202838 -0.9238786969342465 0
    outer loop
      vertex -81.79409790039062 90.32962799072266 208.10922241210938
      vertex -83 89.83012390136719 214
      vertex -83 89.83012390136719 208.04345703125
    endloop
  endfacet
  facet normal 0.3826854496202838 -0.9238786969342465 0
    outer loop
      vertex -83 89.83012390136719 228
      vertex -81.79409790039062 90.32962799072266 232
      vertex -83 89.83012390136719 232
    endloop
  endfacet
  facet normal 0.3826854496202838 -0.9238786969342465 0
    outer loop
      vertex -81.79409790039062 90.32962799072266 232
      vertex -83 89.83012390136719 228
      vertex -81.79409790039062 90.32962799072266 228
    endloop
  endfacet
  facet normal 0.13052678607152238 -0.9914447831916002 0
    outer loop
      vertex -81.79409790039062 90.32962799072266 214
      vertex -80.5 90.5 208.13165283203125
      vertex -80.5 90.5 214
    endloop
  endfacet
  facet normal 0.13052678607152235 -0.9914447831916001 0
    outer loop
      vertex -80.5 90.5 208.13165283203125
      vertex -81.79409790039062 90.32962799072266 214
      vertex -81.79409790039062 90.32962799072266 208.10922241210938
    endloop
  endfacet
  facet normal 0.13052678607152235 -0.9914447831916001 0
    outer loop
      vertex -81.79409790039062 90.32962799072266 228
      vertex -80.5 90.5 232
      vertex -81.79409790039062 90.32962799072266 232
    endloop
  endfacet
  facet normal 0.13052678607152235 -0.9914447831916001 0
    outer loop
      vertex -80.5 90.5 232
      vertex -81.79409790039062 90.32962799072266 228
      vertex -80.5 90.5 228
    endloop
  endfacet
  facet normal 0.9238786969342465 -0.3826854496202838 0
    outer loop
      vertex -85.32962799072266 86.79409790039062 208.10922241210938
      vertex -84.83012390136719 88 214
      vertex -85.32962799072266 86.79409790039062 214
    endloop
  endfacet
  facet normal 0.9238786969342465 -0.3826854496202838 0
    outer loop
      vertex -84.83012390136719 88 214
      vertex -85.32962799072266 86.79409790039062 208.10922241210938
      vertex -84.83012390136719 88 208.04345703125
    endloop
  endfacet
  facet normal 0.9238786969342465 -0.3826854496202838 0
    outer loop
      vertex -85.32962799072266 86.79409790039062 232
      vertex -84.83012390136719 88 228
      vertex -84.83012390136719 88 232
    endloop
  endfacet
  facet normal 0.9238786969342465 -0.3826854496202838 0
    outer loop
      vertex -84.83012390136719 88 228
      vertex -85.32962799072266 86.79409790039062 232
      vertex -85.32962799072266 86.79409790039062 228
    endloop
  endfacet
  facet normal 1 0 0
    outer loop
      vertex -85.5 -85.5 214
      vertex -85.5 85.5 208.13165283203125
      vertex -85.5 85.5 214
    endloop
  endfacet
  facet normal 1 0 0
    outer loop
      vertex -85.5 85.5 208.13165283203125
      vertex -85.5 -85.5 214
      vertex -85.5 -85.5 208.13165283203125
    endloop
  endfacet
  facet normal 1 0 0
    outer loop
      vertex -85.5 85.5 232
      vertex -85.5 14.42751407623291 229.4660186767578
      vertex -85.5 85.5 228
    endloop
  endfacet
  facet normal 1 0 0
    outer loop
      vertex -85.5 85.5 232
      vertex -85.5 14.394686698913574 230
      vertex -85.5 14.42751407623291 229.4660186767578
    endloop
  endfacet
  facet normal 1 0 0
    outer loop
      vertex -85.5 85.5 232
      vertex -85.5 -15.303948402404785 230
      vertex -85.5 14.394686698913574 230
    endloop
  endfacet
  facet normal 1 0 0
    outer loop
      vertex -85.5 -85.5 232
      vertex -85.5 -15.303948402404785 230
      vertex -85.5 85.5 232
    endloop
  endfacet
  facet normal 1 0 0
    outer loop
      vertex -85.5 -85.5 232
      vertex -85.5 -22.768049240112305 228
      vertex -85.5 -15.303948402404785 230
    endloop
  endfacet
  facet normal 1 0 0
    outer loop
      vertex -85.5 -22.768049240112305 228
      vertex -85.5 -85.5 232
      vertex -85.5 -85.5 228
    endloop
  endfacet
  facet normal 1 0 0
    outer loop
      vertex -85.5 85.5 228
      vertex -85.5 14.42751407623291 229.4660186767578
      vertex -85.5 8.956236839294434 228
    endloop
  endfacet
  facet normal 0.6087566754816573 -0.7933569877782133 0
    outer loop
      vertex -84.03553771972656 89.03553771972656 214
      vertex -83 89.83012390136719 208.04345703125
      vertex -83 89.83012390136719 214
    endloop
  endfacet
  facet normal 0.608755412713225 -0.7933579567208935 0
    outer loop
      vertex -83.43022918701172 89.5 208
      vertex -84.03553771972656 89.03553771972656 214
      vertex -84.03553771972656 89.03553771972656 208
    endloop
  endfacet
  facet normal 0.6087584214588909 -0.7933556480561834 4.82251183332168e-7
    outer loop
      vertex -84.03553771972656 89.03553771972656 214
      vertex -83.43022918701172 89.5 208
      vertex -83 89.83012390136719 208.04345703125
    endloop
  endfacet
  facet normal 0.6087566754816575 -0.7933569877782134 0
    outer loop
      vertex -84.03553771972656 89.03553771972656 228
      vertex -83 89.83012390136719 232
      vertex -84.03553771972656 89.03553771972656 232
    endloop
  endfacet
  facet normal 0.6087566754816575 -0.7933569877782134 0
    outer loop
      vertex -83 89.83012390136719 232
      vertex -84.03553771972656 89.03553771972656 228
      vertex -83 89.83012390136719 228
    endloop
  endfacet
  facet normal -0.6087566754816573 0.7933569877782133 0
    outer loop
      vertex 84.03553771972656 -89.03553771972656 228
      vertex 83 -89.83012390136719 214
      vertex 83 -89.83012390136719 228
    endloop
  endfacet
  facet normal -0.6087566754816573 0.7933569877782133 0
    outer loop
      vertex 84.03553771972656 -89.03553771972656 208
      vertex 83 -89.83012390136719 214
      vertex 84.03553771972656 -89.03553771972656 228
    endloop
  endfacet
  facet normal -0.6087554127131884 0.793357956720846 3.4625880126119206e-7
    outer loop
      vertex 83.43022918701172 -89.5 208
      vertex 83 -89.83012390136719 214
      vertex 84.03553771972656 -89.03553771972656 208
    endloop
  endfacet
  facet normal -0.6087584521187607 0.7933556245303682 0
    outer loop
      vertex 83 -89.83012390136719 214
      vertex 83.43022918701172 -89.5 208
      vertex 83 -89.83012390136719 208.04345703125
    endloop
  endfacet
  facet normal -0.6087566754816575 0.7933569877782134 0
    outer loop
      vertex 84.03553771972656 -89.03553771972656 230
      vertex 83 -89.83012390136719 232
      vertex 84.03553771972656 -89.03553771972656 232
    endloop
  endfacet
  facet normal -0.6087566754816575 0.7933569877782134 0
    outer loop
      vertex 83 -89.83012390136719 232
      vertex 84.03553771972656 -89.03553771972656 230
      vertex 83 -89.83012390136719 230
    endloop
  endfacet
  facet normal -0.7933579567208935 -0.608755412713225 0
    outer loop
      vertex 84.5 88.43022918701172 208
      vertex 84.03553771972656 89.03553771972656 214
      vertex 84.03553771972656 89.03553771972656 208
    endloop
  endfacet
  facet normal -0.7933556480561834 -0.6087584214588909 4.82251183332168e-7
    outer loop
      vertex 84.83012390136719 88 208.04345703125
      vertex 84.03553771972656 89.03553771972656 214
      vertex 84.5 88.43022918701172 208
    endloop
  endfacet
  facet normal -0.7933569877782133 -0.6087566754816573 0
    outer loop
      vertex 84.03553771972656 89.03553771972656 214
      vertex 84.83012390136719 88 208.04345703125
      vertex 84.83012390136719 88 214
    endloop
  endfacet
  facet normal -0.7933569877782134 -0.6087566754816575 0
    outer loop
      vertex 84.83012390136719 88 228
      vertex 84.03553771972656 89.03553771972656 232
      vertex 84.03553771972656 89.03553771972656 228
    endloop
  endfacet
  facet normal -0.7933569877782134 -0.6087566754816575 0
    outer loop
      vertex 84.03553771972656 89.03553771972656 232
      vertex 84.83012390136719 88 228
      vertex 84.83012390136719 88 232
    endloop
  endfacet
  facet normal 0.13052678607152238 0.9914447831916002 0
    outer loop
      vertex -80.5 -90.5 208.13165283203125
      vertex -81.79409790039062 -90.32962799072266 214
      vertex -80.5 -90.5 214
    endloop
  endfacet
  facet normal 0.13052678607152235 0.9914447831916001 0
    outer loop
      vertex -81.79409790039062 -90.32962799072266 214
      vertex -80.5 -90.5 208.13165283203125
      vertex -81.79409790039062 -90.32962799072266 208.10922241210938
    endloop
  endfacet
  facet normal 0.13052678607152235 0.9914447831916001 0
    outer loop
      vertex -80.5 -90.5 230
      vertex -81.79409790039062 -90.32962799072266 232
      vertex -80.5 -90.5 232
    endloop
  endfacet
  facet normal 0.13052678607152235 0.9914447831916001 0
    outer loop
      vertex -81.79409790039062 -90.32962799072266 232
      vertex -80.5 -90.5 230
      vertex -81.79409790039062 -90.32962799072266 230
    endloop
  endfacet
  facet normal 0.3826854496202838 0.9238786969342465 0
    outer loop
      vertex -81.79409790039062 -90.32962799072266 208.10922241210938
      vertex -83 -89.83012390136719 214
      vertex -81.79409790039062 -90.32962799072266 214
    endloop
  endfacet
  facet normal 0.3826854496202838 0.9238786969342465 0
    outer loop
      vertex -83 -89.83012390136719 214
      vertex -81.79409790039062 -90.32962799072266 208.10922241210938
      vertex -83 -89.83012390136719 208.04345703125
    endloop
  endfacet
  facet normal 0.3826854496202838 0.9238786969342465 0
    outer loop
      vertex -81.79409790039062 -90.32962799072266 230
      vertex -83 -89.83012390136719 232
      vertex -81.79409790039062 -90.32962799072266 232
    endloop
  endfacet
  facet normal 0.3826854496202838 0.9238786969342465 0
    outer loop
      vertex -83 -89.83012390136719 232
      vertex -81.79409790039062 -90.32962799072266 230
      vertex -83 -89.83012390136719 230
    endloop
  endfacet
  facet normal 0.9914447831916002 -0.13052678607152238 0
    outer loop
      vertex -85.5 85.5 208.13165283203125
      vertex -85.32962799072266 86.79409790039062 214
      vertex -85.5 85.5 214
    endloop
  endfacet
  facet normal 0.9914447831916001 -0.13052678607152235 0
    outer loop
      vertex -85.32962799072266 86.79409790039062 214
      vertex -85.5 85.5 208.13165283203125
      vertex -85.32962799072266 86.79409790039062 208.10922241210938
    endloop
  endfacet
  facet normal 0.9914447831916001 -0.13052678607152235 0
    outer loop
      vertex -85.5 85.5 232
      vertex -85.32962799072266 86.79409790039062 228
      vertex -85.32962799072266 86.79409790039062 232
    endloop
  endfacet
  facet normal 0.9914447831916001 -0.13052678607152235 0
    outer loop
      vertex -85.32962799072266 86.79409790039062 228
      vertex -85.5 85.5 232
      vertex -85.5 85.5 228
    endloop
  endfacet
  facet normal 0.7933579567208935 -0.608755412713225 0
    outer loop
      vertex -84.03553771972656 89.03553771972656 214
      vertex -84.5 88.43022918701172 208
      vertex -84.03553771972656 89.03553771972656 208
    endloop
  endfacet
  facet normal 0.793356987778197 -0.6087566754816449 2.0240030561714152e-7
    outer loop
      vertex -84.83012390136719 88 214
      vertex -84.5 88.43022918701172 208
      vertex -84.03553771972656 89.03553771972656 214
    endloop
  endfacet
  facet normal 0.7933556245303682 -0.6087584521187607 0
    outer loop
      vertex -84.5 88.43022918701172 208
      vertex -84.83012390136719 88 214
      vertex -84.83012390136719 88 208.04345703125
    endloop
  endfacet
  facet normal 0.7933569877782134 -0.6087566754816575 0
    outer loop
      vertex -84.83012390136719 88 232
      vertex -84.03553771972656 89.03553771972656 228
      vertex -84.03553771972656 89.03553771972656 232
    endloop
  endfacet
  facet normal 0.7933569877782134 -0.6087566754816575 0
    outer loop
      vertex -84.03553771972656 89.03553771972656 228
      vertex -84.83012390136719 88 232
      vertex -84.83012390136719 88 228
    endloop
  endfacet
  facet normal -0.3826854496202838 0.9238786969342465 0
    outer loop
      vertex 83 -89.83012390136719 214
      vertex 81.79409790039062 -90.32962799072266 208.10922241210938
      vertex 81.79409790039062 -90.32962799072266 214
    endloop
  endfacet
  facet normal -0.3826854496202838 0.9238786969342465 0
    outer loop
      vertex 81.79409790039062 -90.32962799072266 208.10922241210938
      vertex 83 -89.83012390136719 214
      vertex 83 -89.83012390136719 208.04345703125
    endloop
  endfacet
  facet normal -0.3826854496202838 0.9238786969342465 0
    outer loop
      vertex 83 -89.83012390136719 230
      vertex 81.79409790039062 -90.32962799072266 232
      vertex 83 -89.83012390136719 232
    endloop
  endfacet
  facet normal -0.3826854496202838 0.9238786969342465 0
    outer loop
      vertex 81.79409790039062 -90.32962799072266 232
      vertex 83 -89.83012390136719 230
      vertex 81.79409790039062 -90.32962799072266 230
    endloop
  endfacet
  facet normal -0.3826854496202838 -0.9238786969342465 0
    outer loop
      vertex 81.79409790039062 90.32962799072266 208.10922241210938
      vertex 83 89.83012390136719 214
      vertex 81.79409790039062 90.32962799072266 214
    endloop
  endfacet
  facet normal -0.3826854496202838 -0.9238786969342465 0
    outer loop
      vertex 83 89.83012390136719 214
      vertex 81.79409790039062 90.32962799072266 208.10922241210938
      vertex 83 89.83012390136719 208.04345703125
    endloop
  endfacet
  facet normal -0.3826854496202838 -0.9238786969342465 0
    outer loop
      vertex 81.79409790039062 90.32962799072266 228
      vertex 83 89.83012390136719 232
      vertex 81.79409790039062 90.32962799072266 232
    endloop
  endfacet
  facet normal -0.3826854496202838 -0.9238786969342465 0
    outer loop
      vertex 83 89.83012390136719 232
      vertex 81.79409790039062 90.32962799072266 228
      vertex 83 89.83012390136719 228
    endloop
  endfacet
  facet normal -0.6087566754816573 -0.7933569877782133 0
    outer loop
      vertex 83 89.83012390136719 208.04345703125
      vertex 84.03553771972656 89.03553771972656 214
      vertex 83 89.83012390136719 214
    endloop
  endfacet
  facet normal -0.6087584214588909 -0.7933556480561834 4.82251183332168e-7
    outer loop
      vertex 83.43022918701172 89.5 208
      vertex 84.03553771972656 89.03553771972656 214
      vertex 83 89.83012390136719 208.04345703125
    endloop
  endfacet
  facet normal -0.608755412713225 -0.7933579567208935 0
    outer loop
      vertex 84.03553771972656 89.03553771972656 214
      vertex 83.43022918701172 89.5 208
      vertex 84.03553771972656 89.03553771972656 208
    endloop
  endfacet
  facet normal -0.6087566754816575 -0.7933569877782134 0
    outer loop
      vertex 83 89.83012390136719 228
      vertex 84.03553771972656 89.03553771972656 232
      vertex 83 89.83012390136719 232
    endloop
  endfacet
  facet normal -0.6087566754816575 -0.7933569877782134 0
    outer loop
      vertex 84.03553771972656 89.03553771972656 232
      vertex 83 89.83012390136719 228
      vertex 84.03553771972656 89.03553771972656 228
    endloop
  endfacet
  facet normal -0.9238770588658144 0.3826894042189469 0
    outer loop
      vertex 85.32962799072266 -86.79409790039062 208.10922241210938
      vertex 85.24433898925781 -87 214
      vertex 85.32962799072266 -86.79409790039062 214
    endloop
  endfacet
  facet normal -0.9238790342145956 0.38268463535750447 0
    outer loop
      vertex 84.83012390136719 -88 232
      vertex 85.24433898925781 -87 214
      vertex 84.83012390136719 -88 208.04345703125
    endloop
  endfacet
  facet normal -0.9238786938176641 0.3826854571442986 -1.61634750912997e-7
    outer loop
      vertex 84.83012390136719 -88 208.04345703125
      vertex 85.24433898925781 -87 214
      vertex 85.32962799072266 -86.79409790039062 208.10922241210938
    endloop
  endfacet
  facet normal -0.9238770588658144 0.38268940421894687 0
    outer loop
      vertex 85.24433898925781 -87 228
      vertex 85.32962799072266 -86.79409790039062 232
      vertex 85.32962799072266 -86.79409790039062 228
    endloop
  endfacet
  facet normal -0.9238786969342203 0.3826854496202729 2.3849234718942574e-7
    outer loop
      vertex 85.24433898925781 -87 228
      vertex 84.83012390136719 -88 232
      vertex 85.32962799072266 -86.79409790039062 232
    endloop
  endfacet
  facet normal -0.9238790342145955 0.3826846353575044 0
    outer loop
      vertex 85.24433898925781 -87 214
      vertex 84.83012390136719 -88 232
      vertex 85.24433898925781 -87 228
    endloop
  endfacet
  facet normal 0.9914447831916002 0.13052678607152238 0
    outer loop
      vertex -85.32962799072266 -86.79409790039062 214
      vertex -85.5 -85.5 208.13165283203125
      vertex -85.5 -85.5 214
    endloop
  endfacet
  facet normal 0.9914447831916001 0.13052678607152235 0
    outer loop
      vertex -85.5 -85.5 208.13165283203125
      vertex -85.32962799072266 -86.79409790039062 214
      vertex -85.32962799072266 -86.79409790039062 208.10922241210938
    endloop
  endfacet
  facet normal 0.9914447831916001 0.13052678607152235 0
    outer loop
      vertex -85.32962799072266 -86.79409790039062 232
      vertex -85.5 -85.5 228
      vertex -85.5 -85.5 232
    endloop
  endfacet
  facet normal 0.9914447831916001 0.13052678607152235 0
    outer loop
      vertex -85.5 -85.5 228
      vertex -85.32962799072266 -86.79409790039062 232
      vertex -85.32962799072266 -86.79409790039062 228
    endloop
  endfacet
  facet normal 0.9238770588658144 0.38268940421894687 0
    outer loop
      vertex -85.32962799072266 -86.79409790039062 232
      vertex -85.24433898925781 -87 228
      vertex -85.32962799072266 -86.79409790039062 228
    endloop
  endfacet
  facet normal 0.9238790342145955 0.3826846353575044 0
    outer loop
      vertex -85.24433898925781 -87 228
      vertex -84.83012390136719 -88 232
      vertex -85.24433898925781 -87 214
    endloop
  endfacet
  facet normal 0.9238786969342203 0.3826854496202729 2.3849234718942574e-7
    outer loop
      vertex -84.83012390136719 -88 232
      vertex -85.24433898925781 -87 228
      vertex -85.32962799072266 -86.79409790039062 232
    endloop
  endfacet
  facet normal 0.9238770588658144 0.3826894042189469 0
    outer loop
      vertex -85.24433898925781 -87 214
      vertex -85.32962799072266 -86.79409790039062 208.10922241210938
      vertex -85.32962799072266 -86.79409790039062 214
    endloop
  endfacet
  facet normal 0.9238790342145956 0.38268463535750447 0
    outer loop
      vertex -84.83012390136719 -88 208.04345703125
      vertex -85.24433898925781 -87 214
      vertex -84.83012390136719 -88 232
    endloop
  endfacet
  facet normal 0.9238786938176641 0.3826854571442986 -1.61634750912997e-7
    outer loop
      vertex -85.24433898925781 -87 214
      vertex -84.83012390136719 -88 208.04345703125
      vertex -85.32962799072266 -86.79409790039062 208.10922241210938
    endloop
  endfacet
  facet normal 0.6087566754816573 0.7933569877782133 0
    outer loop
      vertex -83 -89.83012390136719 214
      vertex -84.03553771972656 -89.03553771972656 228
      vertex -83 -89.83012390136719 228
    endloop
  endfacet
  facet normal 0.6087584521187607 0.7933556245303682 0
    outer loop
      vertex -83.43022918701172 -89.5 208
      vertex -83 -89.83012390136719 214
      vertex -83 -89.83012390136719 208.04345703125
    endloop
  endfacet
  facet normal 0.6087554127131884 0.793357956720846 3.4625880126119206e-7
    outer loop
      vertex -83 -89.83012390136719 214
      vertex -83.43022918701172 -89.5 208
      vertex -84.03553771972656 -89.03553771972656 208
    endloop
  endfacet
  facet normal 0.6087566754816573 0.7933569877782133 0
    outer loop
      vertex -83 -89.83012390136719 214
      vertex -84.03553771972656 -89.03553771972656 208
      vertex -84.03553771972656 -89.03553771972656 228
    endloop
  endfacet
  facet normal 0.6087566754816575 0.7933569877782134 0
    outer loop
      vertex -83 -89.83012390136719 230
      vertex -84.03553771972656 -89.03553771972656 232
      vertex -83 -89.83012390136719 232
    endloop
  endfacet
  facet normal 0.6087566754816575 0.7933569877782134 0
    outer loop
      vertex -84.03553771972656 -89.03553771972656 232
      vertex -83 -89.83012390136719 230
      vertex -84.03553771972656 -89.03553771972656 230
    endloop
  endfacet
  facet normal -0.9238786969342465 -0.3826854496202838 0
    outer loop
      vertex 85.32962799072266 86.79409790039062 208.10922241210938
      vertex 84.83012390136719 88 214
      vertex 84.83012390136719 88 208.04345703125
    endloop
  endfacet
  facet normal -0.9238786969342465 -0.3826854496202838 0
    outer loop
      vertex 84.83012390136719 88 214
      vertex 85.32962799072266 86.79409790039062 208.10922241210938
      vertex 85.32962799072266 86.79409790039062 214
    endloop
  endfacet
  facet normal -0.9238786969342465 -0.3826854496202838 0
    outer loop
      vertex 85.32962799072266 86.79409790039062 228
      vertex 84.83012390136719 88 232
      vertex 84.83012390136719 88 228
    endloop
  endfacet
  facet normal -0.9238786969342465 -0.3826854496202838 0
    outer loop
      vertex 84.83012390136719 88 232
      vertex 85.32962799072266 86.79409790039062 228
      vertex 85.32962799072266 86.79409790039062 232
    endloop
  endfacet
  facet normal -0.9914447831916001 -0.13052678607152235 0
    outer loop
      vertex 85.5 85.5 208.13165283203125
      vertex 85.32962799072266 86.79409790039062 214
      vertex 85.32962799072266 86.79409790039062 208.10922241210938
    endloop
  endfacet
  facet normal -0.9914447831916002 -0.13052678607152238 0
    outer loop
      vertex 85.32962799072266 86.79409790039062 214
      vertex 85.5 85.5 208.13165283203125
      vertex 85.5 85.5 214
    endloop
  endfacet
  facet normal -0.9914447831916001 -0.13052678607152235 0
    outer loop
      vertex 85.5 85.5 228
      vertex 85.32962799072266 86.79409790039062 232
      vertex 85.32962799072266 86.79409790039062 228
    endloop
  endfacet
  facet normal -0.9914447831916001 -0.13052678607152235 0
    outer loop
      vertex 85.32962799072266 86.79409790039062 232
      vertex 85.5 85.5 228
      vertex 85.5 85.5 232
    endloop
  endfacet
  facet normal 0.7943578329771962 0.6074501075707971 0
    outer loop
      vertex -84.83012390136719 -88 232
      vertex -84.82903289794922 -88.00142669677734 228
      vertex -84.83012390136719 -88 208.04345703125
    endloop
  endfacet
  facet normal 0.7933559798880336 0.6087579890033072 -7.397438423722146e-7
    outer loop
      vertex -84.83012390136719 -88 232
      vertex -84.07596588134766 -88.98284912109375 230
      vertex -84.82903289794922 -88.00142669677734 228
    endloop
  endfacet
  facet normal 0.7933569877781809 0.6087566754816325 2.8580718831526885e-7
    outer loop
      vertex -84.03553771972656 -89.03553771972656 232
      vertex -84.07596588134766 -88.98284912109375 230
      vertex -84.83012390136719 -88 232
    endloop
  endfacet
  facet normal 0.7933622273924776 0.6087498469378423 0
    outer loop
      vertex -84.07596588134766 -88.98284912109375 230
      vertex -84.03553771972656 -89.03553771972656 232
      vertex -84.03553771972656 -89.03553771972656 230
    endloop
  endfacet
  facet normal 0.79335560723566 0.6087584746578195 1.483260312602657e-7
    outer loop
      vertex -84.03553771972656 -89.03553771972656 228
      vertex -84.83012390136719 -88 208.04345703125
      vertex -84.82903289794922 -88.00142669677734 228
    endloop
  endfacet
  facet normal 0.7933569877782133 0.6087566754816573 0
    outer loop
      vertex -84.03553771972656 -89.03553771972656 208
      vertex -84.83012390136719 -88 208.04345703125
      vertex -84.03553771972656 -89.03553771972656 228
    endloop
  endfacet
  facet normal 0.7933579558142778 0.6087554120175652 0.00004780705780938816
    outer loop
      vertex -84.83012390136719 -88 208.04345703125
      vertex -84.03553771972656 -89.03553771972656 208
      vertex -84.5 -88.43022918701172 208
    endloop
  endfacet
  facet normal -1 0 0
    outer loop
      vertex 83 -90.5 214
      vertex 83 -89.83012390136719 228
      vertex 83 -89.83012390136719 214
    endloop
  endfacet
  facet normal -1 0 0
    outer loop
      vertex 83 -89.83012390136719 228
      vertex 83 -90.5 214
      vertex 83 -90.5 228
    endloop
  endfacet
  facet normal 0 0 1
    outer loop
      vertex 81.79409790039062 -90.32962799072266 214
      vertex 83 -90.5 214
      vertex 83 -89.83012390136719 214
    endloop
  endfacet
  facet normal 0 0 1
    outer loop
      vertex 83 -90.5 214
      vertex 81.79409790039062 -90.32962799072266 214
      vertex 80.5 -90.5 214
    endloop
  endfacet
  facet normal 0 0 1
    outer loop
      vertex -81.79409790039062 -90.32962799072266 214
      vertex -83 -90.5 214
      vertex -80.5 -90.5 214
    endloop
  endfacet
  facet normal 0 0 1
    outer loop
      vertex -83 -90.5 214
      vertex -81.79409790039062 -90.32962799072266 214
      vertex -83 -89.83012390136719 214
    endloop
  endfacet
  facet normal 0 0 1
    outer loop
      vertex -80.5 94.5 214
      vertex -81.79409790039062 90.32962799072266 214
      vertex -80.5 90.5 214
    endloop
  endfacet
  facet normal 0 0 1
    outer loop
      vertex -84.5 94.5 214
      vertex -81.79409790039062 90.32962799072266 214
      vertex -80.5 94.5 214
    endloop
  endfacet
  facet normal 0 0 1
    outer loop
      vertex -81.79409790039062 90.32962799072266 214
      vertex -84.5 94.5 214
      vertex -83 89.83012390136719 214
    endloop
  endfacet
  facet normal 0 0 1
    outer loop
      vertex -85.79409790039062 94.32962799072266 214
      vertex -83 89.83012390136719 214
      vertex -84.5 94.5 214
    endloop
  endfacet
  facet normal 0 0 1
    outer loop
      vertex -86.5 94.0372314453125 214
      vertex -83 89.83012390136719 214
      vertex -85.79409790039062 94.32962799072266 214
    endloop
  endfacet
  facet normal 0 0 1
    outer loop
      vertex -83 89.83012390136719 214
      vertex -86.5 94.0372314453125 214
      vertex -84.03553771972656 89.03553771972656 214
    endloop
  endfacet
  facet normal 0 0 1
    outer loop
      vertex -84.83012390136719 88 214
      vertex -86.5 94.0372314453125 214
      vertex -85.32962799072266 86.79409790039062 214
    endloop
  endfacet
  facet normal 0 0 1
    outer loop
      vertex -85.32962799072266 86.79409790039062 214
      vertex -86.5 94.0372314453125 214
      vertex -85.5 85.5 214
    endloop
  endfacet
  facet normal 0 0 1
    outer loop
      vertex -84.03553771972656 89.03553771972656 214
      vertex -86.5 94.0372314453125 214
      vertex -84.83012390136719 88 214
    endloop
  endfacet
  facet normal 0 0 1
    outer loop
      vertex -86.5 -87 214
      vertex -85.5 85.5 214
      vertex -86.5 94.0372314453125 214
    endloop
  endfacet
  facet normal 0 0 1
    outer loop
      vertex -85.32962799072266 -86.79409790039062 214
      vertex -86.5 -87 214
      vertex -85.24433898925781 -87 214
    endloop
  endfacet
  facet normal 0 0 1
    outer loop
      vertex -85.5 -85.5 214
      vertex -86.5 -87 214
      vertex -85.32962799072266 -86.79409790039062 214
    endloop
  endfacet
  facet normal 0 0 1
    outer loop
      vertex -85.5 85.5 214
      vertex -86.5 -87 214
      vertex -85.5 -85.5 214
    endloop
  endfacet
  facet normal 0 0 1
    outer loop
      vertex 86.5 94.0372314453125 214
      vertex 85.32962799072266 86.79409790039062 214
      vertex 85.5 85.5 214
    endloop
  endfacet
  facet normal 0 0 1
    outer loop
      vertex 86.5 94.0372314453125 214
      vertex 84.83012390136719 88 214
      vertex 85.32962799072266 86.79409790039062 214
    endloop
  endfacet
  facet normal 0 0 1
    outer loop
      vertex 83 89.83012390136719 214
      vertex 85.79409790039062 94.32962799072266 214
      vertex 84.5 94.5 214
    endloop
  endfacet
  facet normal 0 0 1
    outer loop
      vertex 86.5 94.0372314453125 214
      vertex 84.03553771972656 89.03553771972656 214
      vertex 84.83012390136719 88 214
    endloop
  endfacet
  facet normal 0 0 1
    outer loop
      vertex 86.5 94.0372314453125 214
      vertex 83 89.83012390136719 214
      vertex 84.03553771972656 89.03553771972656 214
    endloop
  endfacet
  facet normal 0 0 1
    outer loop
      vertex 84.5 94.5 214
      vertex 81.79409790039062 90.32962799072266 214
      vertex 83 89.83012390136719 214
    endloop
  endfacet
  facet normal 0 0 1
    outer loop
      vertex 80.5 94.5 214
      vertex 81.79409790039062 90.32962799072266 214
      vertex 84.5 94.5 214
    endloop
  endfacet
  facet normal 0 0 1
    outer loop
      vertex 81.79409790039062 90.32962799072266 214
      vertex 80.5 94.5 214
      vertex 80.5 90.5 214
    endloop
  endfacet
  facet normal 0 0 1
    outer loop
      vertex 83 89.83012390136719 214
      vertex 86.5 94.0372314453125 214
      vertex 85.79409790039062 94.32962799072266 214
    endloop
  endfacet
  facet normal 0 0 1
    outer loop
      vertex 86.5 94.0372314453125 214
      vertex 85.5 85.5 214
      vertex 86.5 -87 214
    endloop
  endfacet
  facet normal 0 0 1
    outer loop
      vertex 85.5 -85.5 214
      vertex 86.5 -87 214
      vertex 85.5 85.5 214
    endloop
  endfacet
  facet normal 0 0 1
    outer loop
      vertex 85.32962799072266 -86.79409790039062 214
      vertex 86.5 -87 214
      vertex 85.5 -85.5 214
    endloop
  endfacet
  facet normal 0 0 1
    outer loop
      vertex 86.5 -87 214
      vertex 85.32962799072266 -86.79409790039062 214
      vertex 85.24433898925781 -87 214
    endloop
  endfacet
  facet normal 1 0 0
    outer loop
      vertex -83 -90.5 228
      vertex -83 -89.83012390136719 214
      vertex -83 -89.83012390136719 228
    endloop
  endfacet
  facet normal 1 0 0
    outer loop
      vertex -83 -89.83012390136719 214
      vertex -83 -90.5 228
      vertex -83 -90.5 214
    endloop
  endfacet
  facet normal -1 0 0
    outer loop
      vertex 86.5 -87 214
      vertex 86.5 94.0372314453125 228
      vertex 86.5 94.0372314453125 214
    endloop
  endfacet
  facet normal -1 0 0
    outer loop
      vertex 86.5 94.0372314453125 228
      vertex 86.5 -87 214
      vertex 86.5 -87 228
    endloop
  endfacet
  facet normal 1 0 0
    outer loop
      vertex -86.5 -87 228
      vertex -86.5 94.0372314453125 214
      vertex -86.5 94.0372314453125 228
    endloop
  endfacet
  facet normal 1 0 0
    outer loop
      vertex -86.5 94.0372314453125 214
      vertex -86.5 -87 228
      vertex -86.5 -87 214
    endloop
  endfacet
  facet normal 0 1 0
    outer loop
      vertex -85.24433898925781 -87 214
      vertex -86.5 -87 228
      vertex -85.24433898925781 -87 228
    endloop
  endfacet
  facet normal 0 1 0
    outer loop
      vertex -86.5 -87 228
      vertex -85.24433898925781 -87 214
      vertex -86.5 -87 214
    endloop
  endfacet
  facet normal 0 1 0
    outer loop
      vertex 86.5 -87 214
      vertex 85.24433898925781 -87 228
      vertex 86.5 -87 228
    endloop
  endfacet
  facet normal 0 1 0
    outer loop
      vertex 85.24433898925781 -87 228
      vertex 86.5 -87 214
      vertex 85.24433898925781 -87 214
    endloop
  endfacet
  facet normal -1 0 0
    outer loop
      vertex 80.5 90.5 214
      vertex 80.5 94.5 213
      vertex 80.5 94.32962799072266 211.70590209960938
    endloop
  endfacet
  facet normal -1 0 0
    outer loop
      vertex 80.5 90.5 214
      vertex 80.5 94.32962799072266 211.70590209960938
      vertex 80.5 93.83012390136719 210.5
    endloop
  endfacet
  facet normal -1 0 0
    outer loop
      vertex 80.5 90.5 214
      vertex 80.5 93.83012390136719 210.5
      vertex 80.5 93.03553771972656 209.46446228027344
    endloop
  endfacet
  facet normal -1 0 0
    outer loop
      vertex 80.5 90.5 214
      vertex 80.5 93.03553771972656 209.46446228027344
      vertex 80.5 92 208.6698760986328
    endloop
  endfacet
  facet normal -1 0 0
    outer loop
      vertex 80.5 90.5 214
      vertex 80.5 92 208.6698760986328
      vertex 80.5 90.79409790039062 208.1703643798828
    endloop
  endfacet
  facet normal -1 0 0
    outer loop
      vertex 80.5 90.5 214
      vertex 80.5 90.79409790039062 208.1703643798828
      vertex 80.5 90.5 208.13165283203125
    endloop
  endfacet
  facet normal -1 0 0
    outer loop
      vertex 80.5 94.5 213
      vertex 80.5 90.5 214
      vertex 80.5 94.5 214
    endloop
  endfacet
  facet normal -1 0 0
    outer loop
      vertex 80.5 90.5 228
      vertex 80.5 94.5 232
      vertex 80.5 94.5 228
    endloop
  endfacet
  facet normal -1 0 0
    outer loop
      vertex 80.5 94.5 232
      vertex 80.5 90.5 228
      vertex 80.5 90.5 232
    endloop
  endfacet
  facet normal 1 0 0
    outer loop
      vertex -80.5 90.5 214
      vertex -80.5 94.5 213
      vertex -80.5 94.5 214
    endloop
  endfacet
  facet normal 1 0 0
    outer loop
      vertex -80.5 94.5 213
      vertex -80.5 90.5 214
      vertex -80.5 94.32962799072266 211.70590209960938
    endloop
  endfacet
  facet normal 1 0 0
    outer loop
      vertex -80.5 94.32962799072266 211.70590209960938
      vertex -80.5 90.5 214
      vertex -80.5 93.83012390136719 210.5
    endloop
  endfacet
  facet normal 1 0 0
    outer loop
      vertex -80.5 93.83012390136719 210.5
      vertex -80.5 90.5 214
      vertex -80.5 93.03553771972656 209.46446228027344
    endloop
  endfacet
  facet normal 1 0 0
    outer loop
      vertex -80.5 93.03553771972656 209.46446228027344
      vertex -80.5 90.5 214
      vertex -80.5 92 208.6698760986328
    endloop
  endfacet
  facet normal 1 0 0
    outer loop
      vertex -80.5 92 208.6698760986328
      vertex -80.5 90.5 214
      vertex -80.5 90.79409790039062 208.1703643798828
    endloop
  endfacet
  facet normal 1 0 0
    outer loop
      vertex -80.5 90.79409790039062 208.1703643798828
      vertex -80.5 90.5 214
      vertex -80.5 90.5 208.13165283203125
    endloop
  endfacet
  facet normal 1 0 0
    outer loop
      vertex -80.5 90.5 232
      vertex -80.5 94.5 228
      vertex -80.5 94.5 232
    endloop
  endfacet
  facet normal 1 0 0
    outer loop
      vertex -80.5 94.5 228
      vertex -80.5 90.5 232
      vertex -80.5 90.5 228
    endloop
  endfacet
endsolid OpenSCAD_Model
