solid OpenSCAD_Model
  facet normal -0.9183294535355175 -0.3803810535427707 -0.10945898261380549
    outer loop
      vertex -91.86602783203125 -91.5 205.5
      vertex -91.96592712402344 -91.25881958007812 205.5
      vertex -91.91864776611328 -91.2984848022461 205.24118041992188
    endloop
  endfacet
  facet normal 0.9183294535355175 0.3803810535427707 -0.10945898261380549
    outer loop
      vertex 91.91864776611328 91.2984848022461 205.24118041992188
      vertex 91.86602783203125 91.5 205.5
      vertex 91.96592712402344 91.25881958007812 205.5
    endloop
  endfacet
  facet normal 0.9238807634942465 0.3826804604958137 0
    outer loop
      vertex 91.96592712402344 91.25881958007812 235.5
      vertex 91.86602783203125 91.5 205.5
      vertex 91.86602783203125 91.5 235.5
    endloop
  endfacet
  facet normal 0.9238807634942465 0.3826804604958137 0
    outer loop
      vertex 91.86602783203125 91.5 205.5
      vertex 91.96592712402344 91.25881958007812 235.5
      vertex 91.96592712402344 91.25881958007812 205.5
    endloop
  endfacet
  facet normal 0 -0.3826804604958137 -0.9238807634942465
    outer loop
      vertex -91 -91.5 204.63397216796875
      vertex 91 -91.25881958007812 204.53407287597656
      vertex 91 -91.5 204.63397216796875
    endloop
  endfacet
  facet normal 0 -0.3826804604958137 -0.9238807634942465
    outer loop
      vertex 91 -91.25881958007812 204.53407287597656
      vertex -91 -91.5 204.63397216796875
      vertex -91 -91.25881958007812 204.53407287597656
    endloop
  endfacet
  facet normal 0.129423285231074 -0.9831069252527888 -0.129423285231074
    outer loop
      vertex 91.25881958007812 -91.96592712402344 205.5
      vertex 91 -92 205.5
      vertex 91 -91.96592712402344 205.24118041992188
    endloop
  endfacet
  facet normal -0.7894227032151379 -0.6057494624611848 -0.099395092315919
    outer loop
      vertex -91.70710754394531 -91.70710754394531 205.5
      vertex -91.86602783203125 -91.5 205.5
      vertex -91.78144836425781 -91.56775665283203 205.24118041992188
    endloop
  endfacet
  facet normal -0.9914455395896883 0.13052104055558153 0
    outer loop
      vertex -92 91 205.5
      vertex -91.96592712402344 91.25881958007812 235.5
      vertex -91.96592712402344 91.25881958007812 205.5
    endloop
  endfacet
  facet normal -0.9914455395896883 0.13052104055558153 0
    outer loop
      vertex -91.96592712402344 91.25881958007812 235.5
      vertex -92 91 205.5
      vertex -92 91 235.5
    endloop
  endfacet
  facet normal -0.9238807634942465 0.3826804604958137 0
    outer loop
      vertex -91.96592712402344 91.25881958007812 205.5
      vertex -91.86602783203125 91.5 235.5
      vertex -91.86602783203125 91.5 205.5
    endloop
  endfacet
  facet normal -0.9238807634942465 0.3826804604958137 0
    outer loop
      vertex -91.86602783203125 91.5 235.5
      vertex -91.96592712402344 91.25881958007812 205.5
      vertex -91.96592712402344 91.25881958007812 235.5
    endloop
  endfacet
  facet normal -0.9238807634942465 -0.3826804604958137 0
    outer loop
      vertex -91.86602783203125 -91.5 205.5
      vertex -91.96592712402344 -91.25881958007812 235.5
      vertex -91.96592712402344 -91.25881958007812 205.5
    endloop
  endfacet
  facet normal -0.9238807634942465 -0.3826804604958137 0
    outer loop
      vertex -91.96592712402344 -91.25881958007812 235.5
      vertex -91.86602783203125 -91.5 205.5
      vertex -91.86602783203125 -91.5 235.5
    endloop
  endfacet
  facet normal -0.9758165407829453 -0.15456726486291728 -0.15456726486291728
    outer loop
      vertex -91.91864776611328 -91.2984848022461 205.24118041992188
      vertex -91.96592712402344 -91.25881958007812 205.5
      vertex -91.96592712402344 -91 205.24118041992188
    endloop
  endfacet
  facet normal -0.5113801506632333 0.21181981381456513 -0.8328401455160599
    outer loop
      vertex -91.5 91 204.63397216796875
      vertex -91.61237335205078 91.35355377197266 204.7928924560547
      vertex -91.35355377197266 91.35355377197266 204.63397216796875
    endloop
  endfacet
  facet normal -0.6057494624611848 -0.7894227032151379 -0.099395092315919
    outer loop
      vertex -91.5 -91.86602783203125 205.5
      vertex -91.70710754394531 -91.70710754394531 205.5
      vertex -91.56775665283203 -91.78144836425781 205.24118041992188
    endloop
  endfacet
  facet normal 0.6962108924837894 0.6962108924837894 -0.17487362972687095
    outer loop
      vertex 91.78144836425781 91.56775665283203 205.24118041992188
      vertex 91.56775665283203 91.78144836425781 205.24118041992188
      vertex 91.70710754394531 91.70710754394531 205.5
    endloop
  endfacet
  facet normal -0.9914455395896883 0 -0.13052104055558153
    outer loop
      vertex -91.96592712402344 -91 205.24118041992188
      vertex -92 91 205.5
      vertex -91.96592712402344 91 205.24118041992188
    endloop
  endfacet
  facet normal -0.9914455395896883 0 -0.13052104055558153
    outer loop
      vertex -92 91 205.5
      vertex -91.96592712402344 -91 205.24118041992188
      vertex -92 -91 205.5
    endloop
  endfacet
  facet normal 0.9238807634942465 0 -0.3826804604958137
    outer loop
      vertex 91.96592712402344 -91 205.24118041992188
      vertex 91.86602783203125 91 205
      vertex 91.96592712402344 91 205.24118041992188
    endloop
  endfacet
  facet normal 0.9238807634942465 0 -0.3826804604958137
    outer loop
      vertex 91.86602783203125 91 205
      vertex 91.96592712402344 -91 205.24118041992188
      vertex 91.86602783203125 -91 205
    endloop
  endfacet
  facet normal -0.9914455395896883 -0.13052104055558153 0
    outer loop
      vertex -91.96592712402344 -91.25881958007812 205.5
      vertex -92 -91 235.5
      vertex -92 -91 205.5
    endloop
  endfacet
  facet normal -0.9914455395896883 -0.13052104055558153 0
    outer loop
      vertex -92 -91 235.5
      vertex -91.96592712402344 -91.25881958007812 205.5
      vertex -91.96592712402344 -91.25881958007812 235.5
    endloop
  endfacet
  facet normal -0.9831069252527885 -0.12942328523107396 -0.12942328523107396
    outer loop
      vertex -91.96592712402344 -91.25881958007812 205.5
      vertex -92 -91 205.5
      vertex -91.96592712402344 -91 205.24118041992188
    endloop
  endfacet
  facet normal 0.6057494624611848 0.7894227032151379 -0.099395092315919
    outer loop
      vertex 91.56775665283203 91.78144836425781 205.24118041992188
      vertex 91.5 91.86602783203125 205.5
      vertex 91.70710754394531 91.70710754394531 205.5
    endloop
  endfacet
  facet normal -0.8780667530246424 -0.44739259986519364 -0.1698194300385686
    outer loop
      vertex -91.86602783203125 -91.5 205.5
      vertex -91.91864776611328 -91.2984848022461 205.24118041992188
      vertex -91.78144836425781 -91.56775665283203 205.24118041992188
    endloop
  endfacet
  facet normal 0.5113801506632333 -0.21181981381456513 -0.8328401455160599
    outer loop
      vertex 91.61237335205078 -91.35355377197266 204.7928924560547
      vertex 91.35355377197266 -91.35355377197266 204.63397216796875
      vertex 91.5 -91 204.63397216796875
    endloop
  endfacet
  facet normal -0.5298711542142587 0.5298711542142587 -0.6621730286437969
    outer loop
      vertex -91.35355377197266 91.61237335205078 204.7928924560547
      vertex -91.61237335205078 91.35355377197266 204.7928924560547
      vertex -91.61237335205078 91.61237335205078 205
    endloop
  endfacet
  facet normal -0.5008324002887697 0.7495592121041305 -0.4328139258051028
    outer loop
      vertex -91.33141326904297 91.80010223388672 205
      vertex -91.61237335205078 91.61237335205078 205
      vertex -91.56775665283203 91.78144836425781 205.24118041992188
    endloop
  endfacet
  facet normal -0.6057494624611848 0.7894227032151379 -0.099395092315919
    outer loop
      vertex -91.56775665283203 91.78144836425781 205.24118041992188
      vertex -91.70710754394531 91.70710754394531 205.5
      vertex -91.5 91.86602783203125 205.5
    endloop
  endfacet
  facet normal 0 -0.6087640334084831 -0.7933513418582181
    outer loop
      vertex -91 -91.70710754394531 204.7928924560547
      vertex 91 -91.5 204.63397216796875
      vertex 91 -91.70710754394531 204.7928924560547
    endloop
  endfacet
  facet normal 0 -0.6087640334084831 -0.7933513418582181
    outer loop
      vertex 91 -91.5 204.63397216796875
      vertex -91 -91.70710754394531 204.7928924560547
      vertex -91 -91.5 204.63397216796875
    endloop
  endfacet
  facet normal 0.6087640334084831 0.7933513418582181 0
    outer loop
      vertex 91.70710754394531 91.70710754394531 205.5
      vertex 91.5 91.86602783203125 235.5
      vertex 91.70710754394531 91.70710754394531 235.5
    endloop
  endfacet
  facet normal 0.6087640334084831 0.7933513418582181 0
    outer loop
      vertex 91.5 91.86602783203125 235.5
      vertex 91.70710754394531 91.70710754394531 205.5
      vertex 91.5 91.86602783203125 205.5
    endloop
  endfacet
  facet normal 0.4563589743424509 0.6829990892113751 -0.5703058220582519
    outer loop
      vertex 91.35355377197266 91.61237335205078 204.7928924560547
      vertex 91.33141326904297 91.80010223388672 205
      vertex 91.61237335205078 91.61237335205078 205
    endloop
  endfacet
  facet normal -0.21254118066299987 -0.21254118066299987 -0.9537570408886931
    outer loop
      vertex -91 -91.25881958007812 204.53407287597656
      vertex -91.35355377197266 -91.35355377197266 204.63397216796875
      vertex -91.25881958007812 -91 204.53407287597656
    endloop
  endfacet
  facet normal -0.3803810535427707 0.9183294535355175 -0.10945898261380549
    outer loop
      vertex -91.2984848022461 91.91864776611328 205.24118041992188
      vertex -91.5 91.86602783203125 205.5
      vertex -91.25881958007812 91.96592712402344 205.5
    endloop
  endfacet
  facet normal -1 0 0
    outer loop
      vertex -92 -91 205.5
      vertex -92 91 235.5
      vertex -92 91 205.5
    endloop
  endfacet
  facet normal -1 0 0
    outer loop
      vertex -92 91 235.5
      vertex -92 -91 205.5
      vertex -92 -91 235.5
    endloop
  endfacet
  facet normal 0.44739259986519364 -0.8780667530246424 -0.1698194300385686
    outer loop
      vertex 91.5 -91.86602783203125 205.5
      vertex 91.2984848022461 -91.91864776611328 205.24118041992188
      vertex 91.56775665283203 -91.78144836425781 205.24118041992188
    endloop
  endfacet
  facet normal 0.5298711542142587 -0.5298711542142587 -0.6621730286437969
    outer loop
      vertex 91.61237335205078 -91.61237335205078 205
      vertex 91.35355377197266 -91.61237335205078 204.7928924560547
      vertex 91.61237335205078 -91.35355377197266 204.7928924560547
    endloop
  endfacet
  facet normal 0.6008233678068247 0.16098970151825256 -0.7830029353088844
    outer loop
      vertex 91.70710754394531 91 204.7928924560547
      vertex 91.5 91 204.63397216796875
      vertex 91.61237335205078 91.35355377197266 204.7928924560547
    endloop
  endfacet
  facet normal -0.6829990892113751 -0.4563589743424509 -0.5703058220582519
    outer loop
      vertex -91.61237335205078 -91.61237335205078 205
      vertex -91.80010223388672 -91.33141326904297 205
      vertex -91.61237335205078 -91.35355377197266 204.7928924560547
    endloop
  endfacet
  facet normal -0.1775526389627738 -0.8925713556190176 -0.41447730399357724
    outer loop
      vertex -91.2984848022461 -91.91864776611328 205.24118041992188
      vertex -91.33141326904297 -91.80010223388672 205
      vertex -91 -91.86602783203125 205
    endloop
  endfacet
  facet normal -0.6642655622653113 0.6642655622653113 -0.3427864139324947
    outer loop
      vertex -91.61237335205078 91.61237335205078 205
      vertex -91.78144836425781 91.56775665283203 205.24118041992188
      vertex -91.56775665283203 91.78144836425781 205.24118041992188
    endloop
  endfacet
  facet normal 0 1 0
    outer loop
      vertex 91 92 235.5
      vertex 89 92 228
      vertex 83 92 235.5
    endloop
  endfacet
  facet normal 0 1 0
    outer loop
      vertex 91 92 235.5
      vertex 89 92 214
      vertex 89 92 228
    endloop
  endfacet
  facet normal 0 1 0
    outer loop
      vertex 91 92 205.5
      vertex 89 92 214
      vertex 91 92 235.5
    endloop
  endfacet
  facet normal 0 1 0
    outer loop
      vertex 83 92 205.5
      vertex 89 92 214
      vertex 91 92 205.5
    endloop
  endfacet
  facet normal 0 1 0
    outer loop
      vertex 89 92 214
      vertex 83 92 205.5
      vertex 83 92 214
    endloop
  endfacet
  facet normal 0 1 0
    outer loop
      vertex 83 92 235.5
      vertex 89 92 228
      vertex 83 92 228
    endloop
  endfacet
  facet normal 0 1 0
    outer loop
      vertex -83 92 214
      vertex -83 92 205.5
      vertex -89 92 214
    endloop
  endfacet
  facet normal 0 1 0
    outer loop
      vertex -89 92 228
      vertex -83 92 235.5
      vertex -83 92 228
    endloop
  endfacet
  facet normal 0 1 0
    outer loop
      vertex -83 92 235.5
      vertex -89 92 228
      vertex -91 92 235.5
    endloop
  endfacet
  facet normal 0 1 0
    outer loop
      vertex -89 92 214
      vertex -91 92 235.5
      vertex -89 92 228
    endloop
  endfacet
  facet normal 0 1 0
    outer loop
      vertex -89 92 214
      vertex -91 92 205.5
      vertex -91 92 235.5
    endloop
  endfacet
  facet normal 0 1 0
    outer loop
      vertex -91 92 205.5
      vertex -89 92 214
      vertex -83 92 205.5
    endloop
  endfacet
  facet normal 0.129423285231074 0.9831069252527888 -0.129423285231074
    outer loop
      vertex 91.25881958007812 91.96592712402344 205.5
      vertex 91 91.96592712402344 205.24118041992188
      vertex 91 92 205.5
    endloop
  endfacet
  facet normal -0.6087640334084831 0.7933513418582181 0
    outer loop
      vertex -91.5 91.86602783203125 205.5
      vertex -91.70710754394531 91.70710754394531 235.5
      vertex -91.5 91.86602783203125 235.5
    endloop
  endfacet
  facet normal -0.6087640334084831 0.7933513418582181 0
    outer loop
      vertex -91.70710754394531 91.70710754394531 235.5
      vertex -91.5 91.86602783203125 205.5
      vertex -91.70710754394531 91.70710754394531 205.5
    endloop
  endfacet
  facet normal -0.129423285231074 0.129423285231074 -0.9831069252527888
    outer loop
      vertex -91 91 204.5
      vertex -91.25881958007812 91 204.53407287597656
      vertex -91 91.25881958007812 204.53407287597656
    endloop
  endfacet
  facet normal 0.7894227032151379 0.6057494624611848 -0.099395092315919
    outer loop
      vertex 91.78144836425781 91.56775665283203 205.24118041992188
      vertex 91.70710754394531 91.70710754394531 205.5
      vertex 91.86602783203125 91.5 205.5
    endloop
  endfacet
  facet normal -0.7367480777844493 -0.19741051945036808 -0.6467080923347525
    outer loop
      vertex -91.61237335205078 -91.35355377197266 204.7928924560547
      vertex -91.80010223388672 -91.33141326904297 205
      vertex -91.70710754394531 -91 204.7928924560547
    endloop
  endfacet
  facet normal 0 0 -1
    outer loop
      vertex 91 -91 204.5
      vertex 88 -83 204.5
      vertex 91 91 204.5
    endloop
  endfacet
  facet normal 0 0 -1
    outer loop
      vertex 91 -91 204.5
      vertex 87.82962799072266 -84.29409790039062 204.5
      vertex 88 -83 204.5
    endloop
  endfacet
  facet normal 0 0 -1
    outer loop
      vertex 91 -91 204.5
      vertex 87.33012390136719 -85.5 204.5
      vertex 87.82962799072266 -84.29409790039062 204.5
    endloop
  endfacet
  facet normal 0 0 -1
    outer loop
      vertex 91 -91 204.5
      vertex 86.53553771972656 -86.53553771972656 204.5
      vertex 87.33012390136719 -85.5 204.5
    endloop
  endfacet
  facet normal 0 0 -1
    outer loop
      vertex 91 -91 204.5
      vertex 85.5 -87.33012390136719 204.5
      vertex 86.53553771972656 -86.53553771972656 204.5
    endloop
  endfacet
  facet normal 0 0 -1
    outer loop
      vertex 91 -91 204.5
      vertex 84.29409790039062 -87.82962799072266 204.5
      vertex 85.5 -87.33012390136719 204.5
    endloop
  endfacet
  facet normal 0 0 -1
    outer loop
      vertex 91 -91 204.5
      vertex 83 -88 204.5
      vertex 84.29409790039062 -87.82962799072266 204.5
    endloop
  endfacet
  facet normal 0 0 -1
    outer loop
      vertex 91 -91 204.5
      vertex -83 -88 204.5
      vertex 83 -88 204.5
    endloop
  endfacet
  facet normal 0 0 -1
    outer loop
      vertex -88 -83 204.5
      vertex -91 -91 204.5
      vertex -88 83 204.5
    endloop
  endfacet
  facet normal 0 0 -1
    outer loop
      vertex -87.82962799072266 -84.29409790039062 204.5
      vertex -91 -91 204.5
      vertex -88 -83 204.5
    endloop
  endfacet
  facet normal 0 0 -1
    outer loop
      vertex -87.33012390136719 -85.5 204.5
      vertex -91 -91 204.5
      vertex -87.82962799072266 -84.29409790039062 204.5
    endloop
  endfacet
  facet normal 0 0 -1
    outer loop
      vertex -86.53553771972656 -86.53553771972656 204.5
      vertex -91 -91 204.5
      vertex -87.33012390136719 -85.5 204.5
    endloop
  endfacet
  facet normal 0 0 -1
    outer loop
      vertex -85.5 -87.33012390136719 204.5
      vertex -91 -91 204.5
      vertex -86.53553771972656 -86.53553771972656 204.5
    endloop
  endfacet
  facet normal 0 0 -1
    outer loop
      vertex -84.29409790039062 -87.82962799072266 204.5
      vertex -91 -91 204.5
      vertex -85.5 -87.33012390136719 204.5
    endloop
  endfacet
  facet normal 0 0 -1
    outer loop
      vertex -83 -88 204.5
      vertex -91 -91 204.5
      vertex -84.29409790039062 -87.82962799072266 204.5
    endloop
  endfacet
  facet normal 0 0 -1
    outer loop
      vertex -91 -91 204.5
      vertex -83 -88 204.5
      vertex 91 -91 204.5
    endloop
  endfacet
  facet normal 0 0 -1
    outer loop
      vertex 88 83 204.5
      vertex 91 91 204.5
      vertex 88 -83 204.5
    endloop
  endfacet
  facet normal 0 0 -1
    outer loop
      vertex 87.82962799072266 84.29409790039062 204.5
      vertex 91 91 204.5
      vertex 88 83 204.5
    endloop
  endfacet
  facet normal 0 0 -1
    outer loop
      vertex 87.33012390136719 85.5 204.5
      vertex 91 91 204.5
      vertex 87.82962799072266 84.29409790039062 204.5
    endloop
  endfacet
  facet normal 0 0 -1
    outer loop
      vertex 86.53553771972656 86.53553771972656 204.5
      vertex 91 91 204.5
      vertex 87.33012390136719 85.5 204.5
    endloop
  endfacet
  facet normal 0 0 -1
    outer loop
      vertex 85.5 87.33012390136719 204.5
      vertex 91 91 204.5
      vertex 86.53553771972656 86.53553771972656 204.5
    endloop
  endfacet
  facet normal 0 0 -1
    outer loop
      vertex 83 91 204.5
      vertex 85.5 87.33012390136719 204.5
      vertex 84.29409790039062 87.82962799072266 204.5
    endloop
  endfacet
  facet normal 0 0 -1
    outer loop
      vertex 83 91 204.5
      vertex 84.29409790039062 87.82962799072266 204.5
      vertex 83 88 204.5
    endloop
  endfacet
  facet normal 0 0 -1
    outer loop
      vertex 85.5 87.33012390136719 204.5
      vertex 83 91 204.5
      vertex 91 91 204.5
    endloop
  endfacet
  facet normal 0 0 -1
    outer loop
      vertex -84.29409790039062 87.82962799072266 204.5
      vertex -83 91 204.5
      vertex -83 88 204.5
    endloop
  endfacet
  facet normal 0 0 -1
    outer loop
      vertex -85.5 87.33012390136719 204.5
      vertex -83 91 204.5
      vertex -84.29409790039062 87.82962799072266 204.5
    endloop
  endfacet
  facet normal 0 0 -1
    outer loop
      vertex -91 91 204.5
      vertex -85.5 87.33012390136719 204.5
      vertex -86.53553771972656 86.53553771972656 204.5
    endloop
  endfacet
  facet normal 0 0 -1
    outer loop
      vertex -85.5 87.33012390136719 204.5
      vertex -91 91 204.5
      vertex -83 91 204.5
    endloop
  endfacet
  facet normal 0 0 -1
    outer loop
      vertex -87.33012390136719 85.5 204.5
      vertex -91 91 204.5
      vertex -86.53553771972656 86.53553771972656 204.5
    endloop
  endfacet
  facet normal 0 0 -1
    outer loop
      vertex -87.82962799072266 84.29409790039062 204.5
      vertex -91 91 204.5
      vertex -87.33012390136719 85.5 204.5
    endloop
  endfacet
  facet normal 0 0 -1
    outer loop
      vertex -88 83 204.5
      vertex -91 91 204.5
      vertex -87.82962799072266 84.29409790039062 204.5
    endloop
  endfacet
  facet normal 0 0 -1
    outer loop
      vertex -91 91 204.5
      vertex -88 83 204.5
      vertex -91 -91 204.5
    endloop
  endfacet
  facet normal -0.8925713556190176 0.1775526389627738 -0.41447730399357724
    outer loop
      vertex -91.86602783203125 91 205
      vertex -91.91864776611328 91.2984848022461 205.24118041992188
      vertex -91.80010223388672 91.33141326904297 205
    endloop
  endfacet
  facet normal -0.5113801506632333 -0.21181981381456513 -0.8328401455160599
    outer loop
      vertex -91.35355377197266 -91.35355377197266 204.63397216796875
      vertex -91.61237335205078 -91.35355377197266 204.7928924560547
      vertex -91.5 -91 204.63397216796875
    endloop
  endfacet
  facet normal -0.7894227032151379 0.6057494624611848 -0.099395092315919
    outer loop
      vertex -91.78144836425781 91.56775665283203 205.24118041992188
      vertex -91.86602783203125 91.5 205.5
      vertex -91.70710754394531 91.70710754394531 205.5
    endloop
  endfacet
  facet normal 0.3826804604958137 -0.9238807634942465 0
    outer loop
      vertex 91.25881958007812 -91.96592712402344 205.5
      vertex 91.5 -91.86602783203125 235.5
      vertex 91.25881958007812 -91.96592712402344 235.5
    endloop
  endfacet
  facet normal 0.3826804604958137 -0.9238807634942465 0
    outer loop
      vertex 91.5 -91.86602783203125 235.5
      vertex 91.25881958007812 -91.96592712402344 205.5
      vertex 91.5 -91.86602783203125 205.5
    endloop
  endfacet
  facet normal 1 0 0
    outer loop
      vertex 92 -91 235.5
      vertex 92 91 205.5
      vertex 92 91 235.5
    endloop
  endfacet
  facet normal 1 0 0
    outer loop
      vertex 92 91 205.5
      vertex 92 -91 235.5
      vertex 92 -91 205.5
    endloop
  endfacet
  facet normal 0.16098970151825256 0.6008233678068247 -0.7830029353088844
    outer loop
      vertex 91.35355377197266 91.61237335205078 204.7928924560547
      vertex 91 91.5 204.63397216796875
      vertex 91 91.70710754394531 204.7928924560547
    endloop
  endfacet
  facet normal 0.5008324002887697 0.7495592121041305 -0.4328139258051028
    outer loop
      vertex 91.61237335205078 91.61237335205078 205
      vertex 91.33141326904297 91.80010223388672 205
      vertex 91.56775665283203 91.78144836425781 205.24118041992188
    endloop
  endfacet
  facet normal 0.7367480777844493 0.19741051945036808 -0.6467080923347525
    outer loop
      vertex 91.70710754394531 91 204.7928924560547
      vertex 91.61237335205078 91.35355377197266 204.7928924560547
      vertex 91.80010223388672 91.33141326904297 205
    endloop
  endfacet
  facet normal 0.3779616438474456 0.15655626235195008 -0.9124884286929473
    outer loop
      vertex 91.5 91 204.63397216796875
      vertex 91.25881958007812 91 204.53407287597656
      vertex 91.35355377197266 91.35355377197266 204.63397216796875
    endloop
  endfacet
  facet normal 0.7836526334954285 -0.15588624061405643 -0.6013219021480061
    outer loop
      vertex 91.80010223388672 -91.33141326904297 205
      vertex 91.70710754394531 -91 204.7928924560547
      vertex 91.86602783203125 -91 205
    endloop
  endfacet
  facet normal 0.42494564844459504 -0.8340116619142266 -0.35191723978667533
    outer loop
      vertex 91.56775665283203 -91.78144836425781 205.24118041992188
      vertex 91.2984848022461 -91.91864776611328 205.24118041992188
      vertex 91.33141326904297 -91.80010223388672 205
    endloop
  endfacet
  facet normal -0.15588624061405643 -0.7836526334954285 -0.6013219021480061
    outer loop
      vertex -91 -91.86602783203125 205
      vertex -91.33141326904297 -91.80010223388672 205
      vertex -91 -91.70710754394531 204.7928924560547
    endloop
  endfacet
  facet normal 0.13052104055558153 -0.9914455395896883 0
    outer loop
      vertex 91 -92 205.5
      vertex 91.25881958007812 -91.96592712402344 235.5
      vertex 91 -92 235.5
    endloop
  endfacet
  facet normal 0.13052104055558153 -0.9914455395896883 0
    outer loop
      vertex 91.25881958007812 -91.96592712402344 235.5
      vertex 91 -92 205.5
      vertex 91.25881958007812 -91.96592712402344 205.5
    endloop
  endfacet
  facet normal -0.5008324002887697 -0.7495592121041305 -0.4328139258051028
    outer loop
      vertex -91.56775665283203 -91.78144836425781 205.24118041992188
      vertex -91.61237335205078 -91.61237335205078 205
      vertex -91.33141326904297 -91.80010223388672 205
    endloop
  endfacet
  facet normal -0.9831069252527885 0.12942328523107396 -0.12942328523107396
    outer loop
      vertex -91.96592712402344 91 205.24118041992188
      vertex -92 91 205.5
      vertex -91.96592712402344 91.25881958007812 205.5
    endloop
  endfacet
  facet normal 0.9914455395896883 -0.13052104055558153 0
    outer loop
      vertex 91.96592712402344 -91.25881958007812 235.5
      vertex 92 -91 205.5
      vertex 92 -91 235.5
    endloop
  endfacet
  facet normal 0.9914455395896883 -0.13052104055558153 0
    outer loop
      vertex 92 -91 205.5
      vertex 91.96592712402344 -91.25881958007812 235.5
      vertex 91.96592712402344 -91.25881958007812 205.5
    endloop
  endfacet
  facet normal 0 0 1
    outer loop
      vertex -83 92 235.5
      vertex -84.29409790039062 87.82962799072266 235.5
      vertex -83 88 235.5
    endloop
  endfacet
  facet normal 0 0 1
    outer loop
      vertex -83 92 235.5
      vertex -85.5 87.33012390136719 235.5
      vertex -84.29409790039062 87.82962799072266 235.5
    endloop
  endfacet
  facet normal 0 0 1
    outer loop
      vertex -91 92 235.5
      vertex -85.5 87.33012390136719 235.5
      vertex -83 92 235.5
    endloop
  endfacet
  facet normal 0 0 1
    outer loop
      vertex -85.5 87.33012390136719 235.5
      vertex -91 92 235.5
      vertex -86.53553771972656 86.53553771972656 235.5
    endloop
  endfacet
  facet normal 0 0 1
    outer loop
      vertex -87.82962799072266 84.29409790039062 235.5
      vertex -92 91 235.5
      vertex -88 83 235.5
    endloop
  endfacet
  facet normal 0 0 1
    outer loop
      vertex -87.33012390136719 85.5 235.5
      vertex -92 91 235.5
      vertex -87.82962799072266 84.29409790039062 235.5
    endloop
  endfacet
  facet normal 0 0 1
    outer loop
      vertex -86.53553771972656 86.53553771972656 235.5
      vertex -92 91 235.5
      vertex -87.33012390136719 85.5 235.5
    endloop
  endfacet
  facet normal 0 0 1
    outer loop
      vertex -92 91 235.5
      vertex -86.53553771972656 86.53553771972656 235.5
      vertex -91 92 235.5
    endloop
  endfacet
  facet normal 0 0 1
    outer loop
      vertex 91 92 235.5
      vertex 92 91 235.5
      vertex 91.96592712402344 91.25881958007812 235.5
    endloop
  endfacet
  facet normal 0 0 1
    outer loop
      vertex 92 91 235.5
      vertex 88 83 235.5
      vertex 92 -91 235.5
    endloop
  endfacet
  facet normal 0 0 1
    outer loop
      vertex 91 92 235.5
      vertex 91.96592712402344 91.25881958007812 235.5
      vertex 91.86602783203125 91.5 235.5
    endloop
  endfacet
  facet normal 0 0 1
    outer loop
      vertex 88 -83 235.5
      vertex 92 -91 235.5
      vertex 88 83 235.5
    endloop
  endfacet
  facet normal 0 0 1
    outer loop
      vertex 91 92 235.5
      vertex 91.86602783203125 91.5 235.5
      vertex 91.70710754394531 91.70710754394531 235.5
    endloop
  endfacet
  facet normal 0 0 1
    outer loop
      vertex 87.82962799072266 -84.29409790039062 235.5
      vertex 92 -91 235.5
      vertex 88 -83 235.5
    endloop
  endfacet
  facet normal 0 0 1
    outer loop
      vertex 91 92 235.5
      vertex 91.70710754394531 91.70710754394531 235.5
      vertex 91.5 91.86602783203125 235.5
    endloop
  endfacet
  facet normal 0 0 1
    outer loop
      vertex 87.33012390136719 -85.5 235.5
      vertex 92 -91 235.5
      vertex 87.82962799072266 -84.29409790039062 235.5
    endloop
  endfacet
  facet normal 0 0 1
    outer loop
      vertex 91 92 235.5
      vertex 91.5 91.86602783203125 235.5
      vertex 91.25881958007812 91.96592712402344 235.5
    endloop
  endfacet
  facet normal 0 0 1
    outer loop
      vertex 86.53553771972656 -86.53553771972656 235.5
      vertex 92 -91 235.5
      vertex 87.33012390136719 -85.5 235.5
    endloop
  endfacet
  facet normal 0 0 1
    outer loop
      vertex 92 91 235.5
      vertex 91 92 235.5
      vertex 86.53553771972656 86.53553771972656 235.5
    endloop
  endfacet
  facet normal 0 0 1
    outer loop
      vertex 91 -92 235.5
      vertex 92 -91 235.5
      vertex 86.53553771972656 -86.53553771972656 235.5
    endloop
  endfacet
  facet normal 0 0 1
    outer loop
      vertex 92 -91 235.5
      vertex 91 -92 235.5
      vertex 91.96592712402344 -91.25881958007812 235.5
    endloop
  endfacet
  facet normal 0 0 1
    outer loop
      vertex 92 91 235.5
      vertex 87.82962799072266 84.29409790039062 235.5
      vertex 88 83 235.5
    endloop
  endfacet
  facet normal 0 0 1
    outer loop
      vertex 92 91 235.5
      vertex 87.33012390136719 85.5 235.5
      vertex 87.82962799072266 84.29409790039062 235.5
    endloop
  endfacet
  facet normal 0 0 1
    outer loop
      vertex 92 91 235.5
      vertex 86.53553771972656 86.53553771972656 235.5
      vertex 87.33012390136719 85.5 235.5
    endloop
  endfacet
  facet normal 0 0 1
    outer loop
      vertex 91 92 235.5
      vertex 85.5 87.33012390136719 235.5
      vertex 86.53553771972656 86.53553771972656 235.5
    endloop
  endfacet
  facet normal 0 0 1
    outer loop
      vertex 83 92 235.5
      vertex 85.5 87.33012390136719 235.5
      vertex 91 92 235.5
    endloop
  endfacet
  facet normal 0 0 1
    outer loop
      vertex 85.5 87.33012390136719 235.5
      vertex 83 92 235.5
      vertex 84.29409790039062 87.82962799072266 235.5
    endloop
  endfacet
  facet normal 0 0 1
    outer loop
      vertex 84.29409790039062 87.82962799072266 235.5
      vertex 83 92 235.5
      vertex 83 88 235.5
    endloop
  endfacet
  facet normal 0 0 1
    outer loop
      vertex 91.86602783203125 -91.5 235.5
      vertex 91 -92 235.5
      vertex 91.70710754394531 -91.70710754394531 235.5
    endloop
  endfacet
  facet normal 0 0 1
    outer loop
      vertex 91.70710754394531 -91.70710754394531 235.5
      vertex 91 -92 235.5
      vertex 91.5 -91.86602783203125 235.5
    endloop
  endfacet
  facet normal 0 0 1
    outer loop
      vertex 91.5 -91.86602783203125 235.5
      vertex 91 -92 235.5
      vertex 91.25881958007812 -91.96592712402344 235.5
    endloop
  endfacet
  facet normal 0 0 1
    outer loop
      vertex 91.96592712402344 -91.25881958007812 235.5
      vertex 91 -92 235.5
      vertex 91.86602783203125 -91.5 235.5
    endloop
  endfacet
  facet normal 0 0 1
    outer loop
      vertex 85.5 -87.33012390136719 235.5
      vertex 91 -92 235.5
      vertex 86.53553771972656 -86.53553771972656 235.5
    endloop
  endfacet
  facet normal 0 0 1
    outer loop
      vertex 84.29409790039062 -87.82962799072266 235.5
      vertex 91 -92 235.5
      vertex 85.5 -87.33012390136719 235.5
    endloop
  endfacet
  facet normal 0 0 1
    outer loop
      vertex 83 -88 235.5
      vertex 91 -92 235.5
      vertex 84.29409790039062 -87.82962799072266 235.5
    endloop
  endfacet
  facet normal 0 0 1
    outer loop
      vertex -83 -88 235.5
      vertex 91 -92 235.5
      vertex 83 -88 235.5
    endloop
  endfacet
  facet normal 0 0 1
    outer loop
      vertex -83 -88 235.5
      vertex -91 -92 235.5
      vertex 91 -92 235.5
    endloop
  endfacet
  facet normal 0 0 1
    outer loop
      vertex -84.29409790039062 -87.82962799072266 235.5
      vertex -91 -92 235.5
      vertex -83 -88 235.5
    endloop
  endfacet
  facet normal 0 0 1
    outer loop
      vertex -85.5 -87.33012390136719 235.5
      vertex -91 -92 235.5
      vertex -84.29409790039062 -87.82962799072266 235.5
    endloop
  endfacet
  facet normal 0 0 1
    outer loop
      vertex -86.53553771972656 -86.53553771972656 235.5
      vertex -91 -92 235.5
      vertex -85.5 -87.33012390136719 235.5
    endloop
  endfacet
  facet normal 0 0 1
    outer loop
      vertex -92 -91 235.5
      vertex -86.53553771972656 -86.53553771972656 235.5
      vertex -87.33012390136719 -85.5 235.5
    endloop
  endfacet
  facet normal 0 0 1
    outer loop
      vertex -92 -91 235.5
      vertex -87.33012390136719 -85.5 235.5
      vertex -87.82962799072266 -84.29409790039062 235.5
    endloop
  endfacet
  facet normal 0 0 1
    outer loop
      vertex -92 -91 235.5
      vertex -87.82962799072266 -84.29409790039062 235.5
      vertex -88 -83 235.5
    endloop
  endfacet
  facet normal 0 0 1
    outer loop
      vertex -88 83 235.5
      vertex -92 91 235.5
      vertex -88 -83 235.5
    endloop
  endfacet
  facet normal 0 0 1
    outer loop
      vertex -92 91 235.5
      vertex -91 92 235.5
      vertex -91.25881958007812 91.96592712402344 235.5
    endloop
  endfacet
  facet normal 0 0 1
    outer loop
      vertex -92 -91 235.5
      vertex -88 -83 235.5
      vertex -92 91 235.5
    endloop
  endfacet
  facet normal 0 0 1
    outer loop
      vertex -92 91 235.5
      vertex -91.25881958007812 91.96592712402344 235.5
      vertex -91.5 91.86602783203125 235.5
    endloop
  endfacet
  facet normal 0 0 1
    outer loop
      vertex -86.53553771972656 -86.53553771972656 235.5
      vertex -92 -91 235.5
      vertex -91 -92 235.5
    endloop
  endfacet
  facet normal 0 0 1
    outer loop
      vertex -92 91 235.5
      vertex -91.5 91.86602783203125 235.5
      vertex -91.70710754394531 91.70710754394531 235.5
    endloop
  endfacet
  facet normal 0 0 1
    outer loop
      vertex -91 -92 235.5
      vertex -92 -91 235.5
      vertex -91.25881958007812 -91.96592712402344 235.5
    endloop
  endfacet
  facet normal 0 0 1
    outer loop
      vertex -92 91 235.5
      vertex -91.70710754394531 91.70710754394531 235.5
      vertex -91.86602783203125 91.5 235.5
    endloop
  endfacet
  facet normal 0 0 1
    outer loop
      vertex -91.25881958007812 -91.96592712402344 235.5
      vertex -92 -91 235.5
      vertex -91.5 -91.86602783203125 235.5
    endloop
  endfacet
  facet normal 0 0 1
    outer loop
      vertex -92 91 235.5
      vertex -91.86602783203125 91.5 235.5
      vertex -91.96592712402344 91.25881958007812 235.5
    endloop
  endfacet
  facet normal 0 0 1
    outer loop
      vertex -91.5 -91.86602783203125 235.5
      vertex -92 -91 235.5
      vertex -91.70710754394531 -91.70710754394531 235.5
    endloop
  endfacet
  facet normal 0 0 1
    outer loop
      vertex -91.70710754394531 -91.70710754394531 235.5
      vertex -92 -91 235.5
      vertex -91.86602783203125 -91.5 235.5
    endloop
  endfacet
  facet normal 0 0 1
    outer loop
      vertex -91.86602783203125 -91.5 235.5
      vertex -92 -91 235.5
      vertex -91.96592712402344 -91.25881958007812 235.5
    endloop
  endfacet
  facet normal 0.9238807634942465 -0.3826804604958137 0
    outer loop
      vertex 91.86602783203125 -91.5 235.5
      vertex 91.96592712402344 -91.25881958007812 205.5
      vertex 91.96592712402344 -91.25881958007812 235.5
    endloop
  endfacet
  facet normal 0.9238807634942465 -0.3826804604958137 0
    outer loop
      vertex 91.96592712402344 -91.25881958007812 205.5
      vertex 91.86602783203125 -91.5 235.5
      vertex 91.86602783203125 -91.5 205.5
    endloop
  endfacet
  facet normal -0.7933513418582181 0.6087640334084831 0
    outer loop
      vertex -91.86602783203125 91.5 205.5
      vertex -91.70710754394531 91.70710754394531 235.5
      vertex -91.70710754394531 91.70710754394531 205.5
    endloop
  endfacet
  facet normal -0.7933513418582181 0.6087640334084831 0
    outer loop
      vertex -91.70710754394531 91.70710754394531 235.5
      vertex -91.86602783203125 91.5 205.5
      vertex -91.86602783203125 91.5 235.5
    endloop
  endfacet
  facet normal -0.914144137054656 0.14479848726651082 -0.37864745446645787
    outer loop
      vertex -91.86602783203125 91 205
      vertex -91.96592712402344 91 205.24118041992188
      vertex -91.91864776611328 91.2984848022461 205.24118041992188
    endloop
  endfacet
  facet normal -0.7367480777844493 0.19741051945036808 -0.6467080923347525
    outer loop
      vertex -91.70710754394531 91 204.7928924560547
      vertex -91.80010223388672 91.33141326904297 205
      vertex -91.61237335205078 91.35355377197266 204.7928924560547
    endloop
  endfacet
  facet normal 0 0.7933513418582181 -0.6087640334084832
    outer loop
      vertex -83 91.70710754394531 204.7928924560547
      vertex -91 91.86602783203125 205
      vertex -83 91.86602783203125 205
    endloop
  endfacet
  facet normal 0 0.7933513418582181 -0.6087640334084832
    outer loop
      vertex -91 91.86602783203125 205
      vertex -83 91.70710754394531 204.7928924560547
      vertex -91 91.70710754394531 204.7928924560547
    endloop
  endfacet
  facet normal 0 0.7933513418582181 -0.6087640334084832
    outer loop
      vertex 91 91.70710754394531 204.7928924560547
      vertex 83 91.86602783203125 205
      vertex 91 91.86602783203125 205
    endloop
  endfacet
  facet normal 0 0.7933513418582181 -0.6087640334084832
    outer loop
      vertex 83 91.86602783203125 205
      vertex 91 91.70710754394531 204.7928924560547
      vertex 83 91.70710754394531 204.7928924560547
    endloop
  endfacet
  facet normal -0.46362031738253223 0.46362031738253223 -0.7550578803113309
    outer loop
      vertex -91.35355377197266 91.35355377197266 204.63397216796875
      vertex -91.61237335205078 91.35355377197266 204.7928924560547
      vertex -91.35355377197266 91.61237335205078 204.7928924560547
    endloop
  endfacet
  facet normal 0.46362031738253223 -0.46362031738253223 -0.7550578803113309
    outer loop
      vertex 91.61237335205078 -91.35355377197266 204.7928924560547
      vertex 91.35355377197266 -91.61237335205078 204.7928924560547
      vertex 91.35355377197266 -91.35355377197266 204.63397216796875
    endloop
  endfacet
  facet normal -0.13052104055558153 0 -0.9914455395896883
    outer loop
      vertex -91.25881958007812 -91 204.53407287597656
      vertex -91 91 204.5
      vertex -91 -91 204.5
    endloop
  endfacet
  facet normal -0.13052104055558153 0 -0.9914455395896883
    outer loop
      vertex -91 91 204.5
      vertex -91.25881958007812 -91 204.53407287597656
      vertex -91.25881958007812 91 204.53407287597656
    endloop
  endfacet
  facet normal -0.7933513418582181 -0.6087640334084831 0
    outer loop
      vertex -91.70710754394531 -91.70710754394531 205.5
      vertex -91.86602783203125 -91.5 235.5
      vertex -91.86602783203125 -91.5 205.5
    endloop
  endfacet
  facet normal -0.7933513418582181 -0.6087640334084831 0
    outer loop
      vertex -91.86602783203125 -91.5 235.5
      vertex -91.70710754394531 -91.70710754394531 205.5
      vertex -91.70710754394531 -91.70710754394531 235.5
    endloop
  endfacet
  facet normal 0 -0.13052104055558153 -0.9914455395896883
    outer loop
      vertex -91 -91.25881958007812 204.53407287597656
      vertex 91 -91 204.5
      vertex 91 -91.25881958007812 204.53407287597656
    endloop
  endfacet
  facet normal 0 -0.13052104055558153 -0.9914455395896883
    outer loop
      vertex 91 -91 204.5
      vertex -91 -91.25881958007812 204.53407287597656
      vertex -91 -91 204.5
    endloop
  endfacet
  facet normal 0.5008324002887697 -0.7495592121041305 -0.4328139258051028
    outer loop
      vertex 91.56775665283203 -91.78144836425781 205.24118041992188
      vertex 91.33141326904297 -91.80010223388672 205
      vertex 91.61237335205078 -91.61237335205078 205
    endloop
  endfacet
  facet normal 0.8780667530246424 -0.44739259986519364 -0.1698194300385686
    outer loop
      vertex 91.86602783203125 -91.5 205.5
      vertex 91.78144836425781 -91.56775665283203 205.24118041992188
      vertex 91.91864776611328 -91.2984848022461 205.24118041992188
    endloop
  endfacet
  facet normal 0.9183294535355175 -0.3803810535427707 -0.10945898261380549
    outer loop
      vertex 91.96592712402344 -91.25881958007812 205.5
      vertex 91.86602783203125 -91.5 205.5
      vertex 91.91864776611328 -91.2984848022461 205.24118041992188
    endloop
  endfacet
  facet normal 0.44739259986519364 0.8780667530246424 -0.1698194300385686
    outer loop
      vertex 91.56775665283203 91.78144836425781 205.24118041992188
      vertex 91.2984848022461 91.91864776611328 205.24118041992188
      vertex 91.5 91.86602783203125 205.5
    endloop
  endfacet
  facet normal 0.46362031738253223 0.46362031738253223 -0.7550578803113309
    outer loop
      vertex 91.61237335205078 91.35355377197266 204.7928924560547
      vertex 91.35355377197266 91.35355377197266 204.63397216796875
      vertex 91.35355377197266 91.61237335205078 204.7928924560547
    endloop
  endfacet
  facet normal 0.9914455395896883 0.13052104055558153 0
    outer loop
      vertex 92 91 235.5
      vertex 91.96592712402344 91.25881958007812 205.5
      vertex 91.96592712402344 91.25881958007812 235.5
    endloop
  endfacet
  facet normal 0.9914455395896883 0.13052104055558153 0
    outer loop
      vertex 91.96592712402344 91.25881958007812 205.5
      vertex 92 91 235.5
      vertex 92 91 205.5
    endloop
  endfacet
  facet normal 0.6642655622653113 0.6642655622653113 -0.3427864139324947
    outer loop
      vertex 91.61237335205078 91.61237335205078 205
      vertex 91.56775665283203 91.78144836425781 205.24118041992188
      vertex 91.78144836425781 91.56775665283203 205.24118041992188
    endloop
  endfacet
  facet normal 0.6829990892113751 0.4563589743424509 -0.5703058220582519
    outer loop
      vertex 91.80010223388672 91.33141326904297 205
      vertex 91.61237335205078 91.35355377197266 204.7928924560547
      vertex 91.61237335205078 91.61237335205078 205
    endloop
  endfacet
  facet normal 0.5113801506632333 0.21181981381456513 -0.8328401455160599
    outer loop
      vertex 91.5 91 204.63397216796875
      vertex 91.35355377197266 91.35355377197266 204.63397216796875
      vertex 91.61237335205078 91.35355377197266 204.7928924560547
    endloop
  endfacet
  facet normal -0.4563589743424509 0.6829990892113751 -0.5703058220582519
    outer loop
      vertex -91.35355377197266 91.61237335205078 204.7928924560547
      vertex -91.61237335205078 91.61237335205078 205
      vertex -91.33141326904297 91.80010223388672 205
    endloop
  endfacet
  facet normal 0.8925713556190176 -0.1775526389627738 -0.41447730399357724
    outer loop
      vertex 91.91864776611328 -91.2984848022461 205.24118041992188
      vertex 91.80010223388672 -91.33141326904297 205
      vertex 91.86602783203125 -91 205
    endloop
  endfacet
  facet normal 0.6087640334084831 0 -0.7933513418582181
    outer loop
      vertex 91.5 -91 204.63397216796875
      vertex 91.70710754394531 91 204.7928924560547
      vertex 91.70710754394531 -91 204.7928924560547
    endloop
  endfacet
  facet normal 0.6087640334084831 0 -0.7933513418582181
    outer loop
      vertex 91.70710754394531 91 204.7928924560547
      vertex 91.5 -91 204.63397216796875
      vertex 91.5 91 204.63397216796875
    endloop
  endfacet
  facet normal 0.7933513418582181 -0.6087640334084831 0
    outer loop
      vertex 91.70710754394531 -91.70710754394531 235.5
      vertex 91.86602783203125 -91.5 205.5
      vertex 91.86602783203125 -91.5 235.5
    endloop
  endfacet
  facet normal 0.7933513418582181 -0.6087640334084831 0
    outer loop
      vertex 91.86602783203125 -91.5 205.5
      vertex 91.70710754394531 -91.70710754394531 235.5
      vertex 91.70710754394531 -91.70710754394531 205.5
    endloop
  endfacet
  facet normal 0 -1 0
    outer loop
      vertex -91 -92 205.5
      vertex 91 -92 235.5
      vertex -91 -92 235.5
    endloop
  endfacet
  facet normal 0 -1 0
    outer loop
      vertex 91 -92 235.5
      vertex -91 -92 205.5
      vertex 91 -92 205.5
    endloop
  endfacet
  facet normal 0.19741051945036808 -0.7367480777844493 -0.6467080923347525
    outer loop
      vertex 91.33141326904297 -91.80010223388672 205
      vertex 91 -91.70710754394531 204.7928924560547
      vertex 91.35355377197266 -91.61237335205078 204.7928924560547
    endloop
  endfacet
  facet normal -0.13052104055558153 -0.9914455395896883 0
    outer loop
      vertex -91.25881958007812 -91.96592712402344 205.5
      vertex -91 -92 235.5
      vertex -91.25881958007812 -91.96592712402344 235.5
    endloop
  endfacet
  facet normal -0.13052104055558153 -0.9914455395896883 0
    outer loop
      vertex -91 -92 235.5
      vertex -91.25881958007812 -91.96592712402344 205.5
      vertex -91 -92 205.5
    endloop
  endfacet
  facet normal -0.6642655622653113 -0.6642655622653113 -0.3427864139324947
    outer loop
      vertex -91.56775665283203 -91.78144836425781 205.24118041992188
      vertex -91.78144836425781 -91.56775665283203 205.24118041992188
      vertex -91.61237335205078 -91.61237335205078 205
    endloop
  endfacet
  facet normal -0.6962108924837894 -0.6962108924837894 -0.17487362972687095
    outer loop
      vertex -91.70710754394531 -91.70710754394531 205.5
      vertex -91.78144836425781 -91.56775665283203 205.24118041992188
      vertex -91.56775665283203 -91.78144836425781 205.24118041992188
    endloop
  endfacet
  facet normal -0.3826804604958137 -0.9238807634942465 0
    outer loop
      vertex -91.5 -91.86602783203125 205.5
      vertex -91.25881958007812 -91.96592712402344 235.5
      vertex -91.5 -91.86602783203125 235.5
    endloop
  endfacet
  facet normal -0.3826804604958137 -0.9238807634942465 0
    outer loop
      vertex -91.25881958007812 -91.96592712402344 235.5
      vertex -91.5 -91.86602783203125 205.5
      vertex -91.25881958007812 -91.96592712402344 205.5
    endloop
  endfacet
  facet normal -0.42494564844459504 -0.8340116619142266 -0.35191723978667533
    outer loop
      vertex -91.2984848022461 -91.91864776611328 205.24118041992188
      vertex -91.56775665283203 -91.78144836425781 205.24118041992188
      vertex -91.33141326904297 -91.80010223388672 205
    endloop
  endfacet
  facet normal 0.7933513418582181 0.6087640334084831 0
    outer loop
      vertex 91.86602783203125 91.5 235.5
      vertex 91.70710754394531 91.70710754394531 205.5
      vertex 91.70710754394531 91.70710754394531 235.5
    endloop
  endfacet
  facet normal 0.7933513418582181 0.6087640334084831 0
    outer loop
      vertex 91.70710754394531 91.70710754394531 205.5
      vertex 91.86602783203125 91.5 235.5
      vertex 91.86602783203125 91.5 205.5
    endloop
  endfacet
  facet normal 0.42494564844459504 0.8340116619142266 -0.35191723978667533
    outer loop
      vertex 91.33141326904297 91.80010223388672 205
      vertex 91.2984848022461 91.91864776611328 205.24118041992188
      vertex 91.56775665283203 91.78144836425781 205.24118041992188
    endloop
  endfacet
  facet normal 0.13052104055558153 0.9914455395896883 0
    outer loop
      vertex 91.25881958007812 91.96592712402344 205.5
      vertex 91 92 235.5
      vertex 91.25881958007812 91.96592712402344 235.5
    endloop
  endfacet
  facet normal 0.13052104055558153 0.9914455395896883 0
    outer loop
      vertex 91 92 235.5
      vertex 91.25881958007812 91.96592712402344 205.5
      vertex 91 92 205.5
    endloop
  endfacet
  facet normal -0.15456726486291725 0.9758165407829452 -0.15456726486291725
    outer loop
      vertex -91 91.96592712402344 205.24118041992188
      vertex -91.2984848022461 91.91864776611328 205.24118041992188
      vertex -91.25881958007812 91.96592712402344 205.5
    endloop
  endfacet
  facet normal 0 0.9914455395896884 -0.13052104055558156
    outer loop
      vertex -83 91.96592712402344 205.24118041992188
      vertex -91 92 205.5
      vertex -83 92 205.5
    endloop
  endfacet
  facet normal 0 0.9914455395896884 -0.13052104055558156
    outer loop
      vertex -91 92 205.5
      vertex -83 91.96592712402344 205.24118041992188
      vertex -91 91.96592712402344 205.24118041992188
    endloop
  endfacet
  facet normal 0 0.9914455395896884 -0.13052104055558156
    outer loop
      vertex 91 91.96592712402344 205.24118041992188
      vertex 83 92 205.5
      vertex 91 92 205.5
    endloop
  endfacet
  facet normal 0 0.9914455395896884 -0.13052104055558156
    outer loop
      vertex 83 92 205.5
      vertex 91 91.96592712402344 205.24118041992188
      vertex 83 91.96592712402344 205.24118041992188
    endloop
  endfacet
  facet normal -0.3826804604958137 0.9238807634942465 0
    outer loop
      vertex -91.25881958007812 91.96592712402344 205.5
      vertex -91.5 91.86602783203125 235.5
      vertex -91.25881958007812 91.96592712402344 235.5
    endloop
  endfacet
  facet normal -0.3826804604958137 0.9238807634942465 0
    outer loop
      vertex -91.5 91.86602783203125 235.5
      vertex -91.25881958007812 91.96592712402344 205.5
      vertex -91.5 91.86602783203125 205.5
    endloop
  endfacet
  facet normal -0.129423285231074 0.9831069252527888 -0.129423285231074
    outer loop
      vertex -91 91.96592712402344 205.24118041992188
      vertex -91.25881958007812 91.96592712402344 205.5
      vertex -91 92 205.5
    endloop
  endfacet
  facet normal -0.13052104055558153 0.9914455395896883 0
    outer loop
      vertex -91 92 205.5
      vertex -91.25881958007812 91.96592712402344 235.5
      vertex -91 92 235.5
    endloop
  endfacet
  facet normal -0.13052104055558153 0.9914455395896883 0
    outer loop
      vertex -91.25881958007812 91.96592712402344 235.5
      vertex -91 92 205.5
      vertex -91.25881958007812 91.96592712402344 205.5
    endloop
  endfacet
  facet normal -0.6962108924837894 0.6962108924837894 -0.17487362972687095
    outer loop
      vertex -91.56775665283203 91.78144836425781 205.24118041992188
      vertex -91.78144836425781 91.56775665283203 205.24118041992188
      vertex -91.70710754394531 91.70710754394531 205.5
    endloop
  endfacet
  facet normal -0.7836526334954285 0.15588624061405643 -0.6013219021480061
    outer loop
      vertex -91.70710754394531 91 204.7928924560547
      vertex -91.86602783203125 91 205
      vertex -91.80010223388672 91.33141326904297 205
    endloop
  endfacet
  facet normal -0.7836526334954285 -0.15588624061405643 -0.6013219021480061
    outer loop
      vertex -91.80010223388672 -91.33141326904297 205
      vertex -91.86602783203125 -91 205
      vertex -91.70710754394531 -91 204.7928924560547
    endloop
  endfacet
  facet normal -0.8925713556190176 -0.1775526389627738 -0.41447730399357724
    outer loop
      vertex -91.80010223388672 -91.33141326904297 205
      vertex -91.91864776611328 -91.2984848022461 205.24118041992188
      vertex -91.86602783203125 -91 205
    endloop
  endfacet
  facet normal -0.46362031738253223 -0.46362031738253223 -0.7550578803113309
    outer loop
      vertex -91.35355377197266 -91.61237335205078 204.7928924560547
      vertex -91.61237335205078 -91.35355377197266 204.7928924560547
      vertex -91.35355377197266 -91.35355377197266 204.63397216796875
    endloop
  endfacet
  facet normal -0.16098970151825256 -0.6008233678068247 -0.7830029353088844
    outer loop
      vertex -91 -91.70710754394531 204.7928924560547
      vertex -91.35355377197266 -91.61237335205078 204.7928924560547
      vertex -91 -91.5 204.63397216796875
    endloop
  endfacet
  facet normal -0.914144137054656 -0.14479848726651082 -0.37864745446645787
    outer loop
      vertex -91.91864776611328 -91.2984848022461 205.24118041992188
      vertex -91.96592712402344 -91 205.24118041992188
      vertex -91.86602783203125 -91 205
    endloop
  endfacet
  facet normal -0.7933513418582181 0 -0.6087640334084831
    outer loop
      vertex -91.70710754394531 -91 204.7928924560547
      vertex -91.86602783203125 91 205
      vertex -91.70710754394531 91 204.7928924560547
    endloop
  endfacet
  facet normal -0.7933513418582181 0 -0.6087640334084831
    outer loop
      vertex -91.86602783203125 91 205
      vertex -91.70710754394531 -91 204.7928924560547
      vertex -91.86602783203125 -91 205
    endloop
  endfacet
  facet normal 0.7495592121041305 0.5008324002887697 -0.4328139258051028
    outer loop
      vertex 91.80010223388672 91.33141326904297 205
      vertex 91.61237335205078 91.61237335205078 205
      vertex 91.78144836425781 91.56775665283203 205.24118041992188
    endloop
  endfacet
  facet normal 0.9831069252527885 0.12942328523107396 -0.12942328523107396
    outer loop
      vertex 92 91 205.5
      vertex 91.96592712402344 91 205.24118041992188
      vertex 91.96592712402344 91.25881958007812 205.5
    endloop
  endfacet
  facet normal 0.3826804604958137 0 -0.9238807634942465
    outer loop
      vertex 91.25881958007812 -91 204.53407287597656
      vertex 91.5 91 204.63397216796875
      vertex 91.5 -91 204.63397216796875
    endloop
  endfacet
  facet normal 0.3826804604958137 0 -0.9238807634942465
    outer loop
      vertex 91.5 91 204.63397216796875
      vertex 91.25881958007812 -91 204.53407287597656
      vertex 91.25881958007812 91 204.53407287597656
    endloop
  endfacet
  facet normal 0.914144137054656 0.14479848726651082 -0.37864745446645787
    outer loop
      vertex 91.96592712402344 91 205.24118041992188
      vertex 91.86602783203125 91 205
      vertex 91.91864776611328 91.2984848022461 205.24118041992188
    endloop
  endfacet
  facet normal 0 0.13052104055558156 -0.9914455395896884
    outer loop
      vertex 83 91 204.5
      vertex 91 91.25881958007812 204.53407287597656
      vertex 91 91 204.5
    endloop
  endfacet
  facet normal 0 0.13052104055558156 -0.9914455395896884
    outer loop
      vertex 91 91.25881958007812 204.53407287597656
      vertex 83 91 204.5
      vertex 83 91.25881958007812 204.53407287597656
    endloop
  endfacet
  facet normal 0 0.13052104055558156 -0.9914455395896884
    outer loop
      vertex -91 91 204.5
      vertex -83 91.25881958007812 204.53407287597656
      vertex -83 91 204.5
    endloop
  endfacet
  facet normal 0 0.13052104055558156 -0.9914455395896884
    outer loop
      vertex -83 91.25881958007812 204.53407287597656
      vertex -91 91 204.5
      vertex -91 91.25881958007812 204.53407287597656
    endloop
  endfacet
  facet normal 0 0.3826804604958138 -0.9238807634942466
    outer loop
      vertex 83 91.25881958007812 204.53407287597656
      vertex 91 91.5 204.63397216796875
      vertex 91 91.25881958007812 204.53407287597656
    endloop
  endfacet
  facet normal 0 0.3826804604958138 -0.9238807634942466
    outer loop
      vertex 91 91.5 204.63397216796875
      vertex 83 91.25881958007812 204.53407287597656
      vertex 83 91.5 204.63397216796875
    endloop
  endfacet
  facet normal 0 0.3826804604958138 -0.9238807634942466
    outer loop
      vertex -91 91.25881958007812 204.53407287597656
      vertex -83 91.5 204.63397216796875
      vertex -83 91.25881958007812 204.53407287597656
    endloop
  endfacet
  facet normal 0 0.3826804604958138 -0.9238807634942466
    outer loop
      vertex -83 91.5 204.63397216796875
      vertex -91 91.25881958007812 204.53407287597656
      vertex -91 91.5 204.63397216796875
    endloop
  endfacet
  facet normal -0.15655626235195008 0.3779616438474456 -0.9124884286929473
    outer loop
      vertex -91 91.25881958007812 204.53407287597656
      vertex -91.35355377197266 91.35355377197266 204.63397216796875
      vertex -91 91.5 204.63397216796875
    endloop
  endfacet
  facet normal 0.8340116619142266 0.42494564844459504 -0.35191723978667533
    outer loop
      vertex 91.80010223388672 91.33141326904297 205
      vertex 91.78144836425781 91.56775665283203 205.24118041992188
      vertex 91.91864776611328 91.2984848022461 205.24118041992188
    endloop
  endfacet
  facet normal 0.5298711542142587 0.5298711542142587 -0.6621730286437969
    outer loop
      vertex 91.61237335205078 91.35355377197266 204.7928924560547
      vertex 91.35355377197266 91.61237335205078 204.7928924560547
      vertex 91.61237335205078 91.61237335205078 205
    endloop
  endfacet
  facet normal 0.13052104055558153 0 -0.9914455395896883
    outer loop
      vertex 91 -91 204.5
      vertex 91.25881958007812 91 204.53407287597656
      vertex 91.25881958007812 -91 204.53407287597656
    endloop
  endfacet
  facet normal 0.13052104055558153 0 -0.9914455395896883
    outer loop
      vertex 91.25881958007812 91 204.53407287597656
      vertex 91 -91 204.5
      vertex 91 91 204.5
    endloop
  endfacet
  facet normal 0.3803810535427707 -0.9183294535355175 -0.10945898261380549
    outer loop
      vertex 91.5 -91.86602783203125 205.5
      vertex 91.25881958007812 -91.96592712402344 205.5
      vertex 91.2984848022461 -91.91864776611328 205.24118041992188
    endloop
  endfacet
  facet normal 0.4563589743424509 -0.6829990892113751 -0.5703058220582519
    outer loop
      vertex 91.61237335205078 -91.61237335205078 205
      vertex 91.33141326904297 -91.80010223388672 205
      vertex 91.35355377197266 -91.61237335205078 204.7928924560547
    endloop
  endfacet
  facet normal 0.7894227032151379 -0.6057494624611848 -0.099395092315919
    outer loop
      vertex 91.86602783203125 -91.5 205.5
      vertex 91.70710754394531 -91.70710754394531 205.5
      vertex 91.78144836425781 -91.56775665283203 205.24118041992188
    endloop
  endfacet
  facet normal -0.15456726486291725 -0.9758165407829452 -0.15456726486291725
    outer loop
      vertex -91.25881958007812 -91.96592712402344 205.5
      vertex -91.2984848022461 -91.91864776611328 205.24118041992188
      vertex -91 -91.96592712402344 205.24118041992188
    endloop
  endfacet
  facet normal -0.14479848726651082 -0.914144137054656 -0.37864745446645787
    outer loop
      vertex -91 -91.96592712402344 205.24118041992188
      vertex -91.2984848022461 -91.91864776611328 205.24118041992188
      vertex -91 -91.86602783203125 205
    endloop
  endfacet
  facet normal 0 -0.7933513418582181 -0.6087640334084831
    outer loop
      vertex -91 -91.70710754394531 204.7928924560547
      vertex 91 -91.86602783203125 205
      vertex -91 -91.86602783203125 205
    endloop
  endfacet
  facet normal 0 -0.7933513418582181 -0.6087640334084831
    outer loop
      vertex 91 -91.86602783203125 205
      vertex -91 -91.70710754394531 204.7928924560547
      vertex 91 -91.70710754394531 204.7928924560547
    endloop
  endfacet
  facet normal -0.8340116619142266 -0.42494564844459504 -0.35191723978667533
    outer loop
      vertex -91.78144836425781 -91.56775665283203 205.24118041992188
      vertex -91.91864776611328 -91.2984848022461 205.24118041992188
      vertex -91.80010223388672 -91.33141326904297 205
    endloop
  endfacet
  facet normal -0.7495592121041305 -0.5008324002887697 -0.4328139258051028
    outer loop
      vertex -91.78144836425781 -91.56775665283203 205.24118041992188
      vertex -91.80010223388672 -91.33141326904297 205
      vertex -91.61237335205078 -91.61237335205078 205
    endloop
  endfacet
  facet normal -0.44739259986519364 -0.8780667530246424 -0.1698194300385686
    outer loop
      vertex -91.5 -91.86602783203125 205.5
      vertex -91.56775665283203 -91.78144836425781 205.24118041992188
      vertex -91.2984848022461 -91.91864776611328 205.24118041992188
    endloop
  endfacet
  facet normal -0.3803810535427707 -0.9183294535355175 -0.10945898261380549
    outer loop
      vertex -91.25881958007812 -91.96592712402344 205.5
      vertex -91.5 -91.86602783203125 205.5
      vertex -91.2984848022461 -91.91864776611328 205.24118041992188
    endloop
  endfacet
  facet normal -0.6087640334084831 -0.7933513418582181 0
    outer loop
      vertex -91.70710754394531 -91.70710754394531 205.5
      vertex -91.5 -91.86602783203125 235.5
      vertex -91.70710754394531 -91.70710754394531 235.5
    endloop
  endfacet
  facet normal -0.6087640334084831 -0.7933513418582181 0
    outer loop
      vertex -91.5 -91.86602783203125 235.5
      vertex -91.70710754394531 -91.70710754394531 205.5
      vertex -91.5 -91.86602783203125 205.5
    endloop
  endfacet
  facet normal 0.3826804604958137 0.9238807634942465 0
    outer loop
      vertex 91.5 91.86602783203125 205.5
      vertex 91.25881958007812 91.96592712402344 235.5
      vertex 91.5 91.86602783203125 235.5
    endloop
  endfacet
  facet normal 0.3826804604958137 0.9238807634942465 0
    outer loop
      vertex 91.25881958007812 91.96592712402344 235.5
      vertex 91.5 91.86602783203125 205.5
      vertex 91.25881958007812 91.96592712402344 205.5
    endloop
  endfacet
  facet normal 0.15456726486291725 0.9758165407829452 -0.15456726486291725
    outer loop
      vertex 91.2984848022461 91.91864776611328 205.24118041992188
      vertex 91 91.96592712402344 205.24118041992188
      vertex 91.25881958007812 91.96592712402344 205.5
    endloop
  endfacet
  facet normal 0.3803810535427707 0.9183294535355175 -0.10945898261380549
    outer loop
      vertex 91.2984848022461 91.91864776611328 205.24118041992188
      vertex 91.25881958007812 91.96592712402344 205.5
      vertex 91.5 91.86602783203125 205.5
    endloop
  endfacet
  facet normal -0.9183294535355175 0.3803810535427707 -0.10945898261380549
    outer loop
      vertex -91.91864776611328 91.2984848022461 205.24118041992188
      vertex -91.96592712402344 91.25881958007812 205.5
      vertex -91.86602783203125 91.5 205.5
    endloop
  endfacet
  facet normal -0.9758165407829453 0.15456726486291728 -0.15456726486291728
    outer loop
      vertex -91.91864776611328 91.2984848022461 205.24118041992188
      vertex -91.96592712402344 91 205.24118041992188
      vertex -91.96592712402344 91.25881958007812 205.5
    endloop
  endfacet
  facet normal -0.8340116619142266 0.42494564844459504 -0.35191723978667533
    outer loop
      vertex -91.80010223388672 91.33141326904297 205
      vertex -91.91864776611328 91.2984848022461 205.24118041992188
      vertex -91.78144836425781 91.56775665283203 205.24118041992188
    endloop
  endfacet
  facet normal -0.8780667530246424 0.44739259986519364 -0.1698194300385686
    outer loop
      vertex -91.78144836425781 91.56775665283203 205.24118041992188
      vertex -91.91864776611328 91.2984848022461 205.24118041992188
      vertex -91.86602783203125 91.5 205.5
    endloop
  endfacet
  facet normal -0.9238807634942465 0 -0.3826804604958137
    outer loop
      vertex -91.86602783203125 -91 205
      vertex -91.96592712402344 91 205.24118041992188
      vertex -91.86602783203125 91 205
    endloop
  endfacet
  facet normal -0.9238807634942465 0 -0.3826804604958137
    outer loop
      vertex -91.96592712402344 91 205.24118041992188
      vertex -91.86602783203125 -91 205
      vertex -91.96592712402344 -91 205.24118041992188
    endloop
  endfacet
  facet normal -0.6008233678068247 -0.16098970151825256 -0.7830029353088844
    outer loop
      vertex -91.61237335205078 -91.35355377197266 204.7928924560547
      vertex -91.70710754394531 -91 204.7928924560547
      vertex -91.5 -91 204.63397216796875
    endloop
  endfacet
  facet normal -0.6008233678068247 0.16098970151825256 -0.7830029353088844
    outer loop
      vertex -91.5 91 204.63397216796875
      vertex -91.70710754394531 91 204.7928924560547
      vertex -91.61237335205078 91.35355377197266 204.7928924560547
    endloop
  endfacet
  facet normal -0.3779616438474456 -0.15655626235195008 -0.9124884286929473
    outer loop
      vertex -91.35355377197266 -91.35355377197266 204.63397216796875
      vertex -91.5 -91 204.63397216796875
      vertex -91.25881958007812 -91 204.53407287597656
    endloop
  endfacet
  facet normal -0.19741051945036808 -0.7367480777844493 -0.6467080923347525
    outer loop
      vertex -91.33141326904297 -91.80010223388672 205
      vertex -91.35355377197266 -91.61237335205078 204.7928924560547
      vertex -91 -91.70710754394531 204.7928924560547
    endloop
  endfacet
  facet normal -0.129423285231074 -0.129423285231074 -0.9831069252527888
    outer loop
      vertex -91 -91.25881958007812 204.53407287597656
      vertex -91.25881958007812 -91 204.53407287597656
      vertex -91 -91 204.5
    endloop
  endfacet
  facet normal 0.21254118066299987 -0.21254118066299987 -0.9537570408886931
    outer loop
      vertex 91.35355377197266 -91.35355377197266 204.63397216796875
      vertex 91 -91.25881958007812 204.53407287597656
      vertex 91.25881958007812 -91 204.53407287597656
    endloop
  endfacet
  facet normal -0.4563589743424509 -0.6829990892113751 -0.5703058220582519
    outer loop
      vertex -91.33141326904297 -91.80010223388672 205
      vertex -91.61237335205078 -91.61237335205078 205
      vertex -91.35355377197266 -91.61237335205078 204.7928924560547
    endloop
  endfacet
  facet normal -0.5298711542142587 -0.5298711542142587 -0.6621730286437969
    outer loop
      vertex -91.35355377197266 -91.61237335205078 204.7928924560547
      vertex -91.61237335205078 -91.61237335205078 205
      vertex -91.61237335205078 -91.35355377197266 204.7928924560547
    endloop
  endfacet
  facet normal 0.8780667530246424 0.44739259986519364 -0.1698194300385686
    outer loop
      vertex 91.91864776611328 91.2984848022461 205.24118041992188
      vertex 91.78144836425781 91.56775665283203 205.24118041992188
      vertex 91.86602783203125 91.5 205.5
    endloop
  endfacet
  facet normal 0.7836526334954285 0.15588624061405643 -0.6013219021480061
    outer loop
      vertex 91.86602783203125 91 205
      vertex 91.70710754394531 91 204.7928924560547
      vertex 91.80010223388672 91.33141326904297 205
    endloop
  endfacet
  facet normal 0.7367480777844493 -0.19741051945036808 -0.6467080923347525
    outer loop
      vertex 91.80010223388672 -91.33141326904297 205
      vertex 91.61237335205078 -91.35355377197266 204.7928924560547
      vertex 91.70710754394531 -91 204.7928924560547
    endloop
  endfacet
  facet normal 0.9831069252527885 -0.12942328523107396 -0.12942328523107396
    outer loop
      vertex 92 -91 205.5
      vertex 91.96592712402344 -91.25881958007812 205.5
      vertex 91.96592712402344 -91 205.24118041992188
    endloop
  endfacet
  facet normal 0.3779616438474456 -0.15655626235195008 -0.9124884286929473
    outer loop
      vertex 91.35355377197266 -91.35355377197266 204.63397216796875
      vertex 91.25881958007812 -91 204.53407287597656
      vertex 91.5 -91 204.63397216796875
    endloop
  endfacet
  facet normal -0.21254118066299987 0.21254118066299987 -0.9537570408886931
    outer loop
      vertex -91.25881958007812 91 204.53407287597656
      vertex -91.35355377197266 91.35355377197266 204.63397216796875
      vertex -91 91.25881958007812 204.53407287597656
    endloop
  endfacet
  facet normal -0.3779616438474456 0.15655626235195008 -0.9124884286929473
    outer loop
      vertex -91.25881958007812 91 204.53407287597656
      vertex -91.5 91 204.63397216796875
      vertex -91.35355377197266 91.35355377197266 204.63397216796875
    endloop
  endfacet
  facet normal 0.21254118066299987 0.21254118066299987 -0.9537570408886931
    outer loop
      vertex 91.25881958007812 91 204.53407287597656
      vertex 91 91.25881958007812 204.53407287597656
      vertex 91.35355377197266 91.35355377197266 204.63397216796875
    endloop
  endfacet
  facet normal 0.129423285231074 0.129423285231074 -0.9831069252527888
    outer loop
      vertex 91.25881958007812 91 204.53407287597656
      vertex 91 91 204.5
      vertex 91 91.25881958007812 204.53407287597656
    endloop
  endfacet
  facet normal -0.42494564844459504 0.8340116619142266 -0.35191723978667533
    outer loop
      vertex -91.33141326904297 91.80010223388672 205
      vertex -91.56775665283203 91.78144836425781 205.24118041992188
      vertex -91.2984848022461 91.91864776611328 205.24118041992188
    endloop
  endfacet
  facet normal -0.44739259986519364 0.8780667530246424 -0.1698194300385686
    outer loop
      vertex -91.2984848022461 91.91864776611328 205.24118041992188
      vertex -91.56775665283203 91.78144836425781 205.24118041992188
      vertex -91.5 91.86602783203125 205.5
    endloop
  endfacet
  facet normal 0.19741051945036808 0.7367480777844493 -0.6467080923347525
    outer loop
      vertex 91.35355377197266 91.61237335205078 204.7928924560547
      vertex 91 91.70710754394531 204.7928924560547
      vertex 91.33141326904297 91.80010223388672 205
    endloop
  endfacet
  facet normal 0.21181981381456516 -0.5113801506632334 -0.8328401455160599
    outer loop
      vertex 91.35355377197266 -91.61237335205078 204.7928924560547
      vertex 91 -91.5 204.63397216796875
      vertex 91.35355377197266 -91.35355377197266 204.63397216796875
    endloop
  endfacet
  facet normal 0.129423285231074 -0.129423285231074 -0.9831069252527888
    outer loop
      vertex 91.25881958007812 -91 204.53407287597656
      vertex 91 -91.25881958007812 204.53407287597656
      vertex 91 -91 204.5
    endloop
  endfacet
  facet normal 0.6642655622653113 -0.6642655622653113 -0.3427864139324947
    outer loop
      vertex 91.78144836425781 -91.56775665283203 205.24118041992188
      vertex 91.56775665283203 -91.78144836425781 205.24118041992188
      vertex 91.61237335205078 -91.61237335205078 205
    endloop
  endfacet
  facet normal 0.6057494624611848 -0.7894227032151379 -0.099395092315919
    outer loop
      vertex 91.70710754394531 -91.70710754394531 205.5
      vertex 91.5 -91.86602783203125 205.5
      vertex 91.56775665283203 -91.78144836425781 205.24118041992188
    endloop
  endfacet
  facet normal -0.129423285231074 -0.9831069252527888 -0.129423285231074
    outer loop
      vertex -91 -92 205.5
      vertex -91.25881958007812 -91.96592712402344 205.5
      vertex -91 -91.96592712402344 205.24118041992188
    endloop
  endfacet
  facet normal 0 -0.9238807634942465 -0.3826804604958137
    outer loop
      vertex -91 -91.86602783203125 205
      vertex 91 -91.96592712402344 205.24118041992188
      vertex -91 -91.96592712402344 205.24118041992188
    endloop
  endfacet
  facet normal 0 -0.9238807634942465 -0.3826804604958137
    outer loop
      vertex 91 -91.96592712402344 205.24118041992188
      vertex -91 -91.86602783203125 205
      vertex 91 -91.86602783203125 205
    endloop
  endfacet
  facet normal 0.15588624061405643 -0.7836526334954285 -0.6013219021480061
    outer loop
      vertex 91.33141326904297 -91.80010223388672 205
      vertex 91 -91.86602783203125 205
      vertex 91 -91.70710754394531 204.7928924560547
    endloop
  endfacet
  facet normal 0.1775526389627738 0.8925713556190176 -0.41447730399357724
    outer loop
      vertex 91.33141326904297 91.80010223388672 205
      vertex 91 91.86602783203125 205
      vertex 91.2984848022461 91.91864776611328 205.24118041992188
    endloop
  endfacet
  facet normal 0.15588624061405643 0.7836526334954285 -0.6013219021480061
    outer loop
      vertex 91.33141326904297 91.80010223388672 205
      vertex 91 91.70710754394531 204.7928924560547
      vertex 91 91.86602783203125 205
    endloop
  endfacet
  facet normal -0.6829990892113751 0.4563589743424509 -0.5703058220582519
    outer loop
      vertex -91.61237335205078 91.35355377197266 204.7928924560547
      vertex -91.80010223388672 91.33141326904297 205
      vertex -91.61237335205078 91.61237335205078 205
    endloop
  endfacet
  facet normal -0.7495592121041305 0.5008324002887697 -0.4328139258051028
    outer loop
      vertex -91.61237335205078 91.61237335205078 205
      vertex -91.80010223388672 91.33141326904297 205
      vertex -91.78144836425781 91.56775665283203 205.24118041992188
    endloop
  endfacet
  facet normal -0.3826804604958137 0 -0.9238807634942465
    outer loop
      vertex -91.5 -91 204.63397216796875
      vertex -91.25881958007812 91 204.53407287597656
      vertex -91.25881958007812 -91 204.53407287597656
    endloop
  endfacet
  facet normal -0.3826804604958137 0 -0.9238807634942465
    outer loop
      vertex -91.25881958007812 91 204.53407287597656
      vertex -91.5 -91 204.63397216796875
      vertex -91.5 91 204.63397216796875
    endloop
  endfacet
  facet normal 0.9758165407829453 0.15456726486291728 -0.15456726486291728
    outer loop
      vertex 91.96592712402344 91 205.24118041992188
      vertex 91.91864776611328 91.2984848022461 205.24118041992188
      vertex 91.96592712402344 91.25881958007812 205.5
    endloop
  endfacet
  facet normal 0.8925713556190176 0.1775526389627738 -0.41447730399357724
    outer loop
      vertex 91.86602783203125 91 205
      vertex 91.80010223388672 91.33141326904297 205
      vertex 91.91864776611328 91.2984848022461 205.24118041992188
    endloop
  endfacet
  facet normal 0.914144137054656 -0.14479848726651082 -0.37864745446645787
    outer loop
      vertex 91.91864776611328 -91.2984848022461 205.24118041992188
      vertex 91.86602783203125 -91 205
      vertex 91.96592712402344 -91 205.24118041992188
    endloop
  endfacet
  facet normal 0.9758165407829453 -0.15456726486291728 -0.15456726486291728
    outer loop
      vertex 91.96592712402344 -91.25881958007812 205.5
      vertex 91.91864776611328 -91.2984848022461 205.24118041992188
      vertex 91.96592712402344 -91 205.24118041992188
    endloop
  endfacet
  facet normal 0.9914455395896883 0 -0.13052104055558153
    outer loop
      vertex 92 -91 205.5
      vertex 91.96592712402344 91 205.24118041992188
      vertex 92 91 205.5
    endloop
  endfacet
  facet normal 0.9914455395896883 0 -0.13052104055558153
    outer loop
      vertex 91.96592712402344 91 205.24118041992188
      vertex 92 -91 205.5
      vertex 91.96592712402344 -91 205.24118041992188
    endloop
  endfacet
  facet normal 0.7933513418582181 0 -0.6087640334084831
    outer loop
      vertex 91.86602783203125 -91 205
      vertex 91.70710754394531 91 204.7928924560547
      vertex 91.86602783203125 91 205
    endloop
  endfacet
  facet normal 0.7933513418582181 0 -0.6087640334084831
    outer loop
      vertex 91.70710754394531 91 204.7928924560547
      vertex 91.86602783203125 -91 205
      vertex 91.70710754394531 -91 204.7928924560547
    endloop
  endfacet
  facet normal 0.8340116619142266 -0.42494564844459504 -0.35191723978667533
    outer loop
      vertex 91.91864776611328 -91.2984848022461 205.24118041992188
      vertex 91.78144836425781 -91.56775665283203 205.24118041992188
      vertex 91.80010223388672 -91.33141326904297 205
    endloop
  endfacet
  facet normal -0.14479848726651082 0.914144137054656 -0.37864745446645787
    outer loop
      vertex -91 91.86602783203125 205
      vertex -91.2984848022461 91.91864776611328 205.24118041992188
      vertex -91 91.96592712402344 205.24118041992188
    endloop
  endfacet
  facet normal 0 0.9238807634942466 -0.3826804604958138
    outer loop
      vertex -83 91.86602783203125 205
      vertex -91 91.96592712402344 205.24118041992188
      vertex -83 91.96592712402344 205.24118041992188
    endloop
  endfacet
  facet normal 0 0.9238807634942466 -0.3826804604958138
    outer loop
      vertex -91 91.96592712402344 205.24118041992188
      vertex -83 91.86602783203125 205
      vertex -91 91.86602783203125 205
    endloop
  endfacet
  facet normal 0 0.9238807634942466 -0.3826804604958138
    outer loop
      vertex 91 91.86602783203125 205
      vertex 83 91.96592712402344 205.24118041992188
      vertex 91 91.96592712402344 205.24118041992188
    endloop
  endfacet
  facet normal 0 0.9238807634942466 -0.3826804604958138
    outer loop
      vertex 83 91.96592712402344 205.24118041992188
      vertex 91 91.86602783203125 205
      vertex 83 91.86602783203125 205
    endloop
  endfacet
  facet normal 0.21181981381456516 0.5113801506632334 -0.8328401455160599
    outer loop
      vertex 91.35355377197266 91.35355377197266 204.63397216796875
      vertex 91 91.5 204.63397216796875
      vertex 91.35355377197266 91.61237335205078 204.7928924560547
    endloop
  endfacet
  facet normal 0.15655626235195008 0.3779616438474456 -0.9124884286929473
    outer loop
      vertex 91.35355377197266 91.35355377197266 204.63397216796875
      vertex 91 91.25881958007812 204.53407287597656
      vertex 91 91.5 204.63397216796875
    endloop
  endfacet
  facet normal 0 0.6087640334084832 -0.7933513418582181
    outer loop
      vertex 83 91.5 204.63397216796875
      vertex 91 91.70710754394531 204.7928924560547
      vertex 91 91.5 204.63397216796875
    endloop
  endfacet
  facet normal 0 0.6087640334084832 -0.7933513418582181
    outer loop
      vertex 91 91.70710754394531 204.7928924560547
      vertex 83 91.5 204.63397216796875
      vertex 83 91.70710754394531 204.7928924560547
    endloop
  endfacet
  facet normal 0 0.6087640334084832 -0.7933513418582181
    outer loop
      vertex -91 91.5 204.63397216796875
      vertex -83 91.70710754394531 204.7928924560547
      vertex -83 91.5 204.63397216796875
    endloop
  endfacet
  facet normal 0 0.6087640334084832 -0.7933513418582181
    outer loop
      vertex -83 91.70710754394531 204.7928924560547
      vertex -91 91.5 204.63397216796875
      vertex -91 91.70710754394531 204.7928924560547
    endloop
  endfacet
  facet normal -0.19741051945036808 0.7367480777844493 -0.6467080923347525
    outer loop
      vertex -91 91.70710754394531 204.7928924560547
      vertex -91.35355377197266 91.61237335205078 204.7928924560547
      vertex -91.33141326904297 91.80010223388672 205
    endloop
  endfacet
  facet normal 0.15655626235195008 -0.3779616438474456 -0.9124884286929473
    outer loop
      vertex 91.35355377197266 -91.35355377197266 204.63397216796875
      vertex 91 -91.5 204.63397216796875
      vertex 91 -91.25881958007812 204.53407287597656
    endloop
  endfacet
  facet normal 0.16098970151825256 -0.6008233678068247 -0.7830029353088844
    outer loop
      vertex 91.35355377197266 -91.61237335205078 204.7928924560547
      vertex 91 -91.70710754394531 204.7928924560547
      vertex 91 -91.5 204.63397216796875
    endloop
  endfacet
  facet normal 0.6962108924837894 -0.6962108924837894 -0.17487362972687095
    outer loop
      vertex 91.70710754394531 -91.70710754394531 205.5
      vertex 91.56775665283203 -91.78144836425781 205.24118041992188
      vertex 91.78144836425781 -91.56775665283203 205.24118041992188
    endloop
  endfacet
  facet normal 0 -0.9914455395896883 -0.13052104055558153
    outer loop
      vertex -91 -91.96592712402344 205.24118041992188
      vertex 91 -92 205.5
      vertex -91 -92 205.5
    endloop
  endfacet
  facet normal 0 -0.9914455395896883 -0.13052104055558153
    outer loop
      vertex 91 -92 205.5
      vertex -91 -91.96592712402344 205.24118041992188
      vertex 91 -91.96592712402344 205.24118041992188
    endloop
  endfacet
  facet normal 0.14479848726651082 0.914144137054656 -0.37864745446645787
    outer loop
      vertex 91.2984848022461 91.91864776611328 205.24118041992188
      vertex 91 91.86602783203125 205
      vertex 91 91.96592712402344 205.24118041992188
    endloop
  endfacet
  facet normal -0.16098970151825256 0.6008233678068247 -0.7830029353088844
    outer loop
      vertex -91 91.5 204.63397216796875
      vertex -91.35355377197266 91.61237335205078 204.7928924560547
      vertex -91 91.70710754394531 204.7928924560547
    endloop
  endfacet
  facet normal -0.21181981381456516 0.5113801506632334 -0.8328401455160599
    outer loop
      vertex -91 91.5 204.63397216796875
      vertex -91.35355377197266 91.35355377197266 204.63397216796875
      vertex -91.35355377197266 91.61237335205078 204.7928924560547
    endloop
  endfacet
  facet normal -0.6087640334084831 0 -0.7933513418582181
    outer loop
      vertex -91.70710754394531 -91 204.7928924560547
      vertex -91.5 91 204.63397216796875
      vertex -91.5 -91 204.63397216796875
    endloop
  endfacet
  facet normal -0.6087640334084831 0 -0.7933513418582181
    outer loop
      vertex -91.5 91 204.63397216796875
      vertex -91.70710754394531 -91 204.7928924560547
      vertex -91.70710754394531 91 204.7928924560547
    endloop
  endfacet
  facet normal 0.7495592121041305 -0.5008324002887697 -0.4328139258051028
    outer loop
      vertex 91.78144836425781 -91.56775665283203 205.24118041992188
      vertex 91.61237335205078 -91.61237335205078 205
      vertex 91.80010223388672 -91.33141326904297 205
    endloop
  endfacet
  facet normal 0.6829990892113751 -0.4563589743424509 -0.5703058220582519
    outer loop
      vertex 91.80010223388672 -91.33141326904297 205
      vertex 91.61237335205078 -91.61237335205078 205
      vertex 91.61237335205078 -91.35355377197266 204.7928924560547
    endloop
  endfacet
  facet normal 0.6008233678068247 -0.16098970151825256 -0.7830029353088844
    outer loop
      vertex 91.61237335205078 -91.35355377197266 204.7928924560547
      vertex 91.5 -91 204.63397216796875
      vertex 91.70710754394531 -91 204.7928924560547
    endloop
  endfacet
  facet normal -0.15588624061405643 0.7836526334954285 -0.6013219021480061
    outer loop
      vertex -91 91.70710754394531 204.7928924560547
      vertex -91.33141326904297 91.80010223388672 205
      vertex -91 91.86602783203125 205
    endloop
  endfacet
  facet normal -0.1775526389627738 0.8925713556190176 -0.41447730399357724
    outer loop
      vertex -91 91.86602783203125 205
      vertex -91.33141326904297 91.80010223388672 205
      vertex -91.2984848022461 91.91864776611328 205.24118041992188
    endloop
  endfacet
  facet normal 0.6087640334084831 -0.7933513418582181 0
    outer loop
      vertex 91.5 -91.86602783203125 205.5
      vertex 91.70710754394531 -91.70710754394531 235.5
      vertex 91.5 -91.86602783203125 235.5
    endloop
  endfacet
  facet normal 0.6087640334084831 -0.7933513418582181 0
    outer loop
      vertex 91.70710754394531 -91.70710754394531 235.5
      vertex 91.5 -91.86602783203125 205.5
      vertex 91.70710754394531 -91.70710754394531 205.5
    endloop
  endfacet
  facet normal -0.21181981381456516 -0.5113801506632334 -0.8328401455160599
    outer loop
      vertex -91 -91.5 204.63397216796875
      vertex -91.35355377197266 -91.61237335205078 204.7928924560547
      vertex -91.35355377197266 -91.35355377197266 204.63397216796875
    endloop
  endfacet
  facet normal -0.15655626235195008 -0.3779616438474456 -0.9124884286929473
    outer loop
      vertex -91 -91.5 204.63397216796875
      vertex -91.35355377197266 -91.35355377197266 204.63397216796875
      vertex -91 -91.25881958007812 204.53407287597656
    endloop
  endfacet
  facet normal 0.15456726486291725 -0.9758165407829452 -0.15456726486291725
    outer loop
      vertex 91.25881958007812 -91.96592712402344 205.5
      vertex 91 -91.96592712402344 205.24118041992188
      vertex 91.2984848022461 -91.91864776611328 205.24118041992188
    endloop
  endfacet
  facet normal 0.14479848726651082 -0.914144137054656 -0.37864745446645787
    outer loop
      vertex 91.2984848022461 -91.91864776611328 205.24118041992188
      vertex 91 -91.96592712402344 205.24118041992188
      vertex 91 -91.86602783203125 205
    endloop
  endfacet
  facet normal 0.1775526389627738 -0.8925713556190176 -0.41447730399357724
    outer loop
      vertex 91.2984848022461 -91.91864776611328 205.24118041992188
      vertex 91 -91.86602783203125 205
      vertex 91.33141326904297 -91.80010223388672 205
    endloop
  endfacet
  facet normal 0 1 0
    outer loop
      vertex 83 -88 204.5
      vertex -83 -88 214
      vertex 83 -88 214
    endloop
  endfacet
  facet normal 0 1 0
    outer loop
      vertex -83 -88 214
      vertex 83 -88 204.5
      vertex -83 -88 204.5
    endloop
  endfacet
  facet normal 0 1 0
    outer loop
      vertex 83 -88 214
      vertex 83 -88 228
      vertex 85.5 -88 228
    endloop
  endfacet
  facet normal 0 1 0
    outer loop
      vertex 83 -88 228
      vertex 83 -88 214
      vertex -83 -88 228
    endloop
  endfacet
  facet normal 0 1 0
    outer loop
      vertex 83 -88 214
      vertex 85.5 -88 228
      vertex 85.5 -88 214
    endloop
  endfacet
  facet normal 0 1 0
    outer loop
      vertex -83 -88 214
      vertex -83 -88 228
      vertex 83 -88 214
    endloop
  endfacet
  facet normal 0 1 0
    outer loop
      vertex -83 -88 228
      vertex -83 -88 214
      vertex -85.5 -88 228
    endloop
  endfacet
  facet normal 0 1 0
    outer loop
      vertex -85.5 -88 228
      vertex -83 -88 214
      vertex -85.5 -88 214
    endloop
  endfacet
  facet normal 0 1 0
    outer loop
      vertex 83 -88 228
      vertex -83 -88 235.5
      vertex 83 -88 235.5
    endloop
  endfacet
  facet normal 0 1 0
    outer loop
      vertex -83 -88 235.5
      vertex 83 -88 228
      vertex -83 -88 228
    endloop
  endfacet
  facet normal -0.3826854496202837 -0.9238786969342464 0
    outer loop
      vertex 84.29409790039062 87.82962799072266 204.5
      vertex 85.5 87.33012390136719 214
      vertex 84.29409790039062 87.82962799072266 214
    endloop
  endfacet
  facet normal -0.3826854496202837 -0.9238786969342464 0
    outer loop
      vertex 85.5 87.33012390136719 214
      vertex 84.29409790039062 87.82962799072266 204.5
      vertex 85.5 87.33012390136719 204.5
    endloop
  endfacet
  facet normal -0.3826854496202838 -0.9238786969342465 0
    outer loop
      vertex 84.29409790039062 87.82962799072266 228
      vertex 85.5 87.33012390136719 235.5
      vertex 84.29409790039062 87.82962799072266 235.5
    endloop
  endfacet
  facet normal -0.3826854496202838 -0.9238786969342465 0
    outer loop
      vertex 85.5 87.33012390136719 235.5
      vertex 84.29409790039062 87.82962799072266 228
      vertex 85.5 87.33012390136719 228
    endloop
  endfacet
  facet normal -0.9238770588658143 0.38268940421894687 0
    outer loop
      vertex 87.82962799072266 -84.29409790039062 204.5
      vertex 87.74433898925781 -84.5 214
      vertex 87.82962799072266 -84.29409790039062 214
    endloop
  endfacet
  facet normal -0.9238790342145955 0.3826846353575044 0
    outer loop
      vertex 87.33012390136719 -85.5 235.5
      vertex 87.74433898925781 -84.5 214
      vertex 87.33012390136719 -85.5 204.5
    endloop
  endfacet
  facet normal -0.923878696934242 0.3826854496202819 -1.0041783039555004e-7
    outer loop
      vertex 87.33012390136719 -85.5 204.5
      vertex 87.74433898925781 -84.5 214
      vertex 87.82962799072266 -84.29409790039062 204.5
    endloop
  endfacet
  facet normal -0.9238770588658144 0.38268940421894687 0
    outer loop
      vertex 87.74433898925781 -84.5 228
      vertex 87.82962799072266 -84.29409790039062 235.5
      vertex 87.82962799072266 -84.29409790039062 228
    endloop
  endfacet
  facet normal -0.9238790342145955 0.3826846353575044 0
    outer loop
      vertex 87.74433898925781 -84.5 214
      vertex 87.33012390136719 -85.5 235.5
      vertex 87.74433898925781 -84.5 228
    endloop
  endfacet
  facet normal -0.923878696934239 0.38268544962028067 1.2719591850102964e-7
    outer loop
      vertex 87.74433898925781 -84.5 228
      vertex 87.33012390136719 -85.5 235.5
      vertex 87.82962799072266 -84.29409790039062 235.5
    endloop
  endfacet
  facet normal -0.7933569877782132 0.6087566754816573 0
    outer loop
      vertex 86.53553771972656 -86.53553771972656 204.5
      vertex 87.33012390136719 -85.5 235.5
      vertex 87.33012390136719 -85.5 204.5
    endloop
  endfacet
  facet normal -0.7933569877782132 0.6087566754816573 0
    outer loop
      vertex 87.33012390136719 -85.5 235.5
      vertex 86.53553771972656 -86.53553771972656 204.5
      vertex 86.53553771972656 -86.53553771972656 235.5
    endloop
  endfacet
  facet normal -0.9914447831916002 0.13052678607152238 0
    outer loop
      vertex 87.82962799072266 -84.29409790039062 204.5
      vertex 88 -83 214
      vertex 88 -83 204.5
    endloop
  endfacet
  facet normal -0.9914447831916002 0.13052678607152238 0
    outer loop
      vertex 88 -83 214
      vertex 87.82962799072266 -84.29409790039062 204.5
      vertex 87.82962799072266 -84.29409790039062 214
    endloop
  endfacet
  facet normal -0.9914447831916002 0.13052678607152238 0
    outer loop
      vertex 87.82962799072266 -84.29409790039062 228
      vertex 88 -83 235.5
      vertex 88 -83 228
    endloop
  endfacet
  facet normal -0.9914447831916002 0.13052678607152238 0
    outer loop
      vertex 88 -83 235.5
      vertex 87.82962799072266 -84.29409790039062 228
      vertex 87.82962799072266 -84.29409790039062 235.5
    endloop
  endfacet
  facet normal 1 0 0
    outer loop
      vertex -88 -83 214
      vertex -88 83 204.5
      vertex -88 83 214
    endloop
  endfacet
  facet normal 1 0 0
    outer loop
      vertex -88 83 204.5
      vertex -88 -83 214
      vertex -88 -83 204.5
    endloop
  endfacet
  facet normal 1 0 0
    outer loop
      vertex -88 -83 235.5
      vertex -88 83 228
      vertex -88 83 235.5
    endloop
  endfacet
  facet normal 1 0 0
    outer loop
      vertex -88 83 228
      vertex -88 -83 235.5
      vertex -88 -83 228
    endloop
  endfacet
  facet normal -0.3826854496202837 0.9238786969342464 0
    outer loop
      vertex 85.5 -87.33012390136719 204.5
      vertex 84.29409790039062 -87.82962799072266 214
      vertex 85.5 -87.33012390136719 214
    endloop
  endfacet
  facet normal -0.3826854496202837 0.9238786969342464 0
    outer loop
      vertex 84.29409790039062 -87.82962799072266 214
      vertex 85.5 -87.33012390136719 204.5
      vertex 84.29409790039062 -87.82962799072266 204.5
    endloop
  endfacet
  facet normal -0.3826854496202838 0.9238786969342465 0
    outer loop
      vertex 85.5 -87.33012390136719 228
      vertex 84.29409790039062 -87.82962799072266 235.5
      vertex 85.5 -87.33012390136719 235.5
    endloop
  endfacet
  facet normal -0.3826854496202838 0.9238786969342465 0
    outer loop
      vertex 84.29409790039062 -87.82962799072266 235.5
      vertex 85.5 -87.33012390136719 228
      vertex 84.29409790039062 -87.82962799072266 228
    endloop
  endfacet
  facet normal 0.13052678607152238 0.9914447831916002 0
    outer loop
      vertex -83 -88 204.5
      vertex -84.29409790039062 -87.82962799072266 214
      vertex -83 -88 214
    endloop
  endfacet
  facet normal 0.13052678607152238 0.9914447831916002 0
    outer loop
      vertex -84.29409790039062 -87.82962799072266 214
      vertex -83 -88 204.5
      vertex -84.29409790039062 -87.82962799072266 204.5
    endloop
  endfacet
  facet normal 0.13052678607152238 0.9914447831916002 0
    outer loop
      vertex -83 -88 228
      vertex -84.29409790039062 -87.82962799072266 235.5
      vertex -83 -88 235.5
    endloop
  endfacet
  facet normal 0.13052678607152238 0.9914447831916002 0
    outer loop
      vertex -84.29409790039062 -87.82962799072266 235.5
      vertex -83 -88 228
      vertex -84.29409790039062 -87.82962799072266 228
    endloop
  endfacet
  facet normal -0.6087566754816575 -0.7933569877782133 0
    outer loop
      vertex 85.5 87.33012390136719 204.5
      vertex 86.53553771972656 86.53553771972656 214
      vertex 85.5 87.33012390136719 214
    endloop
  endfacet
  facet normal -0.6087566754816575 -0.7933569877782133 0
    outer loop
      vertex 86.53553771972656 86.53553771972656 214
      vertex 85.5 87.33012390136719 204.5
      vertex 86.53553771972656 86.53553771972656 204.5
    endloop
  endfacet
  facet normal -0.6087566754816573 -0.7933569877782133 0
    outer loop
      vertex 85.5 87.33012390136719 228
      vertex 86.53553771972656 86.53553771972656 235.5
      vertex 85.5 87.33012390136719 235.5
    endloop
  endfacet
  facet normal -0.6087566754816573 -0.7933569877782133 0
    outer loop
      vertex 86.53553771972656 86.53553771972656 235.5
      vertex 85.5 87.33012390136719 228
      vertex 86.53553771972656 86.53553771972656 228
    endloop
  endfacet
  facet normal 0.9914447831916002 -0.13052678607152238 0
    outer loop
      vertex -88 83 214
      vertex -87.82962799072266 84.29409790039062 204.5
      vertex -87.82962799072266 84.29409790039062 214
    endloop
  endfacet
  facet normal 0.9914447831916002 -0.13052678607152238 0
    outer loop
      vertex -87.82962799072266 84.29409790039062 204.5
      vertex -88 83 214
      vertex -88 83 204.5
    endloop
  endfacet
  facet normal 0.9914447831916002 -0.13052678607152238 0
    outer loop
      vertex -88 83 235.5
      vertex -87.82962799072266 84.29409790039062 228
      vertex -87.82962799072266 84.29409790039062 235.5
    endloop
  endfacet
  facet normal 0.9914447831916002 -0.13052678607152238 0
    outer loop
      vertex -87.82962799072266 84.29409790039062 228
      vertex -88 83 235.5
      vertex -88 83 228
    endloop
  endfacet
  facet normal 0.13052678607152238 -0.9914447831916002 0
    outer loop
      vertex -84.29409790039062 87.82962799072266 204.5
      vertex -83 88 214
      vertex -84.29409790039062 87.82962799072266 214
    endloop
  endfacet
  facet normal 0.13052678607152238 -0.9914447831916002 0
    outer loop
      vertex -83 88 214
      vertex -84.29409790039062 87.82962799072266 204.5
      vertex -83 88 204.5
    endloop
  endfacet
  facet normal 0.13052678607152238 -0.9914447831916002 0
    outer loop
      vertex -84.29409790039062 87.82962799072266 228
      vertex -83 88 235.5
      vertex -84.29409790039062 87.82962799072266 235.5
    endloop
  endfacet
  facet normal 0.13052678607152238 -0.9914447831916002 0
    outer loop
      vertex -83 88 235.5
      vertex -84.29409790039062 87.82962799072266 228
      vertex -83 88 228
    endloop
  endfacet
  facet normal 0.9914447831916002 0.13052678607152238 0
    outer loop
      vertex -87.82962799072266 -84.29409790039062 214
      vertex -88 -83 204.5
      vertex -88 -83 214
    endloop
  endfacet
  facet normal 0.9914447831916002 0.13052678607152238 0
    outer loop
      vertex -88 -83 204.5
      vertex -87.82962799072266 -84.29409790039062 214
      vertex -87.82962799072266 -84.29409790039062 204.5
    endloop
  endfacet
  facet normal 0.9914447831916002 0.13052678607152238 0
    outer loop
      vertex -87.82962799072266 -84.29409790039062 235.5
      vertex -88 -83 228
      vertex -88 -83 235.5
    endloop
  endfacet
  facet normal 0.9914447831916002 0.13052678607152238 0
    outer loop
      vertex -88 -83 228
      vertex -87.82962799072266 -84.29409790039062 235.5
      vertex -87.82962799072266 -84.29409790039062 228
    endloop
  endfacet
  facet normal 0.3826854496202837 0.9238786969342464 0
    outer loop
      vertex -84.29409790039062 -87.82962799072266 204.5
      vertex -85.5 -87.33012390136719 214
      vertex -84.29409790039062 -87.82962799072266 214
    endloop
  endfacet
  facet normal 0.3826854496202837 0.9238786969342464 0
    outer loop
      vertex -85.5 -87.33012390136719 214
      vertex -84.29409790039062 -87.82962799072266 204.5
      vertex -85.5 -87.33012390136719 204.5
    endloop
  endfacet
  facet normal 0.3826854496202838 0.9238786969342465 0
    outer loop
      vertex -84.29409790039062 -87.82962799072266 228
      vertex -85.5 -87.33012390136719 235.5
      vertex -84.29409790039062 -87.82962799072266 235.5
    endloop
  endfacet
  facet normal 0.3826854496202838 0.9238786969342465 0
    outer loop
      vertex -85.5 -87.33012390136719 235.5
      vertex -84.29409790039062 -87.82962799072266 228
      vertex -85.5 -87.33012390136719 228
    endloop
  endfacet
  facet normal 0.7933569877782132 0.6087566754816573 0
    outer loop
      vertex -86.53553771972656 -86.53553771972656 235.5
      vertex -87.33012390136719 -85.5 204.5
      vertex -87.33012390136719 -85.5 235.5
    endloop
  endfacet
  facet normal 0.7933569877782132 0.6087566754816573 0
    outer loop
      vertex -87.33012390136719 -85.5 204.5
      vertex -86.53553771972656 -86.53553771972656 235.5
      vertex -86.53553771972656 -86.53553771972656 204.5
    endloop
  endfacet
  facet normal -0.13052678607152238 0.9914447831916002 0
    outer loop
      vertex 84.29409790039062 -87.82962799072266 204.5
      vertex 83 -88 214
      vertex 84.29409790039062 -87.82962799072266 214
    endloop
  endfacet
  facet normal -0.13052678607152238 0.9914447831916002 0
    outer loop
      vertex 83 -88 214
      vertex 84.29409790039062 -87.82962799072266 204.5
      vertex 83 -88 204.5
    endloop
  endfacet
  facet normal -0.13052678607152238 0.9914447831916002 0
    outer loop
      vertex 84.29409790039062 -87.82962799072266 228
      vertex 83 -88 235.5
      vertex 84.29409790039062 -87.82962799072266 235.5
    endloop
  endfacet
  facet normal -0.13052678607152238 0.9914447831916002 0
    outer loop
      vertex 83 -88 235.5
      vertex 84.29409790039062 -87.82962799072266 228
      vertex 83 -88 228
    endloop
  endfacet
  facet normal -0.9914447831916002 -0.13052678607152238 0
    outer loop
      vertex 88 83 204.5
      vertex 87.82962799072266 84.29409790039062 214
      vertex 87.82962799072266 84.29409790039062 204.5
    endloop
  endfacet
  facet normal -0.9914447831916002 -0.13052678607152238 0
    outer loop
      vertex 87.82962799072266 84.29409790039062 214
      vertex 88 83 204.5
      vertex 88 83 214
    endloop
  endfacet
  facet normal -0.9914447831916002 -0.13052678607152238 0
    outer loop
      vertex 88 83 228
      vertex 87.82962799072266 84.29409790039062 235.5
      vertex 87.82962799072266 84.29409790039062 228
    endloop
  endfacet
  facet normal -0.9914447831916002 -0.13052678607152238 0
    outer loop
      vertex 87.82962799072266 84.29409790039062 235.5
      vertex 88 83 228
      vertex 88 83 235.5
    endloop
  endfacet
  facet normal -0.7933569877782133 -0.6087566754816575 0
    outer loop
      vertex 87.33012390136719 85.5 204.5
      vertex 86.53553771972656 86.53553771972656 214
      vertex 86.53553771972656 86.53553771972656 204.5
    endloop
  endfacet
  facet normal -0.7933569877782133 -0.6087566754816575 0
    outer loop
      vertex 86.53553771972656 86.53553771972656 214
      vertex 87.33012390136719 85.5 204.5
      vertex 87.33012390136719 85.5 214
    endloop
  endfacet
  facet normal -0.7933569877782133 -0.6087566754816573 0
    outer loop
      vertex 87.33012390136719 85.5 228
      vertex 86.53553771972656 86.53553771972656 235.5
      vertex 86.53553771972656 86.53553771972656 228
    endloop
  endfacet
  facet normal -0.7933569877782133 -0.6087566754816573 0
    outer loop
      vertex 86.53553771972656 86.53553771972656 235.5
      vertex 87.33012390136719 85.5 228
      vertex 87.33012390136719 85.5 235.5
    endloop
  endfacet
  facet normal -0.13052678607152238 -0.9914447831916002 0
    outer loop
      vertex 83 88 204.5
      vertex 84.29409790039062 87.82962799072266 214
      vertex 83 88 214
    endloop
  endfacet
  facet normal -0.13052678607152238 -0.9914447831916002 0
    outer loop
      vertex 84.29409790039062 87.82962799072266 214
      vertex 83 88 204.5
      vertex 84.29409790039062 87.82962799072266 204.5
    endloop
  endfacet
  facet normal -0.13052678607152238 -0.9914447831916002 0
    outer loop
      vertex 83 88 228
      vertex 84.29409790039062 87.82962799072266 235.5
      vertex 83 88 235.5
    endloop
  endfacet
  facet normal -0.13052678607152238 -0.9914447831916002 0
    outer loop
      vertex 84.29409790039062 87.82962799072266 235.5
      vertex 83 88 228
      vertex 84.29409790039062 87.82962799072266 228
    endloop
  endfacet
  facet normal 0.7933569877782133 -0.6087566754816575 0
    outer loop
      vertex -87.33012390136719 85.5 214
      vertex -86.53553771972656 86.53553771972656 204.5
      vertex -86.53553771972656 86.53553771972656 214
    endloop
  endfacet
  facet normal 0.7933569877782133 -0.6087566754816575 0
    outer loop
      vertex -86.53553771972656 86.53553771972656 204.5
      vertex -87.33012390136719 85.5 214
      vertex -87.33012390136719 85.5 204.5
    endloop
  endfacet
  facet normal 0.7933569877782133 -0.6087566754816573 0
    outer loop
      vertex -87.33012390136719 85.5 235.5
      vertex -86.53553771972656 86.53553771972656 228
      vertex -86.53553771972656 86.53553771972656 235.5
    endloop
  endfacet
  facet normal 0.7933569877782133 -0.6087566754816573 0
    outer loop
      vertex -86.53553771972656 86.53553771972656 228
      vertex -87.33012390136719 85.5 235.5
      vertex -87.33012390136719 85.5 228
    endloop
  endfacet
  facet normal 0.9238770588658144 0.38268940421894687 0
    outer loop
      vertex -87.82962799072266 -84.29409790039062 235.5
      vertex -87.74433898925781 -84.5 228
      vertex -87.82962799072266 -84.29409790039062 228
    endloop
  endfacet
  facet normal 0.9238790342145955 0.3826846353575044 0
    outer loop
      vertex -87.74433898925781 -84.5 228
      vertex -87.33012390136719 -85.5 235.5
      vertex -87.74433898925781 -84.5 214
    endloop
  endfacet
  facet normal 0.923878696934239 0.38268544962028067 1.2719591850102964e-7
    outer loop
      vertex -87.33012390136719 -85.5 235.5
      vertex -87.74433898925781 -84.5 228
      vertex -87.82962799072266 -84.29409790039062 235.5
    endloop
  endfacet
  facet normal 0.9238770588658143 0.38268940421894687 0
    outer loop
      vertex -87.74433898925781 -84.5 214
      vertex -87.82962799072266 -84.29409790039062 204.5
      vertex -87.82962799072266 -84.29409790039062 214
    endloop
  endfacet
  facet normal 0.9238790342145955 0.3826846353575044 0
    outer loop
      vertex -87.33012390136719 -85.5 204.5
      vertex -87.74433898925781 -84.5 214
      vertex -87.33012390136719 -85.5 235.5
    endloop
  endfacet
  facet normal 0.923878696934242 0.3826854496202819 -1.0041783039555004e-7
    outer loop
      vertex -87.74433898925781 -84.5 214
      vertex -87.33012390136719 -85.5 204.5
      vertex -87.82962799072266 -84.29409790039062 204.5
    endloop
  endfacet
  facet normal -0.9238786969342464 -0.3826854496202837 0
    outer loop
      vertex 87.82962799072266 84.29409790039062 204.5
      vertex 87.33012390136719 85.5 214
      vertex 87.33012390136719 85.5 204.5
    endloop
  endfacet
  facet normal -0.9238786969342464 -0.3826854496202837 0
    outer loop
      vertex 87.33012390136719 85.5 214
      vertex 87.82962799072266 84.29409790039062 204.5
      vertex 87.82962799072266 84.29409790039062 214
    endloop
  endfacet
  facet normal -0.9238786969342465 -0.3826854496202838 0
    outer loop
      vertex 87.82962799072266 84.29409790039062 228
      vertex 87.33012390136719 85.5 235.5
      vertex 87.33012390136719 85.5 228
    endloop
  endfacet
  facet normal -0.9238786969342465 -0.3826854496202838 0
    outer loop
      vertex 87.33012390136719 85.5 235.5
      vertex 87.82962799072266 84.29409790039062 228
      vertex 87.82962799072266 84.29409790039062 235.5
    endloop
  endfacet
  facet normal 0.6087566754816573 0.7933569877782133 0
    outer loop
      vertex -85.5 -87.33012390136719 228
      vertex -86.53553771972656 -86.53553771972656 235.5
      vertex -85.5 -87.33012390136719 235.5
    endloop
  endfacet
  facet normal 0.6087566754816573 0.7933569877782133 0
    outer loop
      vertex -85.5 -87.33012390136719 214
      vertex -86.53553771972656 -86.53553771972656 235.5
      vertex -85.5 -87.33012390136719 228
    endloop
  endfacet
  facet normal 0.6087566754816575 0.7933569877782133 0
    outer loop
      vertex -86.53553771972656 -86.53553771972656 204.5
      vertex -85.5 -87.33012390136719 214
      vertex -85.5 -87.33012390136719 204.5
    endloop
  endfacet
  facet normal 0.6087566754816573 0.7933569877782132 0
    outer loop
      vertex -85.5 -87.33012390136719 214
      vertex -86.53553771972656 -86.53553771972656 204.5
      vertex -86.53553771972656 -86.53553771972656 235.5
    endloop
  endfacet
  facet normal 0.6087566754816575 -0.7933569877782133 0
    outer loop
      vertex -86.53553771972656 86.53553771972656 204.5
      vertex -85.5 87.33012390136719 214
      vertex -86.53553771972656 86.53553771972656 214
    endloop
  endfacet
  facet normal 0.6087566754816575 -0.7933569877782133 0
    outer loop
      vertex -85.5 87.33012390136719 214
      vertex -86.53553771972656 86.53553771972656 204.5
      vertex -85.5 87.33012390136719 204.5
    endloop
  endfacet
  facet normal 0.6087566754816573 -0.7933569877782133 0
    outer loop
      vertex -86.53553771972656 86.53553771972656 228
      vertex -85.5 87.33012390136719 235.5
      vertex -86.53553771972656 86.53553771972656 235.5
    endloop
  endfacet
  facet normal 0.6087566754816573 -0.7933569877782133 0
    outer loop
      vertex -85.5 87.33012390136719 235.5
      vertex -86.53553771972656 86.53553771972656 228
      vertex -85.5 87.33012390136719 228
    endloop
  endfacet
  facet normal -1 0 0
    outer loop
      vertex 88 -83 204.5
      vertex 88 83 214
      vertex 88 83 204.5
    endloop
  endfacet
  facet normal -1 0 0
    outer loop
      vertex 88 83 214
      vertex 88 -83 204.5
      vertex 88 -83 214
    endloop
  endfacet
  facet normal -1 0 0
    outer loop
      vertex 88 -83 228
      vertex 88 83 235.5
      vertex 88 83 228
    endloop
  endfacet
  facet normal -1 0 0
    outer loop
      vertex 88 83 235.5
      vertex 88 -83 228
      vertex 88 -83 235.5
    endloop
  endfacet
  facet normal -0.6087566754816573 0.7933569877782133 0
    outer loop
      vertex 86.53553771972656 -86.53553771972656 235.5
      vertex 85.5 -87.33012390136719 228
      vertex 85.5 -87.33012390136719 235.5
    endloop
  endfacet
  facet normal -0.6087566754816573 0.7933569877782133 0
    outer loop
      vertex 86.53553771972656 -86.53553771972656 235.5
      vertex 85.5 -87.33012390136719 214
      vertex 85.5 -87.33012390136719 228
    endloop
  endfacet
  facet normal -0.6087566754816573 0.7933569877782132 0
    outer loop
      vertex 86.53553771972656 -86.53553771972656 204.5
      vertex 85.5 -87.33012390136719 214
      vertex 86.53553771972656 -86.53553771972656 235.5
    endloop
  endfacet
  facet normal -0.6087566754816575 0.7933569877782133 0
    outer loop
      vertex 85.5 -87.33012390136719 214
      vertex 86.53553771972656 -86.53553771972656 204.5
      vertex 85.5 -87.33012390136719 204.5
    endloop
  endfacet
  facet normal 0.3826854496202837 -0.9238786969342464 0
    outer loop
      vertex -85.5 87.33012390136719 204.5
      vertex -84.29409790039062 87.82962799072266 214
      vertex -85.5 87.33012390136719 214
    endloop
  endfacet
  facet normal 0.3826854496202837 -0.9238786969342464 0
    outer loop
      vertex -84.29409790039062 87.82962799072266 214
      vertex -85.5 87.33012390136719 204.5
      vertex -84.29409790039062 87.82962799072266 204.5
    endloop
  endfacet
  facet normal 0.3826854496202838 -0.9238786969342465 0
    outer loop
      vertex -85.5 87.33012390136719 228
      vertex -84.29409790039062 87.82962799072266 235.5
      vertex -85.5 87.33012390136719 235.5
    endloop
  endfacet
  facet normal 0.3826854496202838 -0.9238786969342465 0
    outer loop
      vertex -84.29409790039062 87.82962799072266 235.5
      vertex -85.5 87.33012390136719 228
      vertex -84.29409790039062 87.82962799072266 228
    endloop
  endfacet
  facet normal 0.9238786969342464 -0.3826854496202837 0
    outer loop
      vertex -87.82962799072266 84.29409790039062 214
      vertex -87.33012390136719 85.5 204.5
      vertex -87.33012390136719 85.5 214
    endloop
  endfacet
  facet normal 0.9238786969342464 -0.3826854496202837 0
    outer loop
      vertex -87.33012390136719 85.5 204.5
      vertex -87.82962799072266 84.29409790039062 214
      vertex -87.82962799072266 84.29409790039062 204.5
    endloop
  endfacet
  facet normal 0.9238786969342465 -0.3826854496202838 0
    outer loop
      vertex -87.82962799072266 84.29409790039062 235.5
      vertex -87.33012390136719 85.5 228
      vertex -87.33012390136719 85.5 235.5
    endloop
  endfacet
  facet normal 0.9238786969342465 -0.3826854496202838 0
    outer loop
      vertex -87.33012390136719 85.5 228
      vertex -87.82962799072266 84.29409790039062 235.5
      vertex -87.82962799072266 84.29409790039062 228
    endloop
  endfacet
  facet normal -1 0 0
    outer loop
      vertex 85.5 -88 214
      vertex 85.5 -87.33012390136719 228
      vertex 85.5 -87.33012390136719 214
    endloop
  endfacet
  facet normal -1 0 0
    outer loop
      vertex 85.5 -87.33012390136719 228
      vertex 85.5 -88 214
      vertex 85.5 -88 228
    endloop
  endfacet
  facet normal 0 0 -1
    outer loop
      vertex -85.5 -88 228
      vertex -84.29409790039062 -87.82962799072266 228
      vertex -83 -88 228
    endloop
  endfacet
  facet normal 0 0 -1
    outer loop
      vertex -84.29409790039062 -87.82962799072266 228
      vertex -85.5 -88 228
      vertex -85.5 -87.33012390136719 228
    endloop
  endfacet
  facet normal 0 0 -1
    outer loop
      vertex 85.5 -88 228
      vertex 84.29409790039062 -87.82962799072266 228
      vertex 85.5 -87.33012390136719 228
    endloop
  endfacet
  facet normal 0 0 -1
    outer loop
      vertex 84.29409790039062 -87.82962799072266 228
      vertex 85.5 -88 228
      vertex 83 -88 228
    endloop
  endfacet
  facet normal 0 0 -1
    outer loop
      vertex -88 -83 228
      vertex -89 -84.5 228
      vertex -88 83 228
    endloop
  endfacet
  facet normal 0 0 -1
    outer loop
      vertex -87.82962799072266 -84.29409790039062 228
      vertex -89 -84.5 228
      vertex -88 -83 228
    endloop
  endfacet
  facet normal 0 0 -1
    outer loop
      vertex -89 -84.5 228
      vertex -87.82962799072266 -84.29409790039062 228
      vertex -87.74433898925781 -84.5 228
    endloop
  endfacet
  facet normal 0 0 -1
    outer loop
      vertex -84.29409790039062 87.82962799072266 228
      vertex -83 92 228
      vertex -83 88 228
    endloop
  endfacet
  facet normal 0 0 -1
    outer loop
      vertex -89 92 228
      vertex -84.29409790039062 87.82962799072266 228
      vertex -85.5 87.33012390136719 228
    endloop
  endfacet
  facet normal 0 0 -1
    outer loop
      vertex -89 92 228
      vertex -85.5 87.33012390136719 228
      vertex -86.53553771972656 86.53553771972656 228
    endloop
  endfacet
  facet normal 0 0 -1
    outer loop
      vertex -89 92 228
      vertex -86.53553771972656 86.53553771972656 228
      vertex -87.33012390136719 85.5 228
    endloop
  endfacet
  facet normal 0 0 -1
    outer loop
      vertex -84.29409790039062 87.82962799072266 228
      vertex -89 92 228
      vertex -83 92 228
    endloop
  endfacet
  facet normal 0 0 -1
    outer loop
      vertex -87.82962799072266 84.29409790039062 228
      vertex -89 92 228
      vertex -87.33012390136719 85.5 228
    endloop
  endfacet
  facet normal 0 0 -1
    outer loop
      vertex -88 83 228
      vertex -89 92 228
      vertex -87.82962799072266 84.29409790039062 228
    endloop
  endfacet
  facet normal 0 0 -1
    outer loop
      vertex -89 92 228
      vertex -88 83 228
      vertex -89 -84.5 228
    endloop
  endfacet
  facet normal 0 0 -1
    outer loop
      vertex 88 83 228
      vertex 89 -84.5 228
      vertex 88 -83 228
    endloop
  endfacet
  facet normal 0 0 -1
    outer loop
      vertex 89 -84.5 228
      vertex 87.82962799072266 -84.29409790039062 228
      vertex 88 -83 228
    endloop
  endfacet
  facet normal 0 0 -1
    outer loop
      vertex 87.82962799072266 -84.29409790039062 228
      vertex 89 -84.5 228
      vertex 87.74433898925781 -84.5 228
    endloop
  endfacet
  facet normal 0 0 -1
    outer loop
      vertex 89 -84.5 228
      vertex 88 83 228
      vertex 89 92 228
    endloop
  endfacet
  facet normal 0 0 -1
    outer loop
      vertex 87.82962799072266 84.29409790039062 228
      vertex 89 92 228
      vertex 88 83 228
    endloop
  endfacet
  facet normal 0 0 -1
    outer loop
      vertex 87.33012390136719 85.5 228
      vertex 89 92 228
      vertex 87.82962799072266 84.29409790039062 228
    endloop
  endfacet
  facet normal 0 0 -1
    outer loop
      vertex 86.53553771972656 86.53553771972656 228
      vertex 89 92 228
      vertex 87.33012390136719 85.5 228
    endloop
  endfacet
  facet normal 0 0 -1
    outer loop
      vertex 85.5 87.33012390136719 228
      vertex 89 92 228
      vertex 86.53553771972656 86.53553771972656 228
    endloop
  endfacet
  facet normal 0 0 -1
    outer loop
      vertex 84.29409790039062 87.82962799072266 228
      vertex 89 92 228
      vertex 85.5 87.33012390136719 228
    endloop
  endfacet
  facet normal 0 0 -1
    outer loop
      vertex 83 92 228
      vertex 84.29409790039062 87.82962799072266 228
      vertex 83 88 228
    endloop
  endfacet
  facet normal 0 0 -1
    outer loop
      vertex 84.29409790039062 87.82962799072266 228
      vertex 83 92 228
      vertex 89 92 228
    endloop
  endfacet
  facet normal 0 0 1
    outer loop
      vertex 84.29409790039062 -87.82962799072266 214
      vertex 85.5 -88 214
      vertex 85.5 -87.33012390136719 214
    endloop
  endfacet
  facet normal 0 0 1
    outer loop
      vertex 85.5 -88 214
      vertex 84.29409790039062 -87.82962799072266 214
      vertex 83 -88 214
    endloop
  endfacet
  facet normal 0 0 1
    outer loop
      vertex -84.29409790039062 -87.82962799072266 214
      vertex -85.5 -88 214
      vertex -83 -88 214
    endloop
  endfacet
  facet normal 0 0 1
    outer loop
      vertex -85.5 -88 214
      vertex -84.29409790039062 -87.82962799072266 214
      vertex -85.5 -87.33012390136719 214
    endloop
  endfacet
  facet normal 0 0 1
    outer loop
      vertex -83 92 214
      vertex -84.29409790039062 87.82962799072266 214
      vertex -83 88 214
    endloop
  endfacet
  facet normal 0 0 1
    outer loop
      vertex -89 92 214
      vertex -84.29409790039062 87.82962799072266 214
      vertex -83 92 214
    endloop
  endfacet
  facet normal 0 0 1
    outer loop
      vertex -84.29409790039062 87.82962799072266 214
      vertex -89 92 214
      vertex -85.5 87.33012390136719 214
    endloop
  endfacet
  facet normal 0 0 1
    outer loop
      vertex -85.5 87.33012390136719 214
      vertex -89 92 214
      vertex -86.53553771972656 86.53553771972656 214
    endloop
  endfacet
  facet normal 0 0 1
    outer loop
      vertex -89 -84.5 214
      vertex -88 83 214
      vertex -89 92 214
    endloop
  endfacet
  facet normal 0 0 1
    outer loop
      vertex -87.82962799072266 84.29409790039062 214
      vertex -89 92 214
      vertex -88 83 214
    endloop
  endfacet
  facet normal 0 0 1
    outer loop
      vertex -87.33012390136719 85.5 214
      vertex -89 92 214
      vertex -87.82962799072266 84.29409790039062 214
    endloop
  endfacet
  facet normal 0 0 1
    outer loop
      vertex -86.53553771972656 86.53553771972656 214
      vertex -89 92 214
      vertex -87.33012390136719 85.5 214
    endloop
  endfacet
  facet normal 0 0 1
    outer loop
      vertex -87.82962799072266 -84.29409790039062 214
      vertex -89 -84.5 214
      vertex -87.74433898925781 -84.5 214
    endloop
  endfacet
  facet normal 0 0 1
    outer loop
      vertex -88 -83 214
      vertex -89 -84.5 214
      vertex -87.82962799072266 -84.29409790039062 214
    endloop
  endfacet
  facet normal 0 0 1
    outer loop
      vertex -88 83 214
      vertex -89 -84.5 214
      vertex -88 -83 214
    endloop
  endfacet
  facet normal 0 0 1
    outer loop
      vertex 89 92 214
      vertex 88 83 214
      vertex 89 -84.5 214
    endloop
  endfacet
  facet normal 0 0 1
    outer loop
      vertex 89 92 214
      vertex 87.82962799072266 84.29409790039062 214
      vertex 88 83 214
    endloop
  endfacet
  facet normal 0 0 1
    outer loop
      vertex 89 92 214
      vertex 87.33012390136719 85.5 214
      vertex 87.82962799072266 84.29409790039062 214
    endloop
  endfacet
  facet normal 0 0 1
    outer loop
      vertex 89 92 214
      vertex 86.53553771972656 86.53553771972656 214
      vertex 87.33012390136719 85.5 214
    endloop
  endfacet
  facet normal 0 0 1
    outer loop
      vertex 89 92 214
      vertex 85.5 87.33012390136719 214
      vertex 86.53553771972656 86.53553771972656 214
    endloop
  endfacet
  facet normal 0 0 1
    outer loop
      vertex 89 92 214
      vertex 84.29409790039062 87.82962799072266 214
      vertex 85.5 87.33012390136719 214
    endloop
  endfacet
  facet normal 0 0 1
    outer loop
      vertex 83 92 214
      vertex 84.29409790039062 87.82962799072266 214
      vertex 89 92 214
    endloop
  endfacet
  facet normal 0 0 1
    outer loop
      vertex 84.29409790039062 87.82962799072266 214
      vertex 83 92 214
      vertex 83 88 214
    endloop
  endfacet
  facet normal 0 0 1
    outer loop
      vertex 88 -83 214
      vertex 89 -84.5 214
      vertex 88 83 214
    endloop
  endfacet
  facet normal 0 0 1
    outer loop
      vertex 87.82962799072266 -84.29409790039062 214
      vertex 89 -84.5 214
      vertex 88 -83 214
    endloop
  endfacet
  facet normal 0 0 1
    outer loop
      vertex 89 -84.5 214
      vertex 87.82962799072266 -84.29409790039062 214
      vertex 87.74433898925781 -84.5 214
    endloop
  endfacet
  facet normal 1 0 0
    outer loop
      vertex -85.5 -88 228
      vertex -85.5 -87.33012390136719 214
      vertex -85.5 -87.33012390136719 228
    endloop
  endfacet
  facet normal 1 0 0
    outer loop
      vertex -85.5 -87.33012390136719 214
      vertex -85.5 -88 228
      vertex -85.5 -88 214
    endloop
  endfacet
  facet normal -1 0 0
    outer loop
      vertex 89 -84.5 214
      vertex 89 92 228
      vertex 89 92 214
    endloop
  endfacet
  facet normal -1 0 0
    outer loop
      vertex 89 92 228
      vertex 89 -84.5 214
      vertex 89 -84.5 228
    endloop
  endfacet
  facet normal 1 0 0
    outer loop
      vertex -89 -84.5 228
      vertex -89 92 214
      vertex -89 92 228
    endloop
  endfacet
  facet normal 1 0 0
    outer loop
      vertex -89 92 214
      vertex -89 -84.5 228
      vertex -89 -84.5 214
    endloop
  endfacet
  facet normal 0 1 0
    outer loop
      vertex -87.74433898925781 -84.5 214
      vertex -89 -84.5 228
      vertex -87.74433898925781 -84.5 228
    endloop
  endfacet
  facet normal 0 1 0
    outer loop
      vertex -89 -84.5 228
      vertex -87.74433898925781 -84.5 214
      vertex -89 -84.5 214
    endloop
  endfacet
  facet normal 0 1 0
    outer loop
      vertex 89 -84.5 214
      vertex 87.74433898925781 -84.5 228
      vertex 89 -84.5 228
    endloop
  endfacet
  facet normal 0 1 0
    outer loop
      vertex 87.74433898925781 -84.5 228
      vertex 89 -84.5 214
      vertex 87.74433898925781 -84.5 214
    endloop
  endfacet
  facet normal -1 0 0
    outer loop
      vertex 83 91 204.5
      vertex 83 92 205.5
      vertex 83 91.96592712402344 205.24118041992188
    endloop
  endfacet
  facet normal -1 0 0
    outer loop
      vertex 83 91 204.5
      vertex 83 91.96592712402344 205.24118041992188
      vertex 83 91.86602783203125 205
    endloop
  endfacet
  facet normal -1 0 0
    outer loop
      vertex 83 91 204.5
      vertex 83 91.86602783203125 205
      vertex 83 91.70710754394531 204.7928924560547
    endloop
  endfacet
  facet normal -1 0 0
    outer loop
      vertex 83 91 204.5
      vertex 83 91.70710754394531 204.7928924560547
      vertex 83 91.5 204.63397216796875
    endloop
  endfacet
  facet normal -1 0 0
    outer loop
      vertex 83 91 204.5
      vertex 83 91.5 204.63397216796875
      vertex 83 91.25881958007812 204.53407287597656
    endloop
  endfacet
  facet normal -1 0 0
    outer loop
      vertex 83 92 205.5
      vertex 83 91 204.5
      vertex 83 88 204.5
    endloop
  endfacet
  facet normal -1 0 0
    outer loop
      vertex 83 92 205.5
      vertex 83 88 204.5
      vertex 83 88 214
    endloop
  endfacet
  facet normal -1 0 0
    outer loop
      vertex 83 92 205.5
      vertex 83 88 214
      vertex 83 92 214
    endloop
  endfacet
  facet normal -1 0 0
    outer loop
      vertex 83 88 228
      vertex 83 92 235.5
      vertex 83 92 228
    endloop
  endfacet
  facet normal -1 0 0
    outer loop
      vertex 83 92 235.5
      vertex 83 88 228
      vertex 83 88 235.5
    endloop
  endfacet
  facet normal 1 0 0
    outer loop
      vertex -83 88 214
      vertex -83 92 205.5
      vertex -83 92 214
    endloop
  endfacet
  facet normal 1 0 0
    outer loop
      vertex -83 88 204.5
      vertex -83 92 205.5
      vertex -83 88 214
    endloop
  endfacet
  facet normal 1 0 0
    outer loop
      vertex -83 91 204.5
      vertex -83 92 205.5
      vertex -83 88 204.5
    endloop
  endfacet
  facet normal 1 0 0
    outer loop
      vertex -83 92 205.5
      vertex -83 91 204.5
      vertex -83 91.96592712402344 205.24118041992188
    endloop
  endfacet
  facet normal 1 0 0
    outer loop
      vertex -83 91.70710754394531 204.7928924560547
      vertex -83 91 204.5
      vertex -83 91.5 204.63397216796875
    endloop
  endfacet
  facet normal 1 0 0
    outer loop
      vertex -83 91.5 204.63397216796875
      vertex -83 91 204.5
      vertex -83 91.25881958007812 204.53407287597656
    endloop
  endfacet
  facet normal 1 0 0
    outer loop
      vertex -83 91.86602783203125 205
      vertex -83 91 204.5
      vertex -83 91.70710754394531 204.7928924560547
    endloop
  endfacet
  facet normal 1 0 0
    outer loop
      vertex -83 91.96592712402344 205.24118041992188
      vertex -83 91 204.5
      vertex -83 91.86602783203125 205
    endloop
  endfacet
  facet normal 1 0 0
    outer loop
      vertex -83 88 235.5
      vertex -83 92 228
      vertex -83 92 235.5
    endloop
  endfacet
  facet normal 1 0 0
    outer loop
      vertex -83 92 228
      vertex -83 88 235.5
      vertex -83 88 228
    endloop
  endfacet
endsolid OpenSCAD_Model
