solid OpenSCAD_Model
  facet normal 0.12942328523107402 0.12942328523107402 -0.9831069252527888
    outer loop
      vertex 90.79409790039062 89.5 208.1703643798828
      vertex 89.5 89.5 208
      vertex 89.5 90.79409790039062 208.1703643798828
    endloop
  endfacet
  facet normal -0.12942328523107402 -0.12942328523107402 -0.9831069252527888
    outer loop
      vertex -89.5 -90.79409790039062 208.1703643798828
      vertex -90.79409790039062 -89.5 208.1703643798828
      vertex -89.5 -89.5 208
    endloop
  endfacet
  facet normal -0.15656024442754343 -0.3779712574637557 -0.9124837633602337
    outer loop
      vertex -89.5 -92 208.6698760986328
      vertex -91.26776885986328 -91.26776885986328 208.6698760986328
      vertex -89.5 -90.79409790039062 208.1703643798828
    endloop
  endfacet
  facet normal 0.16099033193759926 0.6008160432561518 -0.7830084260010511
    outer loop
      vertex 91.26776885986328 92.56185913085938 209.46446228027344
      vertex 89.5 92 208.6698760986328
      vertex 89.5 93.03553771972656 209.46446228027344
    endloop
  endfacet
  facet normal -0.8340085698358818 0.4249488890722018 -0.3519206545751593
    outer loop
      vertex -93.50051879882812 91.15706634521484 210.5
      vertex -94.09324645996094 90.99243927001953 211.70590209960938
      vertex -93.4072494506836 92.33878326416016 211.70590209960938
    endloop
  endfacet
  facet normal 0.15587676178304666 -0.7836593971452438 -0.6013155447865826
    outer loop
      vertex 91.15706634521484 -93.50051879882812 210.5
      vertex 89.5 -93.83012390136719 210.5
      vertex 89.5 -93.03553771972656 209.46446228027344
    endloop
  endfacet
  facet normal -0.38039222828816 0.9183264185932537 -0.10944561010683099
    outer loop
      vertex -91.39777374267578 94.05294036865234 212.77647399902344
      vertex -92 93.83012390136719 213
      vertex -91.4251937866211 94.06822204589844 213
    endloop
  endfacet
  facet normal -0.38039033068099165 0.918328002023239 -0.10943891914858968
    outer loop
      vertex -91.31522369384766 94.021240234375 212.22354125976562
      vertex -92 93.83012390136719 213
      vertex -91.39777374267578 94.05294036865234 212.77647399902344
    endloop
  endfacet
  facet normal -0.3804120479282914 0.9183163823710686 -0.10946093211697253
    outer loop
      vertex -92 93.83012390136719 213
      vertex -91.31522369384766 94.021240234375 212.22354125976562
      vertex -91.21971893310547 94.03389739990234 211.99781799316406
    endloop
  endfacet
  facet normal -0.2118178586067524 0.51137543035663 -0.8328435411305183
    outer loop
      vertex -89.5 92 208.6698760986328
      vertex -91.26776885986328 91.26776885986328 208.6698760986328
      vertex -91.26776885986328 92.56185913085938 209.46446228027344
    endloop
  endfacet
  facet normal -0.13052104055558153 0 -0.9914455395896883
    outer loop
      vertex -90.79409790039062 -89.5 208.1703643798828
      vertex -89.5 -88.43022918701172 208
      vertex -89.5 -89.5 208
    endloop
  endfacet
  facet normal -0.1305177639045922 -0.000004032446474972771 -0.991445970937945
    outer loop
      vertex -89.5 -88.43022918701172 208
      vertex -90.79409790039062 -89.5 208.1703643798828
      vertex -89.83012390136719 -88 208.04345703125
    endloop
  endfacet
  facet normal -0.13050241538289173 0 -0.9914479913637584
    outer loop
      vertex -90.5 -85.5 208.13165283203125
      vertex -90.79409790039062 -89.5 208.1703643798828
      vertex -90.5 85.5 208.13165283203125
    endloop
  endfacet
  facet normal -0.13051957824477425 0.0000012837553403614036 -0.9914457320969001
    outer loop
      vertex -90.32962799072266 -86.79409790039062 208.10922241210938
      vertex -90.79409790039062 -89.5 208.1703643798828
      vertex -90.5 -85.5 208.13165283203125
    endloop
  endfacet
  facet normal -0.1305281974769335 0.0000027888923417381034 -0.9914445973707481
    outer loop
      vertex -89.83012390136719 -88 208.04345703125
      vertex -90.79409790039062 -89.5 208.1703643798828
      vertex -90.32962799072266 -86.79409790039062 208.10922241210938
    endloop
  endfacet
  facet normal -0.1305177639045922 0.000004032446474972771 -0.991445970937945
    outer loop
      vertex -90.79409790039062 89.5 208.1703643798828
      vertex -89.5 88.43022918701172 208
      vertex -89.83012390136719 88 208.04345703125
    endloop
  endfacet
  facet normal -0.1305281974769335 -0.0000027888923417381034 -0.9914445973707481
    outer loop
      vertex -90.79409790039062 89.5 208.1703643798828
      vertex -89.83012390136719 88 208.04345703125
      vertex -90.32962799072266 86.79409790039062 208.10922241210938
    endloop
  endfacet
  facet normal -0.13052104055558153 0 -0.9914455395896883
    outer loop
      vertex -89.5 88.43022918701172 208
      vertex -90.79409790039062 89.5 208.1703643798828
      vertex -89.5 89.5 208
    endloop
  endfacet
  facet normal -0.13051957824477425 -0.0000012837553403614036 -0.9914457320969001
    outer loop
      vertex -90.5 85.5 208.13165283203125
      vertex -90.79409790039062 89.5 208.1703643798828
      vertex -90.32962799072266 86.79409790039062 208.10922241210938
    endloop
  endfacet
  facet normal -0.13050241538289173 0 -0.9914479913637585
    outer loop
      vertex -90.79409790039062 89.5 208.1703643798828
      vertex -90.5 85.5 208.13165283203125
      vertex -90.79409790039062 -89.5 208.1703643798828
    endloop
  endfacet
  facet normal 0 0.7933574374801147 -0.6087560894110102
    outer loop
      vertex -85.5 93.44646453857422 210
      vertex -85.5 93.03553771972656 209.46446228027344
      vertex -88.5 93.44646453857422 210
    endloop
  endfacet
  facet normal 0 0.7933574374801147 -0.6087560894110103
    outer loop
      vertex -89.5 93.03553771972656 209.46446228027344
      vertex -88.5 93.44646453857422 210
      vertex -85.5 93.03553771972656 209.46446228027344
    endloop
  endfacet
  facet normal 0.0000060489396103356175 0.7933519823502845 -0.608763198677683
    outer loop
      vertex -88.5 93.44646453857422 210
      vertex -89.5 93.03553771972656 209.46446228027344
      vertex -89.02995300292969 93.5 210.06976318359375
    endloop
  endfacet
  facet normal -0.000021746345363474738 0.793358227620553 -0.6087550592757905
    outer loop
      vertex -89.28497314453125 93.53179931640625 210.1112060546875
      vertex -89.5 93.03553771972656 209.46446228027344
      vertex -89.5 93.6104965209961 210.21377563476562
    endloop
  endfacet
  facet normal 0.000015478958871891972 0.7933522503245973 -0.6087628492814746
    outer loop
      vertex -89.25155639648438 93.52490234375 210.1022186279297
      vertex -89.5 93.03553771972656 209.46446228027344
      vertex -89.28497314453125 93.53179931640625 210.1112060546875
    endloop
  endfacet
  facet normal -0.000004877834192399179 0.7933560803893077 -0.6087578580072056
    outer loop
      vertex -89.02995300292969 93.5 210.06976318359375
      vertex -89.5 93.03553771972656 209.46446228027344
      vertex -89.25155639648438 93.52490234375 210.1022186279297
    endloop
  endfacet
  facet normal 0 0.7933574374801147 -0.6087560894110103
    outer loop
      vertex 89.5 93.03553771972656 209.46446228027344
      vertex 85.5 93.44646453857422 210
      vertex 89.5 93.44646453857422 210
    endloop
  endfacet
  facet normal 0 0.7933574374801147 -0.6087560894110103
    outer loop
      vertex 85.5 93.44646453857422 210
      vertex 89.5 93.03553771972656 209.46446228027344
      vertex 85.5 93.03553771972656 209.46446228027344
    endloop
  endfacet
  facet normal 1 0 0
    outer loop
      vertex 94.5 -72.87612915039062 232
      vertex 94.5 11.5 213
      vertex 94.5 11.5 232
    endloop
  endfacet
  facet normal 1 0 0
    outer loop
      vertex 94.5 -89.5 213
      vertex 94.5 -72.87612915039062 232
      vertex 94.5 -89.5 227.545654296875
    endloop
  endfacet
  facet normal 1 0 0
    outer loop
      vertex 94.5 -72.87612915039062 232
      vertex 94.5 -89.5 213
      vertex 94.5 11.5 213
    endloop
  endfacet
  facet normal 1 0 0
    outer loop
      vertex 94.5 89.5 232
      vertex 94.5 16.5 215.78558349609375
      vertex 94.5 89.5 215.78558349609375
    endloop
  endfacet
  facet normal 1 0 0
    outer loop
      vertex 94.5 14.285588264465332 232
      vertex 94.5 16.5 215.78558349609375
      vertex 94.5 89.5 232
    endloop
  endfacet
  facet normal 1 0 0
    outer loop
      vertex 94.5 14.285588264465332 218
      vertex 94.5 16.5 215.78558349609375
      vertex 94.5 14.285588264465332 232
    endloop
  endfacet
  facet normal 1 0 0
    outer loop
      vertex 94.5 16.5 215.78558349609375
      vertex 94.5 14.285588264465332 218
      vertex 94.5 16.04722785949707 215.87867736816406
    endloop
  endfacet
  facet normal 1 0 0
    outer loop
      vertex 94.5 14.313955307006836 217.77467346191406
      vertex 94.5 16.04722785949707 215.87867736816406
      vertex 94.5 14.285588264465332 218
    endloop
  endfacet
  facet normal 1 0 0
    outer loop
      vertex 94.5 14.45237922668457 217.22354125976562
      vertex 94.5 16.04722785949707 215.87867736816406
      vertex 94.5 14.313955307006836 217.77467346191406
    endloop
  endfacet
  facet normal 1 0 0
    outer loop
      vertex 94.5 16.04722785949707 215.87867736816406
      vertex 94.5 14.906654357910156 216.5
      vertex 94.5 15.458550453186035 216.05838012695312
    endloop
  endfacet
  facet normal 1 0 0
    outer loop
      vertex 94.5 16.04722785949707 215.87867736816406
      vertex 94.5 14.45237922668457 217.22354125976562
      vertex 94.5 14.906654357910156 216.5
    endloop
  endfacet
  facet normal 1 0 0
    outer loop
      vertex 94.5 14.906654357910156 216.5
      vertex 94.5 14.45237922668457 217.22354125976562
      vertex 94.5 14.705863952636719 216.7323455810547
    endloop
  endfacet
  facet normal 0.6008160432561518 -0.16099033193759926 -0.7830084260010511
    outer loop
      vertex 92.56185913085938 -91.26776885986328 209.46446228027344
      vertex 92 -89.5 208.6698760986328
      vertex 93.03553771972656 -89.5 209.46446228027344
    endloop
  endfacet
  facet normal -0.15656024442754343 0.3779712574637557 -0.9124837633602337
    outer loop
      vertex -89.5 90.79409790039062 208.1703643798828
      vertex -91.26776885986328 91.26776885986328 208.6698760986328
      vertex -89.5 92 208.6698760986328
    endloop
  endfacet
  facet normal -0.12942328523107402 0.12942328523107402 -0.9831069252527888
    outer loop
      vertex -89.5 89.5 208
      vertex -90.79409790039062 89.5 208.1703643798828
      vertex -89.5 90.79409790039062 208.1703643798828
    endloop
  endfacet
  facet normal -0.463616799939609 0.463616799939609 -0.7550621998401942
    outer loop
      vertex -91.26776885986328 91.26776885986328 208.6698760986328
      vertex -92.56185913085938 91.26776885986328 209.46446228027344
      vertex -91.26776885986328 92.56185913085938 209.46446228027344
    endloop
  endfacet
  facet normal -0.9914447831916002 0.13052678607152238 0
    outer loop
      vertex -94.5 89.5 213
      vertex -94.32962799072266 90.79409790039062 232
      vertex -94.32962799072266 90.79409790039062 213
    endloop
  endfacet
  facet normal -0.9914447831916002 0.13052678607152238 0
    outer loop
      vertex -94.32962799072266 90.79409790039062 232
      vertex -94.5 89.5 213
      vertex -94.5 89.5 232
    endloop
  endfacet
  facet normal 0.13052678607152238 -0.9914447831916002 0
    outer loop
      vertex 89.5 -94.5 213
      vertex 90.79409790039062 -94.32962799072266 232
      vertex 89.5 -94.5 232
    endloop
  endfacet
  facet normal 0.13052678607152238 -0.9914447831916002 0
    outer loop
      vertex 90.79409790039062 -94.32962799072266 232
      vertex 89.5 -94.5 213
      vertex 90.79409790039062 -94.32962799072266 213
    endloop
  endfacet
  facet normal 0.9238786969342465 -0.3826854496202838 0
    outer loop
      vertex 93.83012390136719 -92 213
      vertex 94.32962799072266 -90.79409790039062 228.26239013671875
      vertex 93.83012390136719 -92 230.68296813964844
    endloop
  endfacet
  facet normal 0.9238786969342464 -0.3826854496202837 0
    outer loop
      vertex 94.32962799072266 -90.79409790039062 228.26239013671875
      vertex 93.83012390136719 -92 213
      vertex 94.32962799072266 -90.79409790039062 213
    endloop
  endfacet
  facet normal 0.5298725334329979 0.5298725334329979 -0.6621708213343388
    outer loop
      vertex 92.56185913085938 91.26776885986328 209.46446228027344
      vertex 91.93701934814453 92.56185913085938 210
      vertex 92.56185913085938 91.93701934814453 210
    endloop
  endfacet
  facet normal 0.529872533432998 0.529872533432998 -0.6621708213343389
    outer loop
      vertex 91.93701934814453 92.56185913085938 210
      vertex 92.56185913085938 91.26776885986328 209.46446228027344
      vertex 91.26776885986328 92.56185913085938 209.46446228027344
    endloop
  endfacet
  facet normal -0.16099033193759926 0.6008160432561518 -0.7830084260010511
    outer loop
      vertex -89.5 92 208.6698760986328
      vertex -91.26776885986328 92.56185913085938 209.46446228027344
      vertex -89.5 93.03553771972656 209.46446228027344
    endloop
  endfacet
  facet normal 0.7836593971452438 -0.15587676178304666 -0.6013155447865826
    outer loop
      vertex 93.50051879882812 -91.15706634521484 210.5
      vertex 93.03553771972656 -89.5 209.46446228027344
      vertex 93.83012390136719 -89.5 210.5
    endloop
  endfacet
  facet normal 0.7367426048007583 -0.1974122326305426 -0.6467138043054426
    outer loop
      vertex 93.50051879882812 -91.15706634521484 210.5
      vertex 92.56185913085938 -91.26776885986328 209.46446228027344
      vertex 93.03553771972656 -89.5 209.46446228027344
    endloop
  endfacet
  facet normal 0 -1 0
    outer loop
      vertex -86.5 94.5 218
      vertex -85.5 94.5 227
      vertex -86.5 94.5 227
    endloop
  endfacet
  facet normal 0 -1 0
    outer loop
      vertex -85.5 94.5 227
      vertex -86.5 94.5 218
      vertex 85.5 94.5 227
    endloop
  endfacet
  facet normal 0 -1 0
    outer loop
      vertex 92.5 94.5 218
      vertex 85.5 94.5 227
      vertex -86.5 94.5 218
    endloop
  endfacet
  facet normal 0 -1 0
    outer loop
      vertex -85.5 94.5 227
      vertex 85.5 94.5 232
      vertex -85.5 94.5 232
    endloop
  endfacet
  facet normal 0 -1 0
    outer loop
      vertex 85.5 94.5 232
      vertex -85.5 94.5 227
      vertex 85.5 94.5 227
    endloop
  endfacet
  facet normal 0 -1 0
    outer loop
      vertex -85.5 94.5 232
      vertex -86.5 94.5 299.80517578125
      vertex -86.5 94.5 232
    endloop
  endfacet
  facet normal 0 -1 0
    outer loop
      vertex 85.5 94.5 232
      vertex -86.5 94.5 299.80517578125
      vertex -85.5 94.5 232
    endloop
  endfacet
  facet normal 0 -1 0
    outer loop
      vertex -86.5 94.5 299.80517578125
      vertex 85.5 94.5 232
      vertex 92.5 94.5 299.80517578125
    endloop
  endfacet
  facet normal 0 -1 0
    outer loop
      vertex 89.5 94.5 232
      vertex 92.5 94.5 299.80517578125
      vertex 85.5 94.5 232
    endloop
  endfacet
  facet normal 0 -1 0
    outer loop
      vertex 92.5 94.5 218
      vertex 89.5 94.5 232
      vertex 89.5 94.5 227
    endloop
  endfacet
  facet normal 0 -1 0
    outer loop
      vertex 89.5 94.5 232
      vertex 92.5 94.5 218
      vertex 92.5 94.5 299.80517578125
    endloop
  endfacet
  facet normal 0 -1 0
    outer loop
      vertex 85.5 94.5 227
      vertex 92.5 94.5 218
      vertex 89.5 94.5 227
    endloop
  endfacet
  facet normal 0.3803866974984987 -0.918329052658623 -0.10944273118531803
    outer loop
      vertex 92 -93.83012390136719 213
      vertex 90.79409790039062 -94.32962799072266 213
      vertex 90.99243927001953 -94.09324645996094 211.70590209960938
    endloop
  endfacet
  facet normal 0.7367436742932888 0.19740755583623013 -0.6467140135234353
    outer loop
      vertex 93.2760009765625 90.35696411132812 210
      vertex 92.56185913085938 91.26776885986328 209.46446228027344
      vertex 93.04729461669922 91.21051788330078 210
    endloop
  endfacet
  facet normal 0.7367469743983162 0.19741340347637668 -0.6467084689740813
    outer loop
      vertex 92.56185913085938 91.26776885986328 209.46446228027344
      vertex 93.2760009765625 90.35696411132812 210
      vertex 93.03553771972656 89.5 209.46446228027344
    endloop
  endfacet
  facet normal 0.000003582458991220021 0.1305024153820543 -0.9914479913573963
    outer loop
      vertex -86.79409790039062 90.32962799072266 208.10922241210938
      vertex -85.5 90.79409790039062 208.1703643798828
      vertex -85.5 90.5 208.13165283203125
    endloop
  endfacet
  facet normal 0 0.13052104055558153 -0.9914455395896883
    outer loop
      vertex -89.5 90.79409790039062 208.1703643798828
      vertex -88.43022918701172 89.5 208
      vertex -89.5 89.5 208
    endloop
  endfacet
  facet normal -0.000004032446474972771 0.1305177639045922 -0.991445970937945
    outer loop
      vertex -88.43022918701172 89.5 208
      vertex -89.5 90.79409790039062 208.1703643798828
      vertex -88 89.83012390136719 208.04345703125
    endloop
  endfacet
  facet normal 0.0000027888923417381034 0.1305281974769335 -0.9914445973707481
    outer loop
      vertex -88 89.83012390136719 208.04345703125
      vertex -89.5 90.79409790039062 208.1703643798828
      vertex -86.79409790039062 90.32962799072266 208.10922241210938
    endloop
  endfacet
  facet normal 0 0.13051222675624705 -0.991446699861937
    outer loop
      vertex -86.79409790039062 90.32962799072266 208.10922241210938
      vertex -89.5 90.79409790039062 208.1703643798828
      vertex -85.5 90.79409790039062 208.1703643798828
    endloop
  endfacet
  facet normal 0 0.13052104055558153 -0.9914455395896883
    outer loop
      vertex 88.43022918701172 89.5 208
      vertex 89.5 90.79409790039062 208.1703643798828
      vertex 89.5 89.5 208
    endloop
  endfacet
  facet normal 0.000004032446474972771 0.1305177639045922 -0.991445970937945
    outer loop
      vertex 88 89.83012390136719 208.04345703125
      vertex 89.5 90.79409790039062 208.1703643798828
      vertex 88.43022918701172 89.5 208
    endloop
  endfacet
  facet normal -0.0000027888923417381034 0.1305281974769335 -0.9914445973707481
    outer loop
      vertex 86.79409790039062 90.32962799072266 208.10922241210938
      vertex 89.5 90.79409790039062 208.1703643798828
      vertex 88 89.83012390136719 208.04345703125
    endloop
  endfacet
  facet normal -0.000003582458991220021 0.1305024153820543 -0.9914479913573963
    outer loop
      vertex 85.5 90.79409790039062 208.1703643798828
      vertex 86.79409790039062 90.32962799072266 208.10922241210938
      vertex 85.5 90.5 208.13165283203125
    endloop
  endfacet
  facet normal 0 0.13051222675624705 -0.991446699861937
    outer loop
      vertex 86.79409790039062 90.32962799072266 208.10922241210938
      vertex 85.5 90.79409790039062 208.1703643798828
      vertex 89.5 90.79409790039062 208.1703643798828
    endloop
  endfacet
  facet normal 0 -0.13052104055558153 -0.9914455395896883
    outer loop
      vertex 89.5 -90.79409790039062 208.1703643798828
      vertex 88.43022918701172 -89.5 208
      vertex 89.5 -89.5 208
    endloop
  endfacet
  facet normal 0.000004032446474972771 -0.1305177639045922 -0.991445970937945
    outer loop
      vertex 89.5 -90.79409790039062 208.1703643798828
      vertex 88 -89.83012390136719 208.04345703125
      vertex 88.43022918701172 -89.5 208
    endloop
  endfacet
  facet normal -0.0000027888923417381034 -0.1305281974769335 -0.9914445973707481
    outer loop
      vertex 89.5 -90.79409790039062 208.1703643798828
      vertex 86.79409790039062 -90.32962799072266 208.10922241210938
      vertex 88 -89.83012390136719 208.04345703125
    endloop
  endfacet
  facet normal -0.0000012837553403614036 -0.13051957824477425 -0.9914457320969001
    outer loop
      vertex 89.5 -90.79409790039062 208.1703643798828
      vertex 85.5 -90.5 208.13165283203125
      vertex 86.79409790039062 -90.32962799072266 208.10922241210938
    endloop
  endfacet
  facet normal 0 -0.13050241538289173 -0.9914479913637584
    outer loop
      vertex 89.5 -90.79409790039062 208.1703643798828
      vertex -85.5 -90.5 208.13165283203125
      vertex 85.5 -90.5 208.13165283203125
    endloop
  endfacet
  facet normal 0 -0.13050241538289173 -0.9914479913637585
    outer loop
      vertex -89.5 -90.79409790039062 208.1703643798828
      vertex -85.5 -90.5 208.13165283203125
      vertex 89.5 -90.79409790039062 208.1703643798828
    endloop
  endfacet
  facet normal 0.0000012837553403614036 -0.13051957824477425 -0.9914457320969001
    outer loop
      vertex -89.5 -90.79409790039062 208.1703643798828
      vertex -86.79409790039062 -90.32962799072266 208.10922241210938
      vertex -85.5 -90.5 208.13165283203125
    endloop
  endfacet
  facet normal 0.0000027888923417381034 -0.1305281974769335 -0.9914445973707481
    outer loop
      vertex -89.5 -90.79409790039062 208.1703643798828
      vertex -88 -89.83012390136719 208.04345703125
      vertex -86.79409790039062 -90.32962799072266 208.10922241210938
    endloop
  endfacet
  facet normal -0.000004032446474972771 -0.1305177639045922 -0.991445970937945
    outer loop
      vertex -89.5 -90.79409790039062 208.1703643798828
      vertex -88.43022918701172 -89.5 208
      vertex -88 -89.83012390136719 208.04345703125
    endloop
  endfacet
  facet normal 0 -0.13052104055558153 -0.9914455395896883
    outer loop
      vertex -88.43022918701172 -89.5 208
      vertex -89.5 -90.79409790039062 208.1703643798828
      vertex -89.5 -89.5 208
    endloop
  endfacet
  facet normal 0 -0.9238786969342464 -0.3826854496202837
    outer loop
      vertex -89.5 -93.83012390136719 210.5
      vertex 89.5 -94.32962799072266 211.70590209960938
      vertex -89.5 -94.32962799072266 211.70590209960938
    endloop
  endfacet
  facet normal 0 -0.9238786969342464 -0.3826854496202837
    outer loop
      vertex 89.5 -94.32962799072266 211.70590209960938
      vertex -89.5 -93.83012390136719 210.5
      vertex 89.5 -93.83012390136719 210.5
    endloop
  endfacet
  facet normal -0.38273458345688116 0.9238583433763466 0
    outer loop
      vertex -91.4251937866211 94.06822204589844 215
      vertex -91.4251937866211 94.06822204589844 213
      vertex -91.5 94.0372314453125 215
    endloop
  endfacet
  facet normal -0.3827345834568812 0.9238583433763466 0
    outer loop
      vertex -91.5 94.0372314453125 227
      vertex -91.4251937866211 94.06822204589844 232
      vertex -91.4251937866211 94.06822204589844 227
    endloop
  endfacet
  facet normal -0.38269113587405046 0.9238763415754562 -7.61584830380469e-7
    outer loop
      vertex -91.4251937866211 94.06822204589844 232
      vertex -91.5 94.0372314453125 227
      vertex -92 93.83012390136719 232
    endloop
  endfacet
  facet normal -0.38268463535750447 0.9238790342145956 0
    outer loop
      vertex -92 93.83012390136719 213
      vertex -91.5 94.0372314453125 227
      vertex -91.5 94.0372314453125 215
    endloop
  endfacet
  facet normal -0.3826846353575044 0.9238790342145955 0
    outer loop
      vertex -91.5 94.0372314453125 227
      vertex -92 93.83012390136719 213
      vertex -92 93.83012390136719 232
    endloop
  endfacet
  facet normal -0.3826911358734678 0.9238763415740496 0.0000019039620759482736
    outer loop
      vertex -92 93.83012390136719 213
      vertex -91.5 94.0372314453125 215
      vertex -91.4251937866211 94.06822204589844 213
    endloop
  endfacet
  facet normal 0 0.3826904387112743 -0.9238766303565495
    outer loop
      vertex 85.5 90.79409790039062 208.1703643798828
      vertex 89.5 92 208.6698760986328
      vertex 89.5 90.79409790039062 208.1703643798828
    endloop
  endfacet
  facet normal 0 0.3826904387112743 -0.9238766303565495
    outer loop
      vertex 89.5 92 208.6698760986328
      vertex 85.5 90.79409790039062 208.1703643798828
      vertex 85.5 92 208.6698760986328
    endloop
  endfacet
  facet normal 0 0.3826904387112743 -0.9238766303565495
    outer loop
      vertex -89.5 90.79409790039062 208.1703643798828
      vertex -85.5 92 208.6698760986328
      vertex -85.5 90.79409790039062 208.1703643798828
    endloop
  endfacet
  facet normal 0 0.3826904387112743 -0.9238766303565495
    outer loop
      vertex -85.5 92 208.6698760986328
      vertex -89.5 90.79409790039062 208.1703643798828
      vertex -89.5 92 208.6698760986328
    endloop
  endfacet
  facet normal -0.21254708681282264 0.21254708681282264 -0.953754408521798
    outer loop
      vertex -90.79409790039062 89.5 208.1703643798828
      vertex -91.26776885986328 91.26776885986328 208.6698760986328
      vertex -89.5 90.79409790039062 208.1703643798828
    endloop
  endfacet
  facet normal -0.8925718555606227 0.17754040978811678 -0.4144814658743312
    outer loop
      vertex -93.83012390136719 89.5 210.5
      vertex -94.09324645996094 90.99243927001953 211.70590209960938
      vertex -93.50051879882812 91.15706634521484 210.5
    endloop
  endfacet
  facet normal 0.21254708681282264 0.21254708681282264 -0.953754408521798
    outer loop
      vertex 90.79409790039062 89.5 208.1703643798828
      vertex 89.5 90.79409790039062 208.1703643798828
      vertex 91.26776885986328 91.26776885986328 208.6698760986328
    endloop
  endfacet
  facet normal 0.13052678607152238 0.9914447831916002 0
    outer loop
      vertex 90.79409790039062 94.32962799072266 227
      vertex 89.5 94.5 232
      vertex 90.79409790039062 94.32962799072266 232
    endloop
  endfacet
  facet normal 0.13052678607152238 0.9914447831916002 0
    outer loop
      vertex 89.5 94.5 232
      vertex 90.79409790039062 94.32962799072266 227
      vertex 89.5 94.5 227
    endloop
  endfacet
  facet normal 0.6087566754816575 0.7933569877782133 0
    outer loop
      vertex 93.03553771972656 93.03553771972656 232
      vertex 92 93.83012390136719 216.1508026123047
      vertex 92 93.83012390136719 232
    endloop
  endfacet
  facet normal 0.6087566754816573 0.7933569877782132 0
    outer loop
      vertex 93.03553771972656 93.03553771972656 215.55995178222656
      vertex 92 93.83012390136719 216.1508026123047
      vertex 93.03553771972656 93.03553771972656 232
    endloop
  endfacet
  facet normal 0.608721003306622 0.7933843521704567 -0.00009931990910734433
    outer loop
      vertex 92.91142272949219 93.13076782226562 215.58685302734375
      vertex 92 93.83012390136719 216.1508026123047
      vertex 93.03553771972656 93.03553771972656 215.55995178222656
    endloop
  endfacet
  facet normal 0.6088012655288165 0.7933227664079517 0.00008596130506353253
    outer loop
      vertex 92 93.83012390136719 216.1508026123047
      vertex 92.5 93.44646453857422 215.7445068359375
      vertex 92.27212524414062 93.62132263183594 215.87867736816406
    endloop
  endfacet
  facet normal 0.6087672983423322 0.7933488363179572 0.00001954279945121545
    outer loop
      vertex 92 93.83012390136719 216.1508026123047
      vertex 92.91142272949219 93.13076782226562 215.58685302734375
      vertex 92.5 93.44646453857422 215.7445068359375
    endloop
  endfacet
  facet normal 0.9758200269734225 -0.15455625991461658 -0.15455625991461658
    outer loop
      vertex 94.32962799072266 -90.79409790039062 213
      vertex 94.09324645996094 -90.99243927001953 211.70590209960938
      vertex 94.32962799072266 -89.5 211.70590209960938
    endloop
  endfacet
  facet normal -0.6087566754816575 0.7933569877782133 0
    outer loop
      vertex -92 93.83012390136719 213
      vertex -93.03553771972656 93.03553771972656 232
      vertex -92 93.83012390136719 232
    endloop
  endfacet
  facet normal -0.6087566754816575 0.7933569877782133 0
    outer loop
      vertex -93.03553771972656 93.03553771972656 232
      vertex -92 93.83012390136719 213
      vertex -93.03553771972656 93.03553771972656 213
    endloop
  endfacet
  facet normal 0.2118178586067524 -0.51137543035663 -0.8328435411305183
    outer loop
      vertex 91.26776885986328 -92.56185913085938 209.46446228027344
      vertex 89.5 -92 208.6698760986328
      vertex 91.26776885986328 -91.26776885986328 208.6698760986328
    endloop
  endfacet
  facet normal 0.15656024442754343 -0.3779712574637557 -0.9124837633602337
    outer loop
      vertex 91.26776885986328 -91.26776885986328 208.6698760986328
      vertex 89.5 -92 208.6698760986328
      vertex 89.5 -90.79409790039062 208.1703643798828
    endloop
  endfacet
  facet normal -0.9914447831916001 0 -0.13052678607152235
    outer loop
      vertex -94.32962799072266 -89.5 211.70590209960938
      vertex -94.5 89.5 213
      vertex -94.32962799072266 89.5 211.70590209960938
    endloop
  endfacet
  facet normal -0.9914447831916001 0 -0.13052678607152235
    outer loop
      vertex -94.5 89.5 213
      vertex -94.32962799072266 -89.5 211.70590209960938
      vertex -94.5 -89.5 213
    endloop
  endfacet
  facet normal 0.6829924963486003 -0.4563644662750625 -0.570309322958151
    outer loop
      vertex 93.50051879882812 -91.15706634521484 210.5
      vertex 92.56185913085938 -92.56185913085938 210.5
      vertex 92.56185913085938 -91.26776885986328 209.46446228027344
    endloop
  endfacet
  facet normal 0.1974122326305426 -0.7367426048007583 -0.6467138043054426
    outer loop
      vertex 91.15706634521484 -93.50051879882812 210.5
      vertex 89.5 -93.03553771972656 209.46446228027344
      vertex 91.26776885986328 -92.56185913085938 209.46446228027344
    endloop
  endfacet
  facet normal 0.12942328523107402 -0.12942328523107402 -0.9831069252527888
    outer loop
      vertex 90.79409790039062 -89.5 208.1703643798828
      vertex 89.5 -90.79409790039062 208.1703643798828
      vertex 89.5 -89.5 208
    endloop
  endfacet
  facet normal 0.13050241538289173 0 -0.9914479913637585
    outer loop
      vertex 90.79409790039062 -89.5 208.1703643798828
      vertex 90.5 -85.5 208.13165283203125
      vertex 90.79409790039062 89.5 208.1703643798828
    endloop
  endfacet
  facet normal 0.13051957824477425 0.0000012837553403614036 -0.9914457320969001
    outer loop
      vertex 90.79409790039062 -89.5 208.1703643798828
      vertex 90.32962799072266 -86.79409790039062 208.10922241210938
      vertex 90.5 -85.5 208.13165283203125
    endloop
  endfacet
  facet normal 0.1305281974769335 0.0000027888923417381034 -0.9914445973707481
    outer loop
      vertex 90.79409790039062 -89.5 208.1703643798828
      vertex 89.83012390136719 -88 208.04345703125
      vertex 90.32962799072266 -86.79409790039062 208.10922241210938
    endloop
  endfacet
  facet normal 0.13052104055558153 0 -0.9914455395896883
    outer loop
      vertex 89.5 -88.43022918701172 208
      vertex 90.79409790039062 -89.5 208.1703643798828
      vertex 89.5 -89.5 208
    endloop
  endfacet
  facet normal 0.1305177639045922 -0.000004032446474972771 -0.991445970937945
    outer loop
      vertex 90.79409790039062 -89.5 208.1703643798828
      vertex 89.5 -88.43022918701172 208
      vertex 89.83012390136719 -88 208.04345703125
    endloop
  endfacet
  facet normal 0.13050241538289173 0 -0.9914479913637584
    outer loop
      vertex 90.5 85.5 208.13165283203125
      vertex 90.79409790039062 89.5 208.1703643798828
      vertex 90.5 -85.5 208.13165283203125
    endloop
  endfacet
  facet normal 0.13051957824477425 -0.0000012837553403614036 -0.9914457320969001
    outer loop
      vertex 90.32962799072266 86.79409790039062 208.10922241210938
      vertex 90.79409790039062 89.5 208.1703643798828
      vertex 90.5 85.5 208.13165283203125
    endloop
  endfacet
  facet normal 0.1305281974769335 -0.0000027888923417381034 -0.9914445973707481
    outer loop
      vertex 89.83012390136719 88 208.04345703125
      vertex 90.79409790039062 89.5 208.1703643798828
      vertex 90.32962799072266 86.79409790039062 208.10922241210938
    endloop
  endfacet
  facet normal 0.1305177639045922 0.000004032446474972771 -0.991445970937945
    outer loop
      vertex 89.5 88.43022918701172 208
      vertex 90.79409790039062 89.5 208.1703643798828
      vertex 89.83012390136719 88 208.04345703125
    endloop
  endfacet
  facet normal 0.13052104055558153 0 -0.9914455395896883
    outer loop
      vertex 90.79409790039062 89.5 208.1703643798828
      vertex 89.5 88.43022918701172 208
      vertex 89.5 89.5 208
    endloop
  endfacet
  facet normal -1 0 0
    outer loop
      vertex -94.5 89.5 213
      vertex -94.5 -72.87612915039062 232
      vertex -94.5 89.5 232
    endloop
  endfacet
  facet normal -1 0 0
    outer loop
      vertex -94.5 -89.5 213
      vertex -94.5 -72.87612915039062 232
      vertex -94.5 89.5 213
    endloop
  endfacet
  facet normal -1 0 0
    outer loop
      vertex -94.5 -72.87612915039062 232
      vertex -94.5 -89.5 213
      vertex -94.5 -89.5 227.545654296875
    endloop
  endfacet
  facet normal -0.7836593971452438 0.15587676178304666 -0.6013155447865826
    outer loop
      vertex -93.03553771972656 89.5 209.46446228027344
      vertex -93.83012390136719 89.5 210.5
      vertex -93.50051879882812 91.15706634521484 210.5
    endloop
  endfacet
  facet normal -0.8340085698358818 -0.4249488890722018 -0.3519206545751593
    outer loop
      vertex -93.4072494506836 -92.33878326416016 211.70590209960938
      vertex -94.09324645996094 -90.99243927001953 211.70590209960938
      vertex -93.50051879882812 -91.15706634521484 210.5
    endloop
  endfacet
  facet normal -0.1557484934632111 0.7830002923692845 -0.6022067327202139
    outer loop
      vertex -90.06876373291016 93.71636199951172 210.49917602539062
      vertex -91.15706634521484 93.50051879882812 210.5
      vertex -90.0697250366211 93.71680450439453 210.5
    endloop
  endfacet
  facet normal -0.155884162012298 0.7836878977209261 -0.6012764813290795
    outer loop
      vertex -89.92984771728516 93.66937255859375 210.40191650390625
      vertex -91.15706634521484 93.50051879882812 210.5
      vertex -90.06876373291016 93.71636199951172 210.49917602539062
    endloop
  endfacet
  facet normal -0.15585321486928522 0.7836635697794607 -0.6013162103381385
    outer loop
      vertex -89.5 93.03553771972656 209.46446228027344
      vertex -89.92984771728516 93.66937255859375 210.40191650390625
      vertex -89.5 93.6104965209961 210.21377563476562
    endloop
  endfacet
  facet normal -0.15588301148009157 0.7836527651850602 -0.6013225676371264
    outer loop
      vertex -89.92984771728516 93.66937255859375 210.40191650390625
      vertex -89.5 93.03553771972656 209.46446228027344
      vertex -91.15706634521484 93.50051879882812 210.5
    endloop
  endfacet
  facet normal -0.7933569877782133 0.6087566754816575 0
    outer loop
      vertex -93.83012390136719 92 213
      vertex -93.03553771972656 93.03553771972656 232
      vertex -93.03553771972656 93.03553771972656 213
    endloop
  endfacet
  facet normal -0.7933569877782133 0.6087566754816575 0
    outer loop
      vertex -93.03553771972656 93.03553771972656 232
      vertex -93.83012390136719 92 213
      vertex -93.83012390136719 92 232
    endloop
  endfacet
  facet normal -0.4563644662750625 0.6829924963486003 -0.570309322958151
    outer loop
      vertex -91.26776885986328 92.56185913085938 209.46446228027344
      vertex -92.56185913085938 92.56185913085938 210.5
      vertex -91.15706634521484 93.50051879882812 210.5
    endloop
  endfacet
  facet normal -0.1974122326305426 0.7367426048007583 -0.6467138043054426
    outer loop
      vertex -89.5 93.03553771972656 209.46446228027344
      vertex -91.26776885986328 92.56185913085938 209.46446228027344
      vertex -91.15706634521484 93.50051879882812 210.5
    endloop
  endfacet
  facet normal 0 0.6087566754816575 -0.7933569877782134
    outer loop
      vertex 85.5 92 208.6698760986328
      vertex 89.5 93.03553771972656 209.46446228027344
      vertex 89.5 92 208.6698760986328
    endloop
  endfacet
  facet normal 0 0.6087566754816575 -0.7933569877782134
    outer loop
      vertex 89.5 93.03553771972656 209.46446228027344
      vertex 85.5 92 208.6698760986328
      vertex 85.5 93.03553771972656 209.46446228027344
    endloop
  endfacet
  facet normal 0 0.6087566754816575 -0.7933569877782134
    outer loop
      vertex -89.5 92 208.6698760986328
      vertex -85.5 93.03553771972656 209.46446228027344
      vertex -85.5 92 208.6698760986328
    endloop
  endfacet
  facet normal 0 0.6087566754816575 -0.7933569877782134
    outer loop
      vertex -85.5 93.03553771972656 209.46446228027344
      vertex -89.5 92 208.6698760986328
      vertex -89.5 93.03553771972656 209.46446228027344
    endloop
  endfacet
  facet normal 0.9141435681796599 -0.14478757047143348 -0.37865300235537463
    outer loop
      vertex 94.09324645996094 -90.99243927001953 211.70590209960938
      vertex 93.83012390136719 -89.5 210.5
      vertex 94.32962799072266 -89.5 211.70590209960938
    endloop
  endfacet
  facet normal 0.15656024442754343 0.3779712574637557 -0.9124837633602337
    outer loop
      vertex 91.26776885986328 91.26776885986328 208.6698760986328
      vertex 89.5 90.79409790039062 208.1703643798828
      vertex 89.5 92 208.6698760986328
    endloop
  endfacet
  facet normal 0.4563640492212038 0.6829932296515616 -0.570308778495085
    outer loop
      vertex 91.26776885986328 92.56185913085938 209.46446228027344
      vertex 91.21051788330078 93.04729461669922 210
      vertex 91.93701934814453 92.56185913085938 210
    endloop
  endfacet
  facet normal -0.4249488890722018 -0.8340085698358818 -0.3519206545751593
    outer loop
      vertex -90.99243927001953 -94.09324645996094 211.70590209960938
      vertex -92.33878326416016 -93.4072494506836 211.70590209960938
      vertex -91.15706634521484 -93.50051879882812 210.5
    endloop
  endfacet
  facet normal 0.7933569877782132 0.6087566754816573 0
    outer loop
      vertex 93.83012390136719 92 232
      vertex 93.03553771972656 93.03553771972656 215.55995178222656
      vertex 93.03553771972656 93.03553771972656 232
    endloop
  endfacet
  facet normal 0.7933579742991487 0.6087553896032394 0.000015651188759075627
    outer loop
      vertex 93.74921417236328 92.1054458618164 215.40191650390625
      vertex 93.03553771972656 93.03553771972656 215.55995178222656
      vertex 93.83012390136719 92 215.42478942871094
    endloop
  endfacet
  facet normal 0.7933572862646195 0.6087562864382144 0.000007265890461456502
    outer loop
      vertex 93.03553771972656 93.03553771972656 215.55995178222656
      vertex 93.74921417236328 92.1054458618164 215.40191650390625
      vertex 93.32502746582031 92.65826416015625 215.40191650390625
    endloop
  endfacet
  facet normal 0.7933572862621786 0.6087562864363415 0.000007677664978057407
    outer loop
      vertex 93.51905822753906 92.4053955078125 215.35804748535156
      vertex 93.32502746582031 92.65826416015625 215.40191650390625
      vertex 93.74921417236328 92.1054458618164 215.40191650390625
    endloop
  endfacet
  facet normal 0.7933569877782133 0.6087566754816573 0
    outer loop
      vertex 93.03553771972656 93.03553771972656 215.55995178222656
      vertex 93.83012390136719 92 232
      vertex 93.83012390136719 92 215.42478942871094
    endloop
  endfacet
  facet normal 0.7933337199398408 0.608786936582016 -0.0002732279242274688
    outer loop
      vertex 93.32502746582031 92.65826416015625 215.40191650390625
      vertex 93.51905822753906 92.4053955078125 215.35804748535156
      vertex 93.42733001708984 92.52493286132812 215.3642578125
    endloop
  endfacet
  facet normal -0.7367426048007583 -0.1974122326305426 -0.6467138043054426
    outer loop
      vertex -92.56185913085938 -91.26776885986328 209.46446228027344
      vertex -93.50051879882812 -91.15706634521484 210.5
      vertex -93.03553771972656 -89.5 209.46446228027344
    endloop
  endfacet
  facet normal 0.14478757047143348 -0.9141435681796599 -0.37865300235537463
    outer loop
      vertex 90.99243927001953 -94.09324645996094 211.70590209960938
      vertex 89.5 -94.32962799072266 211.70590209960938
      vertex 89.5 -93.83012390136719 210.5
    endloop
  endfacet
  facet normal 0.983105450308508 -0.1294288869876152 -0.1294288869876152
    outer loop
      vertex 94.5 -89.5 213
      vertex 94.32962799072266 -90.79409790039062 213
      vertex 94.32962799072266 -89.5 211.70590209960938
    endloop
  endfacet
  facet normal 0.4473979361653866 -0.8780672746397535 -0.16980267348209896
    outer loop
      vertex 92 -93.83012390136719 213
      vertex 90.99243927001953 -94.09324645996094 211.70590209960938
      vertex 92.33878326416016 -93.4072494506836 211.70590209960938
    endloop
  endfacet
  facet normal 0 -0.7933569877782133 -0.6087566754816573
    outer loop
      vertex -89.5 -93.03553771972656 209.46446228027344
      vertex 89.5 -93.83012390136719 210.5
      vertex -89.5 -93.83012390136719 210.5
    endloop
  endfacet
  facet normal 0 -0.7933569877782133 -0.6087566754816573
    outer loop
      vertex 89.5 -93.83012390136719 210.5
      vertex -89.5 -93.03553771972656 209.46446228027344
      vertex 89.5 -93.03553771972656 209.46446228027344
    endloop
  endfacet
  facet normal 0.8780672746397535 -0.4473979361653866 -0.16980267348209896
    outer loop
      vertex 93.83012390136719 -92 213
      vertex 93.4072494506836 -92.33878326416016 211.70590209960938
      vertex 94.09324645996094 -90.99243927001953 211.70590209960938
    endloop
  endfacet
  facet normal 0.3826904387112743 0 -0.9238766303565495
    outer loop
      vertex 90.79409790039062 -89.5 208.1703643798828
      vertex 92 89.5 208.6698760986328
      vertex 92 -89.5 208.6698760986328
    endloop
  endfacet
  facet normal 0.3826904387112743 0 -0.9238766303565495
    outer loop
      vertex 92 89.5 208.6698760986328
      vertex 90.79409790039062 -89.5 208.1703643798828
      vertex 90.79409790039062 89.5 208.1703643798828
    endloop
  endfacet
  facet normal 0.6087566754816573 0 -0.7933569877782133
    outer loop
      vertex 92 -89.5 208.6698760986328
      vertex 93.03553771972656 89.5 209.46446228027344
      vertex 93.03553771972656 -89.5 209.46446228027344
    endloop
  endfacet
  facet normal 0.6087566754816573 0 -0.7933569877782133
    outer loop
      vertex 93.03553771972656 89.5 209.46446228027344
      vertex 92 -89.5 208.6698760986328
      vertex 92 89.5 208.6698760986328
    endloop
  endfacet
  facet normal -0.17747594398412125 0.8925785359246317 -0.4144946881608811
    outer loop
      vertex -90.9993667602539 93.99625396728516 211.5
      vertex -91.15706634521484 93.50051879882812 210.5
      vertex -91.01502990722656 94.01191711425781 211.54043579101562
    endloop
  endfacet
  facet normal -0.1775401626468974 0.892571977303909 -0.41448130956546575
    outer loop
      vertex -90.72501373291016 93.86954498291016 211.109619140625
      vertex -91.15706634521484 93.50051879882812 210.5
      vertex -90.9993667602539 93.99625396728516 211.5
    endloop
  endfacet
  facet normal -0.17754598909253064 0.8925725694349236 -0.41447753865498355
    outer loop
      vertex -90.54124450683594 93.79885864257812 210.87867736816406
      vertex -91.15706634521484 93.50051879882812 210.5
      vertex -90.72501373291016 93.86954498291016 211.109619140625
    endloop
  endfacet
  facet normal -0.1775435871408228 0.8925715912134491 -0.41448067412589995
    outer loop
      vertex -91.15706634521484 93.50051879882812 210.5
      vertex -90.54124450683594 93.79885864257812 210.87867736816406
      vertex -90.0697250366211 93.71680450439453 210.5
    endloop
  endfacet
  facet normal -0.6962113922009503 -0.6962113922009503 -0.17486965070940505
    outer loop
      vertex -93.03553771972656 -93.03553771972656 213
      vertex -93.4072494506836 -92.33878326416016 211.70590209960938
      vertex -92.33878326416016 -93.4072494506836 211.70590209960938
    endloop
  endfacet
  facet normal -0.5298725239493968 0.5298725239493968 -0.6621708365119924
    outer loop
      vertex -91.26776885986328 92.56185913085938 209.46446228027344
      vertex -92.56185913085938 91.26776885986328 209.46446228027344
      vertex -92.56185913085938 92.56185913085938 210.5
    endloop
  endfacet
  facet normal 0 0 -1
    outer loop
      vertex -89.5 -89.5 208
      vertex -89.03553771972656 -89.03553771972656 208
      vertex -88.43022918701172 -89.5 208
    endloop
  endfacet
  facet normal 0 0 -1
    outer loop
      vertex -89.03553771972656 -89.03553771972656 208
      vertex -89.5 -89.5 208
      vertex -89.5 -88.43022918701172 208
    endloop
  endfacet
  facet normal 0 0 -1
    outer loop
      vertex 89.5 -89.5 208
      vertex 89.03553771972656 -89.03553771972656 208
      vertex 89.5 -88.43022918701172 208
    endloop
  endfacet
  facet normal 0 0 -1
    outer loop
      vertex 89.03553771972656 -89.03553771972656 208
      vertex 89.5 -89.5 208
      vertex 88.43022918701172 -89.5 208
    endloop
  endfacet
  facet normal 0 0 -1
    outer loop
      vertex 89.03553771972656 89.03553771972656 208
      vertex 89.5 89.5 208
      vertex 89.5 88.43022918701172 208
    endloop
  endfacet
  facet normal 0 0 -1
    outer loop
      vertex 89.5 89.5 208
      vertex 89.03553771972656 89.03553771972656 208
      vertex 88.43022918701172 89.5 208
    endloop
  endfacet
  facet normal 0 0 -1
    outer loop
      vertex -89.03553771972656 89.03553771972656 208
      vertex -89.5 89.5 208
      vertex -88.43022918701172 89.5 208
    endloop
  endfacet
  facet normal 0 0 -1
    outer loop
      vertex -89.5 89.5 208
      vertex -89.03553771972656 89.03553771972656 208
      vertex -89.5 88.43022918701172 208
    endloop
  endfacet
  facet normal 0.2118178586067524 0.51137543035663 -0.8328435411305183
    outer loop
      vertex 91.26776885986328 91.26776885986328 208.6698760986328
      vertex 89.5 92 208.6698760986328
      vertex 91.26776885986328 92.56185913085938 209.46446228027344
    endloop
  endfacet
  facet normal -0.6642626914085484 0.6642626914085484 -0.3427975402556781
    outer loop
      vertex -92.56185913085938 92.56185913085938 210.5
      vertex -93.4072494506836 92.33878326416016 211.70590209960938
      vertex -92.33878326416016 93.4072494506836 211.70590209960938
    endloop
  endfacet
  facet normal 0.463616799939609 0.463616799939609 -0.7550621998401942
    outer loop
      vertex 92.56185913085938 91.26776885986328 209.46446228027344
      vertex 91.26776885986328 91.26776885986328 208.6698760986328
      vertex 91.26776885986328 92.56185913085938 209.46446228027344
    endloop
  endfacet
  facet normal 0.15588206440484412 0.7836591774698881 -0.6013144564735682
    outer loop
      vertex 90.35696411132812 93.2760009765625 210
      vertex 89.5 93.03553771972656 209.46446228027344
      vertex 89.5 93.44646453857422 210
    endloop
  endfacet
  facet normal 0.3779712574637557 0.15656024442754343 -0.9124837633602337
    outer loop
      vertex 92 89.5 208.6698760986328
      vertex 90.79409790039062 89.5 208.1703643798828
      vertex 91.26776885986328 91.26776885986328 208.6698760986328
    endloop
  endfacet
  facet normal 0.51137543035663 0.2118178586067524 -0.8328435411305183
    outer loop
      vertex 92 89.5 208.6698760986328
      vertex 91.26776885986328 91.26776885986328 208.6698760986328
      vertex 92.56185913085938 91.26776885986328 209.46446228027344
    endloop
  endfacet
  facet normal 0.9238786969342464 0 -0.3826854496202837
    outer loop
      vertex 93.83012390136719 -89.5 210.5
      vertex 94.32962799072266 11.816636085510254 211.70590209960938
      vertex 94.32962799072266 -89.5 211.70590209960938
    endloop
  endfacet
  facet normal 0.9238770669021165 5.4874214688537136e-8 -0.38268938481794773
    outer loop
      vertex 94.32962799072266 11.816636085510254 211.70590209960938
      vertex 93.83012390136719 -89.5 210.5
      vertex 94.24433898925781 11.901924133300781 211.5
    endloop
  endfacet
  facet normal 0.9238824112119651 -9.4196120290316e-8 -0.38267648249292335
    outer loop
      vertex 94.24433898925781 11.901924133300781 211.5
      vertex 93.83012390136719 -89.5 210.5
      vertex 93.98698425292969 12.378680229187012 210.87867736816406
    endloop
  endfacet
  facet normal 0.923873451304788 0 -0.38269811336637066
    outer loop
      vertex 93.98698425292969 12.378680229187012 210.87867736816406
      vertex 93.83012390136719 -89.5 210.5
      vertex 93.83012390136719 12.872184753417969 210.5
    endloop
  endfacet
  facet normal 0.382685449620282 0.9238786969342422 -9.539693887577257e-8
    outer loop
      vertex 92 93.83012390136719 232
      vertex 91.5 94.0372314453125 227
      vertex 90.79409790039062 94.32962799072266 232
    endloop
  endfacet
  facet normal 0.38268463535750447 0.9238790342145956 0
    outer loop
      vertex 92 93.83012390136719 216.1508026123047
      vertex 91.5 94.0372314453125 227
      vertex 92 93.83012390136719 232
    endloop
  endfacet
  facet normal 0.3826846353575044 0.9238790342145955 0
    outer loop
      vertex 91.5 94.0372314453125 227
      vertex 92 93.83012390136719 216.1508026123047
      vertex 91.5 94.0372314453125 216.42071533203125
    endloop
  endfacet
  facet normal 0.3826860263730786 0.9238784580337305 0
    outer loop
      vertex 90.79409790039062 94.32962799072266 232
      vertex 91.5 94.0372314453125 227
      vertex 90.79409790039062 94.32962799072266 227
    endloop
  endfacet
  facet normal 0.9914447831916002 0 -0.13052678607152238
    outer loop
      vertex 94.32962799072266 -89.5 211.70590209960938
      vertex 94.5 11.5 213
      vertex 94.5 -89.5 213
    endloop
  endfacet
  facet normal 0.9914442797575825 4.984410219466521e-8 -0.1305306099578412
    outer loop
      vertex 94.5 11.5 213
      vertex 94.32962799072266 -89.5 211.70590209960938
      vertex 94.39777374267578 11.60222339630127 212.22354125976562
    endloop
  endfacet
  facet normal 0.9914455395896882 0 -0.13052104055558153
    outer loop
      vertex 94.39777374267578 11.60222339630127 212.22354125976562
      vertex 94.32962799072266 -89.5 211.70590209960938
      vertex 94.32962799072266 11.816636085510254 211.70590209960938
    endloop
  endfacet
  facet normal 0.3826854496202837 -0.9238786969342464 0
    outer loop
      vertex 90.79409790039062 -94.32962799072266 213
      vertex 92 -93.83012390136719 232
      vertex 90.79409790039062 -94.32962799072266 232
    endloop
  endfacet
  facet normal 0.3826854496202837 -0.9238786969342464 0
    outer loop
      vertex 92 -93.83012390136719 232
      vertex 90.79409790039062 -94.32962799072266 213
      vertex 92 -93.83012390136719 213
    endloop
  endfacet
  facet normal -0.9914446275620785 -0.13052796818418397 0
    outer loop
      vertex -94.5 -89.5 213
      vertex -94.4067153930664 -90.20855712890625 227.08706665039062
      vertex -94.5 -89.5 227.545654296875
    endloop
  endfacet
  facet normal -0.9914447831915983 -0.13052678607152213 6.048897286114805e-8
    outer loop
      vertex -94.32962799072266 -90.79409790039062 213
      vertex -94.4067153930664 -90.20855712890625 227.08706665039062
      vertex -94.5 -89.5 213
    endloop
  endfacet
  facet normal -0.9914449715155342 -0.13052535560787196 0
    outer loop
      vertex -94.4067153930664 -90.20855712890625 227.08706665039062
      vertex -94.32962799072266 -90.79409790039062 213
      vertex -94.32962799072266 -90.79409790039062 228.26239013671875
    endloop
  endfacet
  facet normal -0.7894291222446325 -0.6057427556438074 -0.09938498345884904
    outer loop
      vertex -93.03553771972656 -93.03553771972656 213
      vertex -93.83012390136719 -92 213
      vertex -93.4072494506836 -92.33878326416016 211.70590209960938
    endloop
  endfacet
  facet normal -0.9238786969342464 -0.3826854496202837 0
    outer loop
      vertex -93.83012390136719 -92 213
      vertex -94.32962799072266 -90.79409790039062 228.26239013671875
      vertex -94.32962799072266 -90.79409790039062 213
    endloop
  endfacet
  facet normal -0.9238786969342465 -0.3826854496202838 0
    outer loop
      vertex -94.32962799072266 -90.79409790039062 228.26239013671875
      vertex -93.83012390136719 -92 213
      vertex -93.83012390136719 -92 230.68296813964844
    endloop
  endfacet
  facet normal -0.8780672746397535 -0.4473979361653866 -0.16980267348209896
    outer loop
      vertex -93.83012390136719 -92 213
      vertex -94.09324645996094 -90.99243927001953 211.70590209960938
      vertex -93.4072494506836 -92.33878326416016 211.70590209960938
    endloop
  endfacet
  facet normal 0 -1 0
    outer loop
      vertex -89.5 -94.5 213
      vertex 89.5 -94.5 232
      vertex -89.5 -94.5 232
    endloop
  endfacet
  facet normal 0 -1 0
    outer loop
      vertex 89.5 -94.5 232
      vertex -89.5 -94.5 213
      vertex 89.5 -94.5 213
    endloop
  endfacet
  facet normal 0.15455625991461658 -0.9758200269734225 -0.15455625991461658
    outer loop
      vertex 90.79409790039062 -94.32962799072266 213
      vertex 89.5 -94.32962799072266 211.70590209960938
      vertex 90.99243927001953 -94.09324645996094 211.70590209960938
    endloop
  endfacet
  facet normal 0.1294288869876152 -0.983105450308508 -0.1294288869876152
    outer loop
      vertex 90.79409790039062 -94.32962799072266 213
      vertex 89.5 -94.5 213
      vertex 89.5 -94.32962799072266 211.70590209960938
    endloop
  endfacet
  facet normal 0.4249488890722018 -0.8340085698358818 -0.3519206545751593
    outer loop
      vertex 92.33878326416016 -93.4072494506836 211.70590209960938
      vertex 90.99243927001953 -94.09324645996094 211.70590209960938
      vertex 91.15706634521484 -93.50051879882812 210.5
    endloop
  endfacet
  facet normal 0.4563644662750625 -0.6829924963486003 -0.570309322958151
    outer loop
      vertex 92.56185913085938 -92.56185913085938 210.5
      vertex 91.15706634521484 -93.50051879882812 210.5
      vertex 91.26776885986328 -92.56185913085938 209.46446228027344
    endloop
  endfacet
  facet normal -0.7933569877782133 -0.6087566754816573 0
    outer loop
      vertex -93.03553771972656 -93.03553771972656 213
      vertex -93.83012390136719 -92 230.68296813964844
      vertex -93.83012390136719 -92 213
    endloop
  endfacet
  facet normal -0.7933569877782133 -0.6087566754816575 0
    outer loop
      vertex -93.03553771972656 -93.03553771972656 232
      vertex -93.83012390136719 -92 230.68296813964844
      vertex -93.03553771972656 -93.03553771972656 213
    endloop
  endfacet
  facet normal -0.7933623634741875 -0.6087496695243927 0.000008751790366833397
    outer loop
      vertex -93.83012390136719 -92 230.68296813964844
      vertex -93.03553771972656 -93.03553771972656 232
      vertex -93.32666015625 -92.6561279296875 232
    endloop
  endfacet
  facet normal 0.7894291222446325 -0.6057427556438074 -0.09938498345884904
    outer loop
      vertex 93.83012390136719 -92 213
      vertex 93.03553771972656 -93.03553771972656 213
      vertex 93.4072494506836 -92.33878326416016 211.70590209960938
    endloop
  endfacet
  facet normal -0.918329052658623 0.3803866974984987 -0.10944273118531803
    outer loop
      vertex -94.09324645996094 90.99243927001953 211.70590209960938
      vertex -94.32962799072266 90.79409790039062 213
      vertex -93.83012390136719 92 213
    endloop
  endfacet
  facet normal -0.9758200269734225 0.15455625991461658 -0.15455625991461658
    outer loop
      vertex -94.09324645996094 90.99243927001953 211.70590209960938
      vertex -94.32962799072266 89.5 211.70590209960938
      vertex -94.32962799072266 90.79409790039062 213
    endloop
  endfacet
  facet normal -0.51137543035663 0.2118178586067524 -0.8328435411305183
    outer loop
      vertex -92 89.5 208.6698760986328
      vertex -92.56185913085938 91.26776885986328 209.46446228027344
      vertex -91.26776885986328 91.26776885986328 208.6698760986328
    endloop
  endfacet
  facet normal -0.3779712574637557 0.15656024442754343 -0.9124837633602337
    outer loop
      vertex -90.79409790039062 89.5 208.1703643798828
      vertex -92 89.5 208.6698760986328
      vertex -91.26776885986328 91.26776885986328 208.6698760986328
    endloop
  endfacet
  facet normal -0.983105450308508 0.1294288869876152 -0.1294288869876152
    outer loop
      vertex -94.32962799072266 89.5 211.70590209960938
      vertex -94.5 89.5 213
      vertex -94.32962799072266 90.79409790039062 213
    endloop
  endfacet
  facet normal -0.9141435681796599 0.14478757047143348 -0.37865300235537463
    outer loop
      vertex -93.83012390136719 89.5 210.5
      vertex -94.32962799072266 89.5 211.70590209960938
      vertex -94.09324645996094 90.99243927001953 211.70590209960938
    endloop
  endfacet
  facet normal 0.19740755583623013 0.7367436742932888 -0.6467140135234353
    outer loop
      vertex 91.26776885986328 92.56185913085938 209.46446228027344
      vertex 90.35696411132812 93.2760009765625 210
      vertex 91.21051788330078 93.04729461669922 210
    endloop
  endfacet
  facet normal 0.19741340347637668 0.7367469743983162 -0.6467084689740813
    outer loop
      vertex 90.35696411132812 93.2760009765625 210
      vertex 91.26776885986328 92.56185913085938 209.46446228027344
      vertex 89.5 93.03553771972656 209.46446228027344
    endloop
  endfacet
  facet normal -0.4249489833208484 0.834002157355059 -0.3519357371760994
    outer loop
      vertex -91.01502990722656 94.01191711425781 211.54043579101562
      vertex -92.33878326416016 93.4072494506836 211.70590209960938
      vertex -91.08507537841797 94.04605102539062 211.70590209960938
    endloop
  endfacet
  facet normal -0.42494976173443677 0.8340077371694654 -0.35192157413735414
    outer loop
      vertex -92.33878326416016 93.4072494506836 211.70590209960938
      vertex -91.01502990722656 94.01191711425781 211.54043579101562
      vertex -91.15706634521484 93.50051879882812 210.5
    endloop
  endfacet
  facet normal -0.500838230174212 0.749551681544212 -0.43282022121223407
    outer loop
      vertex -91.15706634521484 93.50051879882812 210.5
      vertex -92.56185913085938 92.56185913085938 210.5
      vertex -92.33878326416016 93.4072494506836 211.70590209960938
    endloop
  endfacet
  facet normal 0.6008160432561518 0.16099033193759926 -0.7830084260010511
    outer loop
      vertex 93.03553771972656 89.5 209.46446228027344
      vertex 92 89.5 208.6698760986328
      vertex 92.56185913085938 91.26776885986328 209.46446228027344
    endloop
  endfacet
  facet normal -0.14478757047143348 -0.9141435681796599 -0.37865300235537463
    outer loop
      vertex -89.5 -94.32962799072266 211.70590209960938
      vertex -90.99243927001953 -94.09324645996094 211.70590209960938
      vertex -89.5 -93.83012390136719 210.5
    endloop
  endfacet
  facet normal -0.15455625991461658 -0.9758200269734225 -0.15455625991461658
    outer loop
      vertex -90.79409790039062 -94.32962799072266 213
      vertex -90.99243927001953 -94.09324645996094 211.70590209960938
      vertex -89.5 -94.32962799072266 211.70590209960938
    endloop
  endfacet
  facet normal -0.6829924963486003 -0.4563644662750625 -0.570309322958151
    outer loop
      vertex -92.56185913085938 -92.56185913085938 210.5
      vertex -93.50051879882812 -91.15706634521484 210.5
      vertex -92.56185913085938 -91.26776885986328 209.46446228027344
    endloop
  endfacet
  facet normal -0.15587676178304666 -0.7836593971452438 -0.6013155447865826
    outer loop
      vertex -89.5 -93.83012390136719 210.5
      vertex -91.15706634521484 -93.50051879882812 210.5
      vertex -89.5 -93.03553771972656 209.46446228027344
    endloop
  endfacet
  facet normal -0.5298725239493968 -0.5298725239493968 -0.6621708365119924
    outer loop
      vertex -91.26776885986328 -92.56185913085938 209.46446228027344
      vertex -92.56185913085938 -92.56185913085938 210.5
      vertex -92.56185913085938 -91.26776885986328 209.46446228027344
    endloop
  endfacet
  facet normal 0.500838230174212 -0.749551681544212 -0.43282022121223407
    outer loop
      vertex 92.33878326416016 -93.4072494506836 211.70590209960938
      vertex 91.15706634521484 -93.50051879882812 210.5
      vertex 92.56185913085938 -92.56185913085938 210.5
    endloop
  endfacet
  facet normal 0.17754040978811678 -0.8925718555606227 -0.4144814658743312
    outer loop
      vertex 90.99243927001953 -94.09324645996094 211.70590209960938
      vertex 89.5 -93.83012390136719 210.5
      vertex 91.15706634521484 -93.50051879882812 210.5
    endloop
  endfacet
  facet normal 0.21254708681282264 -0.21254708681282264 -0.953754408521798
    outer loop
      vertex 91.26776885986328 -91.26776885986328 208.6698760986328
      vertex 89.5 -90.79409790039062 208.1703643798828
      vertex 90.79409790039062 -89.5 208.1703643798828
    endloop
  endfacet
  facet normal 0.3779712574637557 -0.15656024442754343 -0.9124837633602337
    outer loop
      vertex 91.26776885986328 -91.26776885986328 208.6698760986328
      vertex 90.79409790039062 -89.5 208.1703643798828
      vertex 92 -89.5 208.6698760986328
    endloop
  endfacet
  facet normal 0.7933623634741875 -0.6087496695243927 0.000008751790366833397
    outer loop
      vertex 93.03553771972656 -93.03553771972656 232
      vertex 93.83012390136719 -92 230.68296813964844
      vertex 93.32666015625 -92.6561279296875 232
    endloop
  endfacet
  facet normal 0.7933569877782133 -0.6087566754816575 0
    outer loop
      vertex 93.83012390136719 -92 230.68296813964844
      vertex 93.03553771972656 -93.03553771972656 232
      vertex 93.03553771972656 -93.03553771972656 213
    endloop
  endfacet
  facet normal 0.7933569877782133 -0.6087566754816573 0
    outer loop
      vertex 93.83012390136719 -92 230.68296813964844
      vertex 93.03553771972656 -93.03553771972656 213
      vertex 93.83012390136719 -92 213
    endloop
  endfacet
  facet normal 0.8925718555606227 -0.17754040978811678 -0.4144814658743312
    outer loop
      vertex 94.09324645996094 -90.99243927001953 211.70590209960938
      vertex 93.50051879882812 -91.15706634521484 210.5
      vertex 93.83012390136719 -89.5 210.5
    endloop
  endfacet
  facet normal 0 0 1
    outer loop
      vertex -93.03553771972656 93.03553771972656 232
      vertex -91.5 93.5 232
      vertex -92 93.83012390136719 232
    endloop
  endfacet
  facet normal 0 0 1
    outer loop
      vertex -92 93.83012390136719 232
      vertex -91.5 93.5 232
      vertex -91.4251937866211 94.06822204589844 232
    endloop
  endfacet
  facet normal 0 0 1
    outer loop
      vertex -90.62132263183594 12.378680229187012 232
      vertex -90.5 -29.871435165405273 232
      vertex -90.5 12.285588264465332 232
    endloop
  endfacet
  facet normal 0 0 1
    outer loop
      vertex -91.09807586669922 13 232
      vertex -90.5 -29.871435165405273 232
      vertex -90.62132263183594 12.378680229187012 232
    endloop
  endfacet
  facet normal 0 0 1
    outer loop
      vertex -91.39777374267578 13.723543167114258 232
      vertex -90.5 -29.871435165405273 232
      vertex -91.09807586669922 13 232
    endloop
  endfacet
  facet normal 0 0 1
    outer loop
      vertex -91.5 14.5 232
      vertex -90.5 -29.871435165405273 232
      vertex -91.39777374267578 13.723543167114258 232
    endloop
  endfacet
  facet normal 0 0 1
    outer loop
      vertex -93.83012390136719 92 232
      vertex -91.5 93.5 232
      vertex -93.03553771972656 93.03553771972656 232
    endloop
  endfacet
  facet normal 0 0 1
    outer loop
      vertex -94.32962799072266 90.79409790039062 232
      vertex -91.5 93.5 232
      vertex -93.83012390136719 92 232
    endloop
  endfacet
  facet normal 0 0 1
    outer loop
      vertex -91.5 93.5 232
      vertex -94.5 89.5 232
      vertex -91.5 14.5 232
    endloop
  endfacet
  facet normal 0 0 1
    outer loop
      vertex -91.5 93.5 232
      vertex -94.32962799072266 90.79409790039062 232
      vertex -94.5 89.5 232
    endloop
  endfacet
  facet normal 0 0 1
    outer loop
      vertex -94.5 -72.87612915039062 232
      vertex -91.5 14.5 232
      vertex -94.5 89.5 232
    endloop
  endfacet
  facet normal 0 0 1
    outer loop
      vertex -91.5 14.5 232
      vertex -94.5 -72.87612915039062 232
      vertex -90.5 -29.871435165405273 232
    endloop
  endfacet
  facet normal 0 0 1
    outer loop
      vertex 94.5 89.5 232
      vertex 90.32962799072266 86.79409790039062 232
      vertex 90.5 85.5 232
    endloop
  endfacet
  facet normal 0 0 1
    outer loop
      vertex 92 93.83012390136719 232
      vertex 89.83012390136719 88 232
      vertex 90.32962799072266 86.79409790039062 232
    endloop
  endfacet
  facet normal 0 0 1
    outer loop
      vertex 88 89.83012390136719 232
      vertex 90.79409790039062 94.32962799072266 232
      vertex 89.5 94.5 232
    endloop
  endfacet
  facet normal 0 0 1
    outer loop
      vertex 92 93.83012390136719 232
      vertex 89.03553771972656 89.03553771972656 232
      vertex 89.83012390136719 88 232
    endloop
  endfacet
  facet normal 0 0 1
    outer loop
      vertex 90.79409790039062 94.32962799072266 232
      vertex 88 89.83012390136719 232
      vertex 89.03553771972656 89.03553771972656 232
    endloop
  endfacet
  facet normal 0 0 1
    outer loop
      vertex 89.5 94.5 232
      vertex 86.79409790039062 90.32962799072266 232
      vertex 88 89.83012390136719 232
    endloop
  endfacet
  facet normal 0 0 1
    outer loop
      vertex 85.5 94.5 232
      vertex 86.79409790039062 90.32962799072266 232
      vertex 89.5 94.5 232
    endloop
  endfacet
  facet normal 0 0 1
    outer loop
      vertex 86.79409790039062 90.32962799072266 232
      vertex 85.5 94.5 232
      vertex 85.5 90.5 232
    endloop
  endfacet
  facet normal 0 0 1
    outer loop
      vertex 90.32962799072266 86.79409790039062 232
      vertex 94.5 89.5 232
      vertex 94.32962799072266 90.79409790039062 232
    endloop
  endfacet
  facet normal 0 0 1
    outer loop
      vertex 94.5 89.5 232
      vertex 90.5 85.5 232
      vertex 94.5 14.285588264465332 232
    endloop
  endfacet
  facet normal 0 0 1
    outer loop
      vertex 90.32962799072266 86.79409790039062 232
      vertex 94.32962799072266 90.79409790039062 232
      vertex 93.83012390136719 92 232
    endloop
  endfacet
  facet normal 0 0 1
    outer loop
      vertex 90.5 13.5 232
      vertex 94.5 14.285588264465332 232
      vertex 90.5 85.5 232
    endloop
  endfacet
  facet normal 0 0 1
    outer loop
      vertex 90.32962799072266 86.79409790039062 232
      vertex 93.83012390136719 92 232
      vertex 93.03553771972656 93.03553771972656 232
    endloop
  endfacet
  facet normal 0 0 1
    outer loop
      vertex 92.5 13.5 232
      vertex 94.5 14.285588264465332 232
      vertex 90.5 13.5 232
    endloop
  endfacet
  facet normal 0 0 1
    outer loop
      vertex 90.32962799072266 86.79409790039062 232
      vertex 93.03553771972656 93.03553771972656 232
      vertex 92 93.83012390136719 232
    endloop
  endfacet
  facet normal 0 0 1
    outer loop
      vertex 89.03553771972656 89.03553771972656 232
      vertex 92 93.83012390136719 232
      vertex 90.79409790039062 94.32962799072266 232
    endloop
  endfacet
  facet normal 0 0 1
    outer loop
      vertex 93.27645874023438 13.60222339630127 232
      vertex 94.5 14.285588264465332 232
      vertex 92.5 13.5 232
    endloop
  endfacet
  facet normal 0 0 1
    outer loop
      vertex 94.5 14.285588264465332 232
      vertex 93.27645874023438 13.60222339630127 232
      vertex 94 13.901924133300781 232
    endloop
  endfacet
  facet normal 0 0 1
    outer loop
      vertex 93.32666015625 -92.6561279296875 232
      vertex 92 -93.83012390136719 232
      vertex 93.03553771972656 -93.03553771972656 232
    endloop
  endfacet
  facet normal 0 0 1
    outer loop
      vertex 93.32666015625 -92.6561279296875 232
      vertex 90.79409790039062 -94.32962799072266 232
      vertex 92 -93.83012390136719 232
    endloop
  endfacet
  facet normal 0 0 1
    outer loop
      vertex 93.32666015625 -92.6561279296875 232
      vertex 89.5 -94.5 232
      vertex 90.79409790039062 -94.32962799072266 232
    endloop
  endfacet
  facet normal 0 0 1
    outer loop
      vertex 93.32666015625 -92.6561279296875 232
      vertex -89.5 -94.5 232
      vertex 89.5 -94.5 232
    endloop
  endfacet
  facet normal 0 0 1
    outer loop
      vertex -93.32666015625 -92.6561279296875 232
      vertex -89.5 -94.5 232
      vertex 93.32666015625 -92.6561279296875 232
    endloop
  endfacet
  facet normal 0 0 1
    outer loop
      vertex -89.5 -94.5 232
      vertex -93.32666015625 -92.6561279296875 232
      vertex -90.79409790039062 -94.32962799072266 232
    endloop
  endfacet
  facet normal 0 0 1
    outer loop
      vertex -90.79409790039062 -94.32962799072266 232
      vertex -93.32666015625 -92.6561279296875 232
      vertex -92 -93.83012390136719 232
    endloop
  endfacet
  facet normal 0 0 1
    outer loop
      vertex -92 -93.83012390136719 232
      vertex -93.32666015625 -92.6561279296875 232
      vertex -93.03553771972656 -93.03553771972656 232
    endloop
  endfacet
  facet normal 0 0 1
    outer loop
      vertex -90.5 -62.54715347290039 232
      vertex -93.00579833984375 -89.96426391601562 232
      vertex -90.5 -85.5 232
    endloop
  endfacet
  facet normal 0 0 1
    outer loop
      vertex -88 -89.83012390136719 232
      vertex -93.00579833984375 -89.96426391601562 232
      vertex -87.67615509033203 -89.96426391601562 232
    endloop
  endfacet
  facet normal 0 0 1
    outer loop
      vertex -89.03553771972656 -89.03553771972656 232
      vertex -93.00579833984375 -89.96426391601562 232
      vertex -88 -89.83012390136719 232
    endloop
  endfacet
  facet normal 0 0 1
    outer loop
      vertex -89.83012390136719 -88 232
      vertex -93.00579833984375 -89.96426391601562 232
      vertex -89.03553771972656 -89.03553771972656 232
    endloop
  endfacet
  facet normal 0 0 1
    outer loop
      vertex -90.32962799072266 -86.79409790039062 232
      vertex -93.00579833984375 -89.96426391601562 232
      vertex -89.83012390136719 -88 232
    endloop
  endfacet
  facet normal 0 0 1
    outer loop
      vertex -93.00579833984375 -89.96426391601562 232
      vertex -90.32962799072266 -86.79409790039062 232
      vertex -90.5 -85.5 232
    endloop
  endfacet
  facet normal 0 0 1
    outer loop
      vertex -86.5 94.5 232
      vertex -85.5 90.5 232
      vertex -85.5 94.5 232
    endloop
  endfacet
  facet normal 0 0 1
    outer loop
      vertex -86.5 94.5 232
      vertex -86.79409790039062 90.32962799072266 232
      vertex -85.5 90.5 232
    endloop
  endfacet
  facet normal 0 0 1
    outer loop
      vertex -87.27645874023438 94.39777374267578 232
      vertex -86.79409790039062 90.32962799072266 232
      vertex -86.5 94.5 232
    endloop
  endfacet
  facet normal 0 0 1
    outer loop
      vertex -88 94.09807586669922 232
      vertex -86.79409790039062 90.32962799072266 232
      vertex -87.27645874023438 94.39777374267578 232
    endloop
  endfacet
  facet normal 0 0 1
    outer loop
      vertex -88.62132263183594 93.62132263183594 232
      vertex -86.79409790039062 90.32962799072266 232
      vertex -88 94.09807586669922 232
    endloop
  endfacet
  facet normal 0 0 1
    outer loop
      vertex -89.09807586669922 93 232
      vertex -86.79409790039062 90.32962799072266 232
      vertex -88.62132263183594 93.62132263183594 232
    endloop
  endfacet
  facet normal 0 0 1
    outer loop
      vertex -89.39777374267578 92.27645874023438 232
      vertex -86.79409790039062 90.32962799072266 232
      vertex -89.09807586669922 93 232
    endloop
  endfacet
  facet normal 0 0 1
    outer loop
      vertex -89.5 91.5 232
      vertex -86.79409790039062 90.32962799072266 232
      vertex -89.39777374267578 92.27645874023438 232
    endloop
  endfacet
  facet normal 0 0 1
    outer loop
      vertex -86.79409790039062 90.32962799072266 232
      vertex -89.5 91.5 232
      vertex -88 89.83012390136719 232
    endloop
  endfacet
  facet normal 0 0 1
    outer loop
      vertex -88 89.83012390136719 232
      vertex -89.5 91.5 232
      vertex -89.03553771972656 89.03553771972656 232
    endloop
  endfacet
  facet normal 0 0 1
    outer loop
      vertex -89.03553771972656 89.03553771972656 232
      vertex -89.5 91.5 232
      vertex -89.5 88.43022918701172 232
    endloop
  endfacet
  facet normal 0 0 1
    outer loop
      vertex 90.5 -85.5 232
      vertex 93.00579833984375 -89.96426391601562 232
      vertex 90.5 -62.54715347290039 232
    endloop
  endfacet
  facet normal 0 0 1
    outer loop
      vertex 90.32962799072266 -86.79409790039062 232
      vertex 93.00579833984375 -89.96426391601562 232
      vertex 90.5 -85.5 232
    endloop
  endfacet
  facet normal 0 0 1
    outer loop
      vertex 89.83012390136719 -88 232
      vertex 93.00579833984375 -89.96426391601562 232
      vertex 90.32962799072266 -86.79409790039062 232
    endloop
  endfacet
  facet normal 0 0 1
    outer loop
      vertex 89.03553771972656 -89.03553771972656 232
      vertex 93.00579833984375 -89.96426391601562 232
      vertex 89.83012390136719 -88 232
    endloop
  endfacet
  facet normal 0 0 1
    outer loop
      vertex 88 -89.83012390136719 232
      vertex 93.00579833984375 -89.96426391601562 232
      vertex 89.03553771972656 -89.03553771972656 232
    endloop
  endfacet
  facet normal 0 0 1
    outer loop
      vertex 93.00579833984375 -89.96426391601562 232
      vertex 88 -89.83012390136719 232
      vertex 87.67615509033203 -89.96426391601562 232
    endloop
  endfacet
  facet normal 0 0 1
    outer loop
      vertex 90.5 -29.871435165405273 232
      vertex 94.5 11.5 232
      vertex 90.5 11.5 232
    endloop
  endfacet
  facet normal 0 0 1
    outer loop
      vertex 94.5 11.5 232
      vertex 90.5 -29.871435165405273 232
      vertex 94.5 -72.87612915039062 232
    endloop
  endfacet
  facet normal -0.749551681544212 0.500838230174212 -0.43282022121223407
    outer loop
      vertex -92.56185913085938 92.56185913085938 210.5
      vertex -93.50051879882812 91.15706634521484 210.5
      vertex -93.4072494506836 92.33878326416016 211.70590209960938
    endloop
  endfacet
  facet normal -0.8780672746397535 0.4473979361653866 -0.16980267348209896
    outer loop
      vertex -93.4072494506836 92.33878326416016 211.70590209960938
      vertex -94.09324645996094 90.99243927001953 211.70590209960938
      vertex -93.83012390136719 92 213
    endloop
  endfacet
  facet normal -0.9238786969342464 0.3826854496202837 0
    outer loop
      vertex -94.32962799072266 90.79409790039062 213
      vertex -93.83012390136719 92 232
      vertex -93.83012390136719 92 213
    endloop
  endfacet
  facet normal -0.9238786969342464 0.3826854496202837 0
    outer loop
      vertex -93.83012390136719 92 232
      vertex -94.32962799072266 90.79409790039062 213
      vertex -94.32962799072266 90.79409790039062 232
    endloop
  endfacet
  facet normal -0.6829924963486003 0.4563644662750625 -0.570309322958151
    outer loop
      vertex -92.56185913085938 91.26776885986328 209.46446228027344
      vertex -93.50051879882812 91.15706634521484 210.5
      vertex -92.56185913085938 92.56185913085938 210.5
    endloop
  endfacet
  facet normal -0.6008160432561518 0.16099033193759926 -0.7830084260010511
    outer loop
      vertex -92 89.5 208.6698760986328
      vertex -93.03553771972656 89.5 209.46446228027344
      vertex -92.56185913085938 91.26776885986328 209.46446228027344
    endloop
  endfacet
  facet normal -0.3826904387112743 0 -0.9238766303565495
    outer loop
      vertex -92 -89.5 208.6698760986328
      vertex -90.79409790039062 89.5 208.1703643798828
      vertex -90.79409790039062 -89.5 208.1703643798828
    endloop
  endfacet
  facet normal -0.3826904387112743 0 -0.9238766303565495
    outer loop
      vertex -90.79409790039062 89.5 208.1703643798828
      vertex -92 -89.5 208.6698760986328
      vertex -92 89.5 208.6698760986328
    endloop
  endfacet
  facet normal -0.7367426048007583 0.1974122326305426 -0.6467138043054426
    outer loop
      vertex -93.03553771972656 89.5 209.46446228027344
      vertex -93.50051879882812 91.15706634521484 210.5
      vertex -92.56185913085938 91.26776885986328 209.46446228027344
    endloop
  endfacet
  facet normal -0.6962113922009503 0.6962113922009503 -0.17486965070940505
    outer loop
      vertex -92.33878326416016 93.4072494506836 211.70590209960938
      vertex -93.4072494506836 92.33878326416016 211.70590209960938
      vertex -93.03553771972656 93.03553771972656 213
    endloop
  endfacet
  facet normal -0.7894291222446325 0.6057427556438074 -0.09938498345884904
    outer loop
      vertex -93.4072494506836 92.33878326416016 211.70590209960938
      vertex -93.83012390136719 92 213
      vertex -93.03553771972656 93.03553771972656 213
    endloop
  endfacet
  facet normal -0.6057427556438074 0.7894291222446325 -0.09938498345884904
    outer loop
      vertex -92.33878326416016 93.4072494506836 211.70590209960938
      vertex -93.03553771972656 93.03553771972656 213
      vertex -92 93.83012390136719 213
    endloop
  endfacet
  facet normal -0.4473868316774473 0.8780636356969076 -0.1698507418539697
    outer loop
      vertex -92.33878326416016 93.4072494506836 211.70590209960938
      vertex -91.21971893310547 94.03389739990234 211.99781799316406
      vertex -91.19242858886719 94.03514862060547 211.93240356445312
    endloop
  endfacet
  facet normal -0.4474019791551108 0.8780682634050656 -0.16978690717750355
    outer loop
      vertex -92.33878326416016 93.4072494506836 211.70590209960938
      vertex -91.19242858886719 94.03514862060547 211.93240356445312
      vertex -91.08507537841797 94.04605102539062 211.70590209960938
    endloop
  endfacet
  facet normal -0.44740099102229314 0.8780659560807842 -0.16980144288023052
    outer loop
      vertex -91.21971893310547 94.03389739990234 211.99781799316406
      vertex -92.33878326416016 93.4072494506836 211.70590209960938
      vertex -92 93.83012390136719 213
    endloop
  endfacet
  facet normal 0.7933574374801147 0 -0.6087560894110102
    outer loop
      vertex 93.44646453857422 14.5 210
      vertex 93.03553771972656 89.5 209.46446228027344
      vertex 93.44646453857422 89.5 210
    endloop
  endfacet
  facet normal 0.7933569877782133 0 -0.6087566754816575
    outer loop
      vertex 93.03553771972656 -89.5 209.46446228027344
      vertex 93.83012390136719 12.872184753417969 210.5
      vertex 93.83012390136719 -89.5 210.5
    endloop
  endfacet
  facet normal 0.7933756193870753 -3.902389231016784e-7 -0.6087323932254816
    outer loop
      vertex 93.83012390136719 12.872184753417969 210.5
      vertex 93.03553771972656 -89.5 209.46446228027344
      vertex 93.75486755371094 13 210.40191650390625
    endloop
  endfacet
  facet normal 0.7933547004858169 5.9126341595896775e-9 -0.6087596563645293
    outer loop
      vertex 93.75486755371094 13 210.40191650390625
      vertex 93.03553771972656 -89.5 209.46446228027344
      vertex 93.52490234375 13.723543167114258 210.1022186279297
    endloop
  endfacet
  facet normal 0.7933437789279921 1.4562730901832264e-7 -0.6087738894172713
    outer loop
      vertex 93.52490234375 13.723543167114258 210.1022186279297
      vertex 93.03553771972656 -89.5 209.46446228027344
      vertex 93.44646453857422 14.5 210
    endloop
  endfacet
  facet normal 0.7933574374801147 0 -0.6087560894110103
    outer loop
      vertex 93.44646453857422 14.5 210
      vertex 93.03553771972656 -89.5 209.46446228027344
      vertex 93.03553771972656 89.5 209.46446228027344
    endloop
  endfacet
  facet normal 0.9238786969342464 0.3826854496202837 0
    outer loop
      vertex 94.32962799072266 90.79409790039062 215.6548614501953
      vertex 93.83012390136719 92 215.42478942871094
      vertex 93.83012390136719 92 232
    endloop
  endfacet
  facet normal 0.9238758596192604 0.3826922970802233 0.00004205038358852486
    outer loop
      vertex 93.83012390136719 92 215.42478942871094
      vertex 94.32962799072266 90.79409790039062 215.6548614501953
      vertex 94.01616668701172 91.55086517333984 215.42478942871094
    endloop
  endfacet
  facet normal 0.9238786969342464 0.3826854496202837 0
    outer loop
      vertex 94.32962799072266 90.79409790039062 215.6548614501953
      vertex 93.83012390136719 92 232
      vertex 94.32962799072266 90.79409790039062 232
    endloop
  endfacet
  facet normal 0.9239225860708984 0.3825792730953395 -0.0003933775603232367
    outer loop
      vertex 94.01616668701172 91.55086517333984 215.42478942871094
      vertex 94.32962799072266 90.79409790039062 215.6548614501953
      vertex 94.0372314453125 91.5 215.4304962158203
    endloop
  endfacet
  facet normal 0.9914447831916002 0.13052678607152238 0
    outer loop
      vertex 94.5 89.5 215.78558349609375
      vertex 94.32962799072266 90.79409790039062 232
      vertex 94.5 89.5 232
    endloop
  endfacet
  facet normal 0.9914447831916002 0.13052678607152238 0
    outer loop
      vertex 94.32962799072266 90.79409790039062 232
      vertex 94.5 89.5 215.78558349609375
      vertex 94.32962799072266 90.79409790039062 215.6548614501953
    endloop
  endfacet
  facet normal -0.51137543035663 -0.2118178586067524 -0.8328435411305183
    outer loop
      vertex -91.26776885986328 -91.26776885986328 208.6698760986328
      vertex -92.56185913085938 -91.26776885986328 209.46446228027344
      vertex -92 -89.5 208.6698760986328
    endloop
  endfacet
  facet normal -0.6087566754816573 0 -0.7933569877782133
    outer loop
      vertex -93.03553771972656 -89.5 209.46446228027344
      vertex -92 89.5 208.6698760986328
      vertex -92 -89.5 208.6698760986328
    endloop
  endfacet
  facet normal -0.6087566754816573 0 -0.7933569877782133
    outer loop
      vertex -92 89.5 208.6698760986328
      vertex -93.03553771972656 -89.5 209.46446228027344
      vertex -93.03553771972656 89.5 209.46446228027344
    endloop
  endfacet
  facet normal -0.3779712574637557 -0.15656024442754343 -0.9124837633602337
    outer loop
      vertex -91.26776885986328 -91.26776885986328 208.6698760986328
      vertex -92 -89.5 208.6698760986328
      vertex -90.79409790039062 -89.5 208.1703643798828
    endloop
  endfacet
  facet normal -0.21254708681282264 -0.21254708681282264 -0.953754408521798
    outer loop
      vertex -89.5 -90.79409790039062 208.1703643798828
      vertex -91.26776885986328 -91.26776885986328 208.6698760986328
      vertex -90.79409790039062 -89.5 208.1703643798828
    endloop
  endfacet
  facet normal -0.463616799939609 -0.463616799939609 -0.7550621998401942
    outer loop
      vertex -91.26776885986328 -92.56185913085938 209.46446228027344
      vertex -92.56185913085938 -91.26776885986328 209.46446228027344
      vertex -91.26776885986328 -91.26776885986328 208.6698760986328
    endloop
  endfacet
  facet normal 0 -0.9914447831916001 -0.13052678607152235
    outer loop
      vertex -89.5 -94.32962799072266 211.70590209960938
      vertex 89.5 -94.5 213
      vertex -89.5 -94.5 213
    endloop
  endfacet
  facet normal 0 -0.9914447831916001 -0.13052678607152235
    outer loop
      vertex 89.5 -94.5 213
      vertex -89.5 -94.32962799072266 211.70590209960938
      vertex 89.5 -94.32962799072266 211.70590209960938
    endloop
  endfacet
  facet normal -0.17754040978811678 -0.8925718555606227 -0.4144814658743312
    outer loop
      vertex -90.99243927001953 -94.09324645996094 211.70590209960938
      vertex -91.15706634521484 -93.50051879882812 210.5
      vertex -89.5 -93.83012390136719 210.5
    endloop
  endfacet
  facet normal 0 -0.3826904387112743 -0.9238766303565495
    outer loop
      vertex -89.5 -92 208.6698760986328
      vertex 89.5 -90.79409790039062 208.1703643798828
      vertex 89.5 -92 208.6698760986328
    endloop
  endfacet
  facet normal 0 -0.3826904387112743 -0.9238766303565495
    outer loop
      vertex 89.5 -90.79409790039062 208.1703643798828
      vertex -89.5 -92 208.6698760986328
      vertex -89.5 -90.79409790039062 208.1703643798828
    endloop
  endfacet
  facet normal 0.51137543035663 -0.2118178586067524 -0.8328435411305183
    outer loop
      vertex 92.56185913085938 -91.26776885986328 209.46446228027344
      vertex 91.26776885986328 -91.26776885986328 208.6698760986328
      vertex 92 -89.5 208.6698760986328
    endloop
  endfacet
  facet normal 0.463616799939609 -0.463616799939609 -0.7550621998401942
    outer loop
      vertex 92.56185913085938 -91.26776885986328 209.46446228027344
      vertex 91.26776885986328 -92.56185913085938 209.46446228027344
      vertex 91.26776885986328 -91.26776885986328 208.6698760986328
    endloop
  endfacet
  facet normal 0.5298725239493968 -0.5298725239493968 -0.6621708365119924
    outer loop
      vertex 92.56185913085938 -92.56185913085938 210.5
      vertex 91.26776885986328 -92.56185913085938 209.46446228027344
      vertex 92.56185913085938 -91.26776885986328 209.46446228027344
    endloop
  endfacet
  facet normal 0.16099033193759926 -0.6008160432561518 -0.7830084260010511
    outer loop
      vertex 91.26776885986328 -92.56185913085938 209.46446228027344
      vertex 89.5 -93.03553771972656 209.46446228027344
      vertex 89.5 -92 208.6698760986328
    endloop
  endfacet
  facet normal 0.6057427556438074 -0.7894291222446325 -0.09938498345884904
    outer loop
      vertex 93.03553771972656 -93.03553771972656 213
      vertex 92 -93.83012390136719 213
      vertex 92.33878326416016 -93.4072494506836 211.70590209960938
    endloop
  endfacet
  facet normal 0.6962113922009503 -0.6962113922009503 -0.17486965070940505
    outer loop
      vertex 93.03553771972656 -93.03553771972656 213
      vertex 92.33878326416016 -93.4072494506836 211.70590209960938
      vertex 93.4072494506836 -92.33878326416016 211.70590209960938
    endloop
  endfacet
  facet normal 0.9914446275620785 -0.13052796818418397 0
    outer loop
      vertex 94.4067153930664 -90.20855712890625 227.08706665039062
      vertex 94.5 -89.5 213
      vertex 94.5 -89.5 227.545654296875
    endloop
  endfacet
  facet normal 0.9914449715155342 -0.13052535560787196 0
    outer loop
      vertex 94.32962799072266 -90.79409790039062 213
      vertex 94.4067153930664 -90.20855712890625 227.08706665039062
      vertex 94.32962799072266 -90.79409790039062 228.26239013671875
    endloop
  endfacet
  facet normal 0.9914447831915983 -0.13052678607152213 6.048897286114805e-8
    outer loop
      vertex 94.4067153930664 -90.20855712890625 227.08706665039062
      vertex 94.32962799072266 -90.79409790039062 213
      vertex 94.5 -89.5 213
    endloop
  endfacet
  facet normal -0.8925718555606227 -0.17754040978811678 -0.4144814658743312
    outer loop
      vertex -93.50051879882812 -91.15706634521484 210.5
      vertex -94.09324645996094 -90.99243927001953 211.70590209960938
      vertex -93.83012390136719 -89.5 210.5
    endloop
  endfacet
  facet normal 0.6829932296515616 0.4563640492212038 -0.570308778495085
    outer loop
      vertex 93.04729461669922 91.21051788330078 210
      vertex 92.56185913085938 91.26776885986328 209.46446228027344
      vertex 92.56185913085938 91.93701934814453 210
    endloop
  endfacet
  facet normal 0.7836591774698881 0.15588206440484412 -0.6013144564735682
    outer loop
      vertex 93.44646453857422 89.5 210
      vertex 93.03553771972656 89.5 209.46446228027344
      vertex 93.2760009765625 90.35696411132812 210
    endloop
  endfacet
  facet normal -0.9141435681796599 -0.14478757047143348 -0.37865300235537463
    outer loop
      vertex -94.09324645996094 -90.99243927001953 211.70590209960938
      vertex -94.32962799072266 -89.5 211.70590209960938
      vertex -93.83012390136719 -89.5 210.5
    endloop
  endfacet
  facet normal -0.983105450308508 -0.1294288869876152 -0.1294288869876152
    outer loop
      vertex -94.32962799072266 -90.79409790039062 213
      vertex -94.5 -89.5 213
      vertex -94.32962799072266 -89.5 211.70590209960938
    endloop
  endfacet
  facet normal -0.9758200269734225 -0.15455625991461658 -0.15455625991461658
    outer loop
      vertex -94.09324645996094 -90.99243927001953 211.70590209960938
      vertex -94.32962799072266 -90.79409790039062 213
      vertex -94.32962799072266 -89.5 211.70590209960938
    endloop
  endfacet
  facet normal -0.918329052658623 -0.3803866974984987 -0.10944273118531803
    outer loop
      vertex -93.83012390136719 -92 213
      vertex -94.32962799072266 -90.79409790039062 213
      vertex -94.09324645996094 -90.99243927001953 211.70590209960938
    endloop
  endfacet
  facet normal -0.6057427556438074 -0.7894291222446325 -0.09938498345884904
    outer loop
      vertex -92 -93.83012390136719 213
      vertex -93.03553771972656 -93.03553771972656 213
      vertex -92.33878326416016 -93.4072494506836 211.70590209960938
    endloop
  endfacet
  facet normal -0.1974122326305426 -0.7367426048007583 -0.6467138043054426
    outer loop
      vertex -91.15706634521484 -93.50051879882812 210.5
      vertex -91.26776885986328 -92.56185913085938 209.46446228027344
      vertex -89.5 -93.03553771972656 209.46446228027344
    endloop
  endfacet
  facet normal 0 -0.6087566754816573 -0.7933569877782133
    outer loop
      vertex -89.5 -93.03553771972656 209.46446228027344
      vertex 89.5 -92 208.6698760986328
      vertex 89.5 -93.03553771972656 209.46446228027344
    endloop
  endfacet
  facet normal 0 -0.6087566754816573 -0.7933569877782133
    outer loop
      vertex 89.5 -92 208.6698760986328
      vertex -89.5 -93.03553771972656 209.46446228027344
      vertex -89.5 -92 208.6698760986328
    endloop
  endfacet
  facet normal 0.8340085698358818 -0.4249488890722018 -0.3519206545751593
    outer loop
      vertex 94.09324645996094 -90.99243927001953 211.70590209960938
      vertex 93.4072494506836 -92.33878326416016 211.70590209960938
      vertex 93.50051879882812 -91.15706634521484 210.5
    endloop
  endfacet
  facet normal 0.749551681544212 -0.500838230174212 -0.43282022121223407
    outer loop
      vertex 93.4072494506836 -92.33878326416016 211.70590209960938
      vertex 92.56185913085938 -92.56185913085938 210.5
      vertex 93.50051879882812 -91.15706634521484 210.5
    endloop
  endfacet
  facet normal 0.6642626914085484 -0.6642626914085484 -0.3427975402556781
    outer loop
      vertex 93.4072494506836 -92.33878326416016 211.70590209960938
      vertex 92.33878326416016 -93.4072494506836 211.70590209960938
      vertex 92.56185913085938 -92.56185913085938 210.5
    endloop
  endfacet
  facet normal 0.6087566754816575 -0.7933569877782133 0
    outer loop
      vertex 92 -93.83012390136719 213
      vertex 93.03553771972656 -93.03553771972656 232
      vertex 92 -93.83012390136719 232
    endloop
  endfacet
  facet normal 0.6087566754816575 -0.7933569877782133 0
    outer loop
      vertex 93.03553771972656 -93.03553771972656 232
      vertex 92 -93.83012390136719 213
      vertex 93.03553771972656 -93.03553771972656 213
    endloop
  endfacet
  facet normal -0.6008160432561518 -0.16099033193759926 -0.7830084260010511
    outer loop
      vertex -92.56185913085938 -91.26776885986328 209.46446228027344
      vertex -93.03553771972656 -89.5 209.46446228027344
      vertex -92 -89.5 208.6698760986328
    endloop
  endfacet
  facet normal -0.9238786969342464 0 -0.3826854496202837
    outer loop
      vertex -93.83012390136719 -89.5 210.5
      vertex -94.32962799072266 89.5 211.70590209960938
      vertex -93.83012390136719 89.5 210.5
    endloop
  endfacet
  facet normal -0.9238786969342464 0 -0.3826854496202837
    outer loop
      vertex -94.32962799072266 89.5 211.70590209960938
      vertex -93.83012390136719 -89.5 210.5
      vertex -94.32962799072266 -89.5 211.70590209960938
    endloop
  endfacet
  facet normal -0.3803866974984987 -0.918329052658623 -0.10944273118531803
    outer loop
      vertex -90.79409790039062 -94.32962799072266 213
      vertex -92 -93.83012390136719 213
      vertex -90.99243927001953 -94.09324645996094 211.70590209960938
    endloop
  endfacet
  facet normal 0.918329052658623 -0.3803866974984987 -0.10944273118531803
    outer loop
      vertex 94.32962799072266 -90.79409790039062 213
      vertex 93.83012390136719 -92 213
      vertex 94.09324645996094 -90.99243927001953 211.70590209960938
    endloop
  endfacet
  facet normal -0.4563644662750625 -0.6829924963486003 -0.570309322958151
    outer loop
      vertex -91.15706634521484 -93.50051879882812 210.5
      vertex -92.56185913085938 -92.56185913085938 210.5
      vertex -91.26776885986328 -92.56185913085938 209.46446228027344
    endloop
  endfacet
  facet normal -0.500838230174212 -0.749551681544212 -0.43282022121223407
    outer loop
      vertex -92.33878326416016 -93.4072494506836 211.70590209960938
      vertex -92.56185913085938 -92.56185913085938 210.5
      vertex -91.15706634521484 -93.50051879882812 210.5
    endloop
  endfacet
  facet normal -0.3826854496202837 -0.9238786969342464 0
    outer loop
      vertex -92 -93.83012390136719 213
      vertex -90.79409790039062 -94.32962799072266 232
      vertex -92 -93.83012390136719 232
    endloop
  endfacet
  facet normal -0.3826854496202837 -0.9238786969342464 0
    outer loop
      vertex -90.79409790039062 -94.32962799072266 232
      vertex -92 -93.83012390136719 213
      vertex -90.79409790039062 -94.32962799072266 213
    endloop
  endfacet
  facet normal -0.4473979361653866 -0.8780672746397535 -0.16980267348209896
    outer loop
      vertex -92 -93.83012390136719 213
      vertex -92.33878326416016 -93.4072494506836 211.70590209960938
      vertex -90.99243927001953 -94.09324645996094 211.70590209960938
    endloop
  endfacet
  facet normal -0.7836593971452438 -0.15587676178304666 -0.6013155447865826
    outer loop
      vertex -93.50051879882812 -91.15706634521484 210.5
      vertex -93.83012390136719 -89.5 210.5
      vertex -93.03553771972656 -89.5 209.46446228027344
    endloop
  endfacet
  facet normal -0.7933569877782133 0 -0.6087566754816573
    outer loop
      vertex -93.03553771972656 -89.5 209.46446228027344
      vertex -93.83012390136719 89.5 210.5
      vertex -93.03553771972656 89.5 209.46446228027344
    endloop
  endfacet
  facet normal -0.7933569877782133 0 -0.6087566754816573
    outer loop
      vertex -93.83012390136719 89.5 210.5
      vertex -93.03553771972656 -89.5 209.46446228027344
      vertex -93.83012390136719 -89.5 210.5
    endloop
  endfacet
  facet normal -0.2118178586067524 -0.51137543035663 -0.8328435411305183
    outer loop
      vertex -89.5 -92 208.6698760986328
      vertex -91.26776885986328 -92.56185913085938 209.46446228027344
      vertex -91.26776885986328 -91.26776885986328 208.6698760986328
    endloop
  endfacet
  facet normal -0.16099033193759926 -0.6008160432561518 -0.7830084260010511
    outer loop
      vertex -89.5 -93.03553771972656 209.46446228027344
      vertex -91.26776885986328 -92.56185913085938 209.46446228027344
      vertex -89.5 -92 208.6698760986328
    endloop
  endfacet
  facet normal -0.6087566754816575 -0.7933569877782133 0
    outer loop
      vertex -93.03553771972656 -93.03553771972656 213
      vertex -92 -93.83012390136719 232
      vertex -93.03553771972656 -93.03553771972656 232
    endloop
  endfacet
  facet normal -0.6087566754816575 -0.7933569877782133 0
    outer loop
      vertex -92 -93.83012390136719 232
      vertex -93.03553771972656 -93.03553771972656 213
      vertex -92 -93.83012390136719 213
    endloop
  endfacet
  facet normal -0.6642626914085484 -0.6642626914085484 -0.3427975402556781
    outer loop
      vertex -92.33878326416016 -93.4072494506836 211.70590209960938
      vertex -93.4072494506836 -92.33878326416016 211.70590209960938
      vertex -92.56185913085938 -92.56185913085938 210.5
    endloop
  endfacet
  facet normal -0.749551681544212 -0.500838230174212 -0.43282022121223407
    outer loop
      vertex -93.4072494506836 -92.33878326416016 211.70590209960938
      vertex -93.50051879882812 -91.15706634521484 210.5
      vertex -92.56185913085938 -92.56185913085938 210.5
    endloop
  endfacet
  facet normal -0.1294288869876152 -0.983105450308508 -0.1294288869876152
    outer loop
      vertex -89.5 -94.5 213
      vertex -90.79409790039062 -94.32962799072266 213
      vertex -89.5 -94.32962799072266 211.70590209960938
    endloop
  endfacet
  facet normal -0.13052678607152238 -0.9914447831916002 0
    outer loop
      vertex -90.79409790039062 -94.32962799072266 213
      vertex -89.5 -94.5 232
      vertex -90.79409790039062 -94.32962799072266 232
    endloop
  endfacet
  facet normal -0.13052678607152238 -0.9914447831916002 0
    outer loop
      vertex -89.5 -94.5 232
      vertex -90.79409790039062 -94.32962799072266 213
      vertex -89.5 -94.5 213
    endloop
  endfacet
  facet normal 0.6087566754816573 0.7933569877782133 0
    outer loop
      vertex -88 -89.83012390136719 208.04345703125
      vertex -89.03553771972656 -89.03553771972656 228
      vertex -88 -89.83012390136719 228
    endloop
  endfacet
  facet normal 0.6087554120175652 0.7933579558142778 0.00004780705780938816
    outer loop
      vertex -89.03553771972656 -89.03553771972656 208
      vertex -88 -89.83012390136719 208.04345703125
      vertex -88.43022918701172 -89.5 208
    endloop
  endfacet
  facet normal 0.6087566754816573 0.7933569877782133 0
    outer loop
      vertex -88 -89.83012390136719 208.04345703125
      vertex -89.03553771972656 -89.03553771972656 208
      vertex -89.03553771972656 -89.03553771972656 228
    endloop
  endfacet
  facet normal 0.6087566754816575 0.7933569877782134 0
    outer loop
      vertex -88 -89.83012390136719 231.7266387939453
      vertex -89.03553771972656 -89.03553771972656 232
      vertex -88 -89.83012390136719 232
    endloop
  endfacet
  facet normal 0.6087566754816573 0.7933569877782133 0
    outer loop
      vertex -89.03553771972656 -89.03553771972656 232
      vertex -88 -89.83012390136719 231.7266387939453
      vertex -89.03553771972656 -89.03553771972656 230.1073760986328
    endloop
  endfacet
  facet normal 0.7943578329771962 0.6074501075707971 0
    outer loop
      vertex -89.83012390136719 -88 232
      vertex -89.82903289794922 -88.00142669677734 228
      vertex -89.83012390136719 -88 208.04345703125
    endloop
  endfacet
  facet normal 0.7933569877782133 0.6087566754816573 0
    outer loop
      vertex -89.03553771972656 -89.03553771972656 230.1073760986328
      vertex -89.83012390136719 -88 232
      vertex -89.03553771972656 -89.03553771972656 232
    endloop
  endfacet
  facet normal 0.7933563350403962 0.6087575261553025 -7.394818883226899e-7
    outer loop
      vertex -89.83012390136719 -88 232
      vertex -89.03553771972656 -89.03553771972656 230.1073760986328
      vertex -89.82903289794922 -88.00142669677734 228
    endloop
  endfacet
  facet normal 0.79335560723566 0.6087584746578195 1.483260312602657e-7
    outer loop
      vertex -89.03553771972656 -89.03553771972656 228
      vertex -89.83012390136719 -88 208.04345703125
      vertex -89.82903289794922 -88.00142669677734 228
    endloop
  endfacet
  facet normal 0.7933569877782133 0.6087566754816573 0
    outer loop
      vertex -89.03553771972656 -89.03553771972656 208
      vertex -89.83012390136719 -88 208.04345703125
      vertex -89.03553771972656 -89.03553771972656 228
    endloop
  endfacet
  facet normal 0.7933579558142778 0.6087554120175652 0.00004780705780938816
    outer loop
      vertex -89.83012390136719 -88 208.04345703125
      vertex -89.03553771972656 -89.03553771972656 208
      vertex -89.5 -88.43022918701172 208
    endloop
  endfacet
  facet normal 0.3826854496202837 0.9238786969342464 0
    outer loop
      vertex -86.79409790039062 -90.32962799072266 208.10922241210938
      vertex -88 -89.83012390136719 228
      vertex -86.79409790039062 -90.32962799072266 228
    endloop
  endfacet
  facet normal 0.3826854496202838 0.9238786969342465 0
    outer loop
      vertex -88 -89.83012390136719 228
      vertex -86.79409790039062 -90.32962799072266 208.10922241210938
      vertex -88 -89.83012390136719 208.04345703125
    endloop
  endfacet
  facet normal 0.38268114574282414 0.9238804796579261 0
    outer loop
      vertex -88 -89.83012390136719 232
      vertex -87.67615509033203 -89.96426391601562 232
      vertex -88 -89.83012390136719 231.7266387939453
    endloop
  endfacet
  facet normal -0.9914447831916002 -0.13052678607152238 0
    outer loop
      vertex 90.5 85.5 208.13165283203125
      vertex 90.32962799072266 86.79409790039062 210
      vertex 90.32962799072266 86.79409790039062 208.10922241210938
    endloop
  endfacet
  facet normal -0.9914447831916001 -0.13052678607152235 0
    outer loop
      vertex 90.32962799072266 86.79409790039062 210
      vertex 90.5 85.5 208.13165283203125
      vertex 90.5 85.5 210
    endloop
  endfacet
  facet normal -0.9914447831916002 -0.13052678607152238 0
    outer loop
      vertex 90.5 85.5 227
      vertex 90.32962799072266 86.79409790039062 232
      vertex 90.32962799072266 86.79409790039062 227
    endloop
  endfacet
  facet normal -0.9914447831916002 -0.13052678607152238 0
    outer loop
      vertex 90.32962799072266 86.79409790039062 232
      vertex 90.5 85.5 227
      vertex 90.5 85.5 232
    endloop
  endfacet
  facet normal -1 0 0
    outer loop
      vertex 90.5 11.5 227
      vertex 90.5 -29.871435165405273 232
      vertex 90.5 11.5 232
    endloop
  endfacet
  facet normal -1 0 0
    outer loop
      vertex 90.5 11.5 227
      vertex 90.5 -44.79963302612305 228
      vertex 90.5 -29.871435165405273 232
    endloop
  endfacet
  facet normal -1 0 0
    outer loop
      vertex 90.5 -85.5 227
      vertex 90.5 -44.79963302612305 228
      vertex 90.5 11.5 227
    endloop
  endfacet
  facet normal -1 0 0
    outer loop
      vertex 90.5 -44.79963302612305 228
      vertex 90.5 -85.5 227
      vertex 90.5 -77.47534942626953 228
    endloop
  endfacet
  facet normal -1 0 0
    outer loop
      vertex 90.5 -85.5 232
      vertex 90.5 -77.47534942626953 228
      vertex 90.5 -85.5 227
    endloop
  endfacet
  facet normal -1 0 0
    outer loop
      vertex 90.5 -77.47534942626953 228
      vertex 90.5 -85.5 232
      vertex 90.5 -62.54715347290039 232
    endloop
  endfacet
  facet normal -1 0 0
    outer loop
      vertex 90.5 85.5 208.13165283203125
      vertex 90.5 14.5 210
      vertex 90.5 85.5 210
    endloop
  endfacet
  facet normal -1 0 0
    outer loop
      vertex 90.5 -85.5 208.13165283203125
      vertex 90.5 14.5 210
      vertex 90.5 85.5 208.13165283203125
    endloop
  endfacet
  facet normal -1 0 0
    outer loop
      vertex 90.5 -85.5 208.13165283203125
      vertex 90.5 13.723543167114258 210.1022186279297
      vertex 90.5 14.5 210
    endloop
  endfacet
  facet normal -1 0 0
    outer loop
      vertex 90.5 -85.5 208.13165283203125
      vertex 90.5 13 210.40191650390625
      vertex 90.5 13.723543167114258 210.1022186279297
    endloop
  endfacet
  facet normal -1 0 0
    outer loop
      vertex 90.5 -85.5 208.13165283203125
      vertex 90.5 12.378680229187012 210.87867736816406
      vertex 90.5 13 210.40191650390625
    endloop
  endfacet
  facet normal -1 0 0
    outer loop
      vertex 90.5 -85.5 208.13165283203125
      vertex 90.5 11.901924133300781 211.5
      vertex 90.5 12.378680229187012 210.87867736816406
    endloop
  endfacet
  facet normal -1 0 0
    outer loop
      vertex 90.5 -85.5 208.13165283203125
      vertex 90.5 11.60222339630127 212.22354125976562
      vertex 90.5 11.901924133300781 211.5
    endloop
  endfacet
  facet normal -1 0 0
    outer loop
      vertex 90.5 -85.5 208.13165283203125
      vertex 90.5 11.5 213
      vertex 90.5 11.60222339630127 212.22354125976562
    endloop
  endfacet
  facet normal -1 0 0
    outer loop
      vertex 90.5 -85.5 215
      vertex 90.5 11.5 213
      vertex 90.5 -85.5 208.13165283203125
    endloop
  endfacet
  facet normal -1 0 0
    outer loop
      vertex 90.5 11.5 213
      vertex 90.5 -85.5 215
      vertex 90.5 11.5 215
    endloop
  endfacet
  facet normal -1 0 0
    outer loop
      vertex 90.5 13.5 227
      vertex 90.5 85.5 232
      vertex 90.5 85.5 227
    endloop
  endfacet
  facet normal -1 0 0
    outer loop
      vertex 90.5 85.5 232
      vertex 90.5 13.5 227
      vertex 90.5 13.5 232
    endloop
  endfacet
  facet normal -1 0 0
    outer loop
      vertex 90.5 -87.5 215
      vertex 90.5 -87 227
      vertex 90.5 -87 215
    endloop
  endfacet
  facet normal -1 0 0
    outer loop
      vertex 90.5 -87 227
      vertex 90.5 -87.5 215
      vertex 90.5 -87.5 227
    endloop
  endfacet
  facet normal 0.3826854496202838 -0.9238786969342465 0
    outer loop
      vertex -88 89.83012390136719 210
      vertex -86.79409790039062 90.32962799072266 208.10922241210938
      vertex -86.79409790039062 90.32962799072266 210
    endloop
  endfacet
  facet normal 0.3826854496202838 -0.9238786969342465 0
    outer loop
      vertex -86.79409790039062 90.32962799072266 208.10922241210938
      vertex -88 89.83012390136719 210
      vertex -88 89.83012390136719 208.04345703125
    endloop
  endfacet
  facet normal 0.3826854496202837 -0.9238786969342464 0
    outer loop
      vertex -88 89.83012390136719 227
      vertex -86.79409790039062 90.32962799072266 232
      vertex -88 89.83012390136719 232
    endloop
  endfacet
  facet normal 0.3826854496202837 -0.9238786969342464 0
    outer loop
      vertex -86.79409790039062 90.32962799072266 232
      vertex -88 89.83012390136719 227
      vertex -86.79409790039062 90.32962799072266 227
    endloop
  endfacet
  facet normal -0.6087584521187607 -0.7933556245303682 0
    outer loop
      vertex 88.43022918701172 89.5 208
      vertex 88 89.83012390136719 210
      vertex 88 89.83012390136719 208.04345703125
    endloop
  endfacet
  facet normal -0.6087566754815452 -0.7933569877780671 6.072009168513251e-7
    outer loop
      vertex 88 89.83012390136719 210
      vertex 88.43022918701172 89.5 208
      vertex 89.03553771972656 89.03553771972656 210
    endloop
  endfacet
  facet normal -0.608755412713225 -0.7933579567208936 0
    outer loop
      vertex 89.03553771972656 89.03553771972656 210
      vertex 88.43022918701172 89.5 208
      vertex 89.03553771972656 89.03553771972656 208
    endloop
  endfacet
  facet normal -0.6087566754816573 -0.7933569877782133 0
    outer loop
      vertex 88 89.83012390136719 227
      vertex 89.03553771972656 89.03553771972656 232
      vertex 88 89.83012390136719 232
    endloop
  endfacet
  facet normal -0.6087566754816573 -0.7933569877782133 0
    outer loop
      vertex 89.03553771972656 89.03553771972656 232
      vertex 88 89.83012390136719 227
      vertex 89.03553771972656 89.03553771972656 227
    endloop
  endfacet
  facet normal -0.7933579567208936 -0.608755412713225 0
    outer loop
      vertex 89.5 88.43022918701172 208
      vertex 89.03553771972656 89.03553771972656 210
      vertex 89.03553771972656 89.03553771972656 208
    endloop
  endfacet
  facet normal -0.7933556245303682 -0.6087584521187607 0
    outer loop
      vertex 89.83012390136719 88 210
      vertex 89.5 88.43022918701172 208
      vertex 89.83012390136719 88 208.04345703125
    endloop
  endfacet
  facet normal -0.7933569877780671 -0.6087566754815452 6.072009168513251e-7
    outer loop
      vertex 89.5 88.43022918701172 208
      vertex 89.83012390136719 88 210
      vertex 89.03553771972656 89.03553771972656 210
    endloop
  endfacet
  facet normal -0.7933569877782133 -0.6087566754816573 0
    outer loop
      vertex 89.83012390136719 88 227
      vertex 89.03553771972656 89.03553771972656 232
      vertex 89.03553771972656 89.03553771972656 227
    endloop
  endfacet
  facet normal -0.7933569877782133 -0.6087566754816573 0
    outer loop
      vertex 89.03553771972656 89.03553771972656 232
      vertex 89.83012390136719 88 227
      vertex 89.83012390136719 88 232
    endloop
  endfacet
  facet normal -0.3826854496202838 -0.9238786969342465 0
    outer loop
      vertex 86.79409790039062 90.32962799072266 208.10922241210938
      vertex 88 89.83012390136719 210
      vertex 86.79409790039062 90.32962799072266 210
    endloop
  endfacet
  facet normal -0.3826854496202838 -0.9238786969342465 0
    outer loop
      vertex 88 89.83012390136719 210
      vertex 86.79409790039062 90.32962799072266 208.10922241210938
      vertex 88 89.83012390136719 208.04345703125
    endloop
  endfacet
  facet normal -0.3826854496202837 -0.9238786969342464 0
    outer loop
      vertex 86.79409790039062 90.32962799072266 227
      vertex 88 89.83012390136719 232
      vertex 86.79409790039062 90.32962799072266 232
    endloop
  endfacet
  facet normal -0.3826854496202837 -0.9238786969342464 0
    outer loop
      vertex 88 89.83012390136719 232
      vertex 86.79409790039062 90.32962799072266 227
      vertex 88 89.83012390136719 227
    endloop
  endfacet
  facet normal -0.9914447831916002 0.13052678607152238 0
    outer loop
      vertex 90.32962799072266 -86.79409790039062 215
      vertex 90.5 -85.5 208.13165283203125
      vertex 90.32962799072266 -86.79409790039062 208.10922241210938
    endloop
  endfacet
  facet normal -0.9914447831916001 0.13052678607152235 0
    outer loop
      vertex 90.5 -85.5 208.13165283203125
      vertex 90.32962799072266 -86.79409790039062 215
      vertex 90.5 -85.5 215
    endloop
  endfacet
  facet normal -0.9914447831916002 0.13052678607152238 0
    outer loop
      vertex 90.32962799072266 -86.79409790039062 227
      vertex 90.5 -85.5 232
      vertex 90.5 -85.5 227
    endloop
  endfacet
  facet normal -0.9914447831916002 0.13052678607152238 0
    outer loop
      vertex 90.5 -85.5 232
      vertex 90.32962799072266 -86.79409790039062 227
      vertex 90.32962799072266 -86.79409790039062 232
    endloop
  endfacet
  facet normal -0.9238784580337305 0.3826860263730786 0
    outer loop
      vertex 90.32962799072266 -86.79409790039062 208.10922241210938
      vertex 90.0372314453125 -87.5 215
      vertex 90.32962799072266 -86.79409790039062 215
    endloop
  endfacet
  facet normal -0.9238790342145956 0.38268463535750447 0
    outer loop
      vertex 89.83012390136719 -88 232
      vertex 90.0372314453125 -87.5 215
      vertex 89.83012390136719 -88 208.04345703125
    endloop
  endfacet
  facet normal -0.9238786956069757 0.38268545282457317 -6.883616316570425e-8
    outer loop
      vertex 89.83012390136719 -88 208.04345703125
      vertex 90.0372314453125 -87.5 215
      vertex 90.32962799072266 -86.79409790039062 208.10922241210938
    endloop
  endfacet
  facet normal -0.9238784580337305 0.3826860263730786 0
    outer loop
      vertex 90.0372314453125 -87.5 227
      vertex 90.32962799072266 -86.79409790039062 232
      vertex 90.32962799072266 -86.79409790039062 227
    endloop
  endfacet
  facet normal -0.9238786969342423 0.38268544962028206 9.539693887577258e-8
    outer loop
      vertex 90.0372314453125 -87.5 227
      vertex 89.83012390136719 -88 232
      vertex 90.32962799072266 -86.79409790039062 232
    endloop
  endfacet
  facet normal -0.9238790342145956 0.38268463535750447 0
    outer loop
      vertex 90.0372314453125 -87.5 215
      vertex 89.83012390136719 -88 232
      vertex 90.0372314453125 -87.5 227
    endloop
  endfacet
  facet normal -0.6087566754816573 0.7933569877782133 0
    outer loop
      vertex 89.03553771972656 -89.03553771972656 228
      vertex 88 -89.83012390136719 208.04345703125
      vertex 88 -89.83012390136719 228
    endloop
  endfacet
  facet normal -0.6087566754816573 0.7933569877782133 0
    outer loop
      vertex 89.03553771972656 -89.03553771972656 208
      vertex 88 -89.83012390136719 208.04345703125
      vertex 89.03553771972656 -89.03553771972656 228
    endloop
  endfacet
  facet normal -0.6087554120175652 0.7933579558142778 0.00004780705780938816
    outer loop
      vertex 88 -89.83012390136719 208.04345703125
      vertex 89.03553771972656 -89.03553771972656 208
      vertex 88.43022918701172 -89.5 208
    endloop
  endfacet
  facet normal -0.6087566754816575 0.7933569877782134 0
    outer loop
      vertex 89.03553771972656 -89.03553771972656 232
      vertex 88 -89.83012390136719 231.7266387939453
      vertex 88 -89.83012390136719 232
    endloop
  endfacet
  facet normal -0.6087566754816573 0.7933569877782133 0
    outer loop
      vertex 88 -89.83012390136719 231.7266387939453
      vertex 89.03553771972656 -89.03553771972656 232
      vertex 89.03553771972656 -89.03553771972656 230.1073760986328
    endloop
  endfacet
  facet normal 0.9238773196021997 -0.3826887747565312 0
    outer loop
      vertex -90 87.58988952636719 210.40191650390625
      vertex -89.83012390136719 88 208.04345703125
      vertex -89.83012390136719 88 210.33155822753906
    endloop
  endfacet
  facet normal 0.9238794067379652 -0.3826837360086072 0
    outer loop
      vertex -90.32962799072266 86.79409790039062 208.10922241210938
      vertex -90 87.58988952636719 210.40191650390625
      vertex -90.32962799072266 86.79409790039062 210.6548614501953
    endloop
  endfacet
  facet normal 0.923878710120645 -0.3826854177850855 6.838976954388117e-7
    outer loop
      vertex -90 87.58988952636719 210.40191650390625
      vertex -90.32962799072266 86.79409790039062 208.10922241210938
      vertex -89.83012390136719 88 208.04345703125
    endloop
  endfacet
  facet normal 0.608757303206428 -0.793356506113637 0
    outer loop
      vertex -88.5 89.44646453857422 210
      vertex -88 89.83012390136719 208.04345703125
      vertex -88 89.83012390136719 210
    endloop
  endfacet
  facet normal 0.6087560894110103 -0.7933574374801147 0
    outer loop
      vertex -89.03553771972656 89.03553771972656 208
      vertex -88.5 89.44646453857422 210
      vertex -89.03553771972656 89.03553771972656 210.0705108642578
    endloop
  endfacet
  facet normal 0.6087554127131998 -0.7933579567208606 2.878835751819475e-7
    outer loop
      vertex -88.5 89.44646453857422 210
      vertex -89.03553771972656 89.03553771972656 208
      vertex -88.43022918701172 89.5 208
    endloop
  endfacet
  facet normal 0.6087584232079898 -0.7933556467140795 4.5473954914130507e-7
    outer loop
      vertex -88.5 89.44646453857422 210
      vertex -88.43022918701172 89.5 208
      vertex -88 89.83012390136719 208.04345703125
    endloop
  endfacet
  facet normal 0.6087566754816573 -0.7933569877782133 0
    outer loop
      vertex -89.03553771972656 89.03553771972656 227
      vertex -88 89.83012390136719 232
      vertex -89.03553771972656 89.03553771972656 232
    endloop
  endfacet
  facet normal 0.6087566754816573 -0.7933569877782133 0
    outer loop
      vertex -88 89.83012390136719 232
      vertex -89.03553771972656 89.03553771972656 227
      vertex -88 89.83012390136719 227
    endloop
  endfacet
  facet normal 0.13052678607152238 0.9914447831916002 0
    outer loop
      vertex -85.5 -90.5 208.13165283203125
      vertex -86.79409790039062 -90.32962799072266 228
      vertex -85.5 -90.5 228
    endloop
  endfacet
  facet normal 0.13052678607152238 0.9914447831916002 0
    outer loop
      vertex -86.79409790039062 -90.32962799072266 228
      vertex -85.5 -90.5 208.13165283203125
      vertex -86.79409790039062 -90.32962799072266 208.10922241210938
    endloop
  endfacet
  facet normal 0.13052678607152235 -0.9914447831916001 0
    outer loop
      vertex -86.79409790039062 90.32962799072266 210
      vertex -85.5 90.5 208.13165283203125
      vertex -85.5 90.5 210
    endloop
  endfacet
  facet normal 0.13052678607152238 -0.9914447831916002 0
    outer loop
      vertex -85.5 90.5 208.13165283203125
      vertex -86.79409790039062 90.32962799072266 210
      vertex -86.79409790039062 90.32962799072266 208.10922241210938
    endloop
  endfacet
  facet normal 0.13052678607152238 -0.9914447831916002 0
    outer loop
      vertex -86.79409790039062 90.32962799072266 227
      vertex -85.5 90.5 232
      vertex -86.79409790039062 90.32962799072266 232
    endloop
  endfacet
  facet normal 0.13052678607152238 -0.9914447831916002 0
    outer loop
      vertex -85.5 90.5 232
      vertex -86.79409790039062 90.32962799072266 227
      vertex -85.5 90.5 227
    endloop
  endfacet
  facet normal 1 0 0
    outer loop
      vertex -90.5 -62.54715347290039 232
      vertex -90.5 -85.5 232
      vertex -90.5 -77.47534942626953 228
    endloop
  endfacet
  facet normal 1 0 0
    outer loop
      vertex -90.5 -29.871435165405273 232
      vertex -90.5 12.285588264465332 227
      vertex -90.5 12.285588264465332 232
    endloop
  endfacet
  facet normal 1 0 0
    outer loop
      vertex -90.5 -44.79963302612305 228
      vertex -90.5 12.285588264465332 227
      vertex -90.5 -29.871435165405273 232
    endloop
  endfacet
  facet normal 1 0 0
    outer loop
      vertex -90.5 -85.5 227
      vertex -90.5 -44.79963302612305 228
      vertex -90.5 -77.47534942626953 228
    endloop
  endfacet
  facet normal 1 0 0
    outer loop
      vertex -90.5 -44.79963302612305 228
      vertex -90.5 -85.5 227
      vertex -90.5 12.285588264465332 227
    endloop
  endfacet
  facet normal 1 0 0
    outer loop
      vertex -90.5 -85.5 227
      vertex -90.5 -77.47534942626953 228
      vertex -90.5 -85.5 232
    endloop
  endfacet
  facet normal 1 0 0
    outer loop
      vertex -90.5 12.285588264465332 215
      vertex -90.5 -85.5 215
      vertex -90.5 12.285588264465332 213
    endloop
  endfacet
  facet normal 1 0 0
    outer loop
      vertex -90.5 14.5 210.78558349609375
      vertex -90.5 85.5 208.13165283203125
      vertex -90.5 85.5 210.78558349609375
    endloop
  endfacet
  facet normal 1 0 0
    outer loop
      vertex -90.5 -85.5 208.13165283203125
      vertex -90.5 12.285588264465332 213
      vertex -90.5 -85.5 215
    endloop
  endfacet
  facet normal 1 0 0
    outer loop
      vertex -90.5 12.285588264465332 213
      vertex -90.5 -85.5 208.13165283203125
      vertex -90.5 12.313955307006836 212.77467346191406
    endloop
  endfacet
  facet normal 1 0 0
    outer loop
      vertex -90.5 12.313955307006836 212.77467346191406
      vertex -90.5 -85.5 208.13165283203125
      vertex -90.5 12.45237922668457 212.22354125976562
    endloop
  endfacet
  facet normal 1 0 0
    outer loop
      vertex -90.5 12.45237922668457 212.22354125976562
      vertex -90.5 -85.5 208.13165283203125
      vertex -90.5 12.705863952636719 211.7323455810547
    endloop
  endfacet
  facet normal 1 0 0
    outer loop
      vertex -90.5 12.705863952636719 211.7323455810547
      vertex -90.5 -85.5 208.13165283203125
      vertex -90.5 12.906654357910156 211.5
    endloop
  endfacet
  facet normal 1 0 0
    outer loop
      vertex -90.5 12.906654357910156 211.5
      vertex -90.5 -85.5 208.13165283203125
      vertex -90.5 13.458550453186035 211.05838012695312
    endloop
  endfacet
  facet normal 1 0 0
    outer loop
      vertex -90.5 13.458550453186035 211.05838012695312
      vertex -90.5 -85.5 208.13165283203125
      vertex -90.5 14.04722785949707 210.87867736816406
    endloop
  endfacet
  facet normal 1 0 0
    outer loop
      vertex -90.5 14.5 210.78558349609375
      vertex -90.5 -85.5 208.13165283203125
      vertex -90.5 85.5 208.13165283203125
    endloop
  endfacet
  facet normal 1 0 0
    outer loop
      vertex -90.5 14.04722785949707 210.87867736816406
      vertex -90.5 -85.5 208.13165283203125
      vertex -90.5 14.5 210.78558349609375
    endloop
  endfacet
  facet normal 1 0 0
    outer loop
      vertex -90.5 -87.5 227
      vertex -90.5 -87 215
      vertex -90.5 -87 227
    endloop
  endfacet
  facet normal 1 0 0
    outer loop
      vertex -90.5 -87 215
      vertex -90.5 -87.5 227
      vertex -90.5 -87.5 215
    endloop
  endfacet
  facet normal 0.9914447831916001 0.13052678607152235 0
    outer loop
      vertex -90.32962799072266 -86.79409790039062 215
      vertex -90.5 -85.5 208.13165283203125
      vertex -90.5 -85.5 215
    endloop
  endfacet
  facet normal 0.9914447831916002 0.13052678607152238 0
    outer loop
      vertex -90.5 -85.5 208.13165283203125
      vertex -90.32962799072266 -86.79409790039062 215
      vertex -90.32962799072266 -86.79409790039062 208.10922241210938
    endloop
  endfacet
  facet normal 0.9914447831916002 0.13052678607152238 0
    outer loop
      vertex -90.32962799072266 -86.79409790039062 232
      vertex -90.5 -85.5 227
      vertex -90.5 -85.5 232
    endloop
  endfacet
  facet normal 0.9914447831916002 0.13052678607152238 0
    outer loop
      vertex -90.5 -85.5 227
      vertex -90.32962799072266 -86.79409790039062 232
      vertex -90.32962799072266 -86.79409790039062 227
    endloop
  endfacet
  facet normal -0.7943578329771962 0.6074501075707971 0
    outer loop
      vertex 89.83012390136719 -88 208.04345703125
      vertex 89.82903289794922 -88.00142669677734 228
      vertex 89.83012390136719 -88 232
    endloop
  endfacet
  facet normal -0.7933579558142778 0.6087554120175652 0.00004780705780938816
    outer loop
      vertex 89.03553771972656 -89.03553771972656 208
      vertex 89.83012390136719 -88 208.04345703125
      vertex 89.5 -88.43022918701172 208
    endloop
  endfacet
  facet normal -0.7933569877782133 0.6087566754816573 0
    outer loop
      vertex 89.83012390136719 -88 208.04345703125
      vertex 89.03553771972656 -89.03553771972656 208
      vertex 89.03553771972656 -89.03553771972656 228
    endloop
  endfacet
  facet normal -0.79335560723566 0.6087584746578195 1.483260312602657e-7
    outer loop
      vertex 89.83012390136719 -88 208.04345703125
      vertex 89.03553771972656 -89.03553771972656 228
      vertex 89.82903289794922 -88.00142669677734 228
    endloop
  endfacet
  facet normal -0.7933563350403962 0.6087575261553025 -7.394818883226899e-7
    outer loop
      vertex 89.03553771972656 -89.03553771972656 230.1073760986328
      vertex 89.83012390136719 -88 232
      vertex 89.82903289794922 -88.00142669677734 228
    endloop
  endfacet
  facet normal -0.7933569877782133 0.6087566754816573 0
    outer loop
      vertex 89.83012390136719 -88 232
      vertex 89.03553771972656 -89.03553771972656 230.1073760986328
      vertex 89.03553771972656 -89.03553771972656 232
    endloop
  endfacet
  facet normal -0.13052678607152235 -0.9914447831916001 0
    outer loop
      vertex 85.5 90.5 208.13165283203125
      vertex 86.79409790039062 90.32962799072266 210
      vertex 85.5 90.5 210
    endloop
  endfacet
  facet normal -0.13052678607152238 -0.9914447831916002 0
    outer loop
      vertex 86.79409790039062 90.32962799072266 210
      vertex 85.5 90.5 208.13165283203125
      vertex 86.79409790039062 90.32962799072266 208.10922241210938
    endloop
  endfacet
  facet normal -0.13052678607152238 -0.9914447831916002 0
    outer loop
      vertex 85.5 90.5 227
      vertex 86.79409790039062 90.32962799072266 232
      vertex 85.5 90.5 232
    endloop
  endfacet
  facet normal -0.13052678607152238 -0.9914447831916002 0
    outer loop
      vertex 86.79409790039062 90.32962799072266 232
      vertex 85.5 90.5 227
      vertex 86.79409790039062 90.32962799072266 227
    endloop
  endfacet
  facet normal -0.9238786969342465 -0.3826854496202838 0
    outer loop
      vertex 90.32962799072266 86.79409790039062 208.10922241210938
      vertex 89.83012390136719 88 210
      vertex 89.83012390136719 88 208.04345703125
    endloop
  endfacet
  facet normal -0.9238786969342465 -0.3826854496202838 0
    outer loop
      vertex 89.83012390136719 88 210
      vertex 90.32962799072266 86.79409790039062 208.10922241210938
      vertex 90.32962799072266 86.79409790039062 210
    endloop
  endfacet
  facet normal -0.9238786969342464 -0.3826854496202837 0
    outer loop
      vertex 90.32962799072266 86.79409790039062 227
      vertex 89.83012390136719 88 232
      vertex 89.83012390136719 88 227
    endloop
  endfacet
  facet normal -0.9238786969342464 -0.3826854496202837 0
    outer loop
      vertex 89.83012390136719 88 232
      vertex 90.32962799072266 86.79409790039062 227
      vertex 90.32962799072266 86.79409790039062 232
    endloop
  endfacet
  facet normal -0.3826854496202837 0.9238786969342464 0
    outer loop
      vertex 88 -89.83012390136719 228
      vertex 86.79409790039062 -90.32962799072266 208.10922241210938
      vertex 86.79409790039062 -90.32962799072266 228
    endloop
  endfacet
  facet normal -0.3826854496202838 0.9238786969342465 0
    outer loop
      vertex 86.79409790039062 -90.32962799072266 208.10922241210938
      vertex 88 -89.83012390136719 228
      vertex 88 -89.83012390136719 208.04345703125
    endloop
  endfacet
  facet normal -0.38268114574282414 0.9238804796579261 0
    outer loop
      vertex 88 -89.83012390136719 232
      vertex 88 -89.83012390136719 231.7266387939453
      vertex 87.67615509033203 -89.96426391601562 232
    endloop
  endfacet
  facet normal 0 1 0
    outer loop
      vertex 85.5 -90.5 208.13165283203125
      vertex -85.5 -90.5 228
      vertex 85.5 -90.5 228
    endloop
  endfacet
  facet normal 0 1 0
    outer loop
      vertex -85.5 -90.5 228
      vertex 85.5 -90.5 208.13165283203125
      vertex -85.5 -90.5 208.13165283203125
    endloop
  endfacet
  facet normal 0.9914447831916001 -0.13052678607152238 0
    outer loop
      vertex -90.5 85.5 208.13165283203125
      vertex -90.32962799072266 86.79409790039062 210.6548614501953
      vertex -90.5 85.5 210.78558349609375
    endloop
  endfacet
  facet normal 0.9914447831916002 -0.13052678607152238 0
    outer loop
      vertex -90.32962799072266 86.79409790039062 210.6548614501953
      vertex -90.5 85.5 208.13165283203125
      vertex -90.32962799072266 86.79409790039062 208.10922241210938
    endloop
  endfacet
  facet normal 0.7933586925043608 -0.6087544538052851 0
    outer loop
      vertex -89.27645874023438 88.7215576171875 210.1022186279297
      vertex -89.03553771972656 89.03553771972656 208
      vertex -89.03553771972656 89.03553771972656 210.0705108642578
    endloop
  endfacet
  facet normal 0.793357956720873 -0.6087554127132092 -2.275423263413331e-7
    outer loop
      vertex -89.27645874023438 88.7215576171875 210.1022186279297
      vertex -89.5 88.43022918701172 208
      vertex -89.03553771972656 89.03553771972656 208
    endloop
  endfacet
  facet normal 0.7933562459804291 -0.6087576422221255 0
    outer loop
      vertex -89.83012390136719 88 208.04345703125
      vertex -89.27645874023438 88.7215576171875 210.1022186279297
      vertex -89.83012390136719 88 210.33155822753906
    endloop
  endfacet
  facet normal 0.7933556457785063 -0.608758424427276 4.3556134926913174e-7
    outer loop
      vertex -89.27645874023438 88.7215576171875 210.1022186279297
      vertex -89.83012390136719 88 208.04345703125
      vertex -89.5 88.43022918701172 208
    endloop
  endfacet
  facet normal 0.7933579567208935 -0.608755412713225 0
    outer loop
      vertex -89.5 88.43022918701172 232
      vertex -89.03553771972656 89.03553771972656 227
      vertex -89.03553771972656 89.03553771972656 232
    endloop
  endfacet
  facet normal 0.7933579567208935 -0.608755412713225 0
    outer loop
      vertex -89.03553771972656 89.03553771972656 227
      vertex -89.5 88.43022918701172 232
      vertex -89.5 88.43022918701172 227
    endloop
  endfacet
  facet normal 0.9238784580337305 0.3826860263730786 0
    outer loop
      vertex -90.32962799072266 -86.79409790039062 232
      vertex -90.0372314453125 -87.5 227
      vertex -90.32962799072266 -86.79409790039062 227
    endloop
  endfacet
  facet normal 0.9238790342145956 0.38268463535750447 0
    outer loop
      vertex -90.0372314453125 -87.5 227
      vertex -89.83012390136719 -88 232
      vertex -90.0372314453125 -87.5 215
    endloop
  endfacet
  facet normal 0.9238786969342423 0.38268544962028206 9.539693887577258e-8
    outer loop
      vertex -89.83012390136719 -88 232
      vertex -90.0372314453125 -87.5 227
      vertex -90.32962799072266 -86.79409790039062 232
    endloop
  endfacet
  facet normal 0.9238784580337305 0.3826860263730786 0
    outer loop
      vertex -90.0372314453125 -87.5 215
      vertex -90.32962799072266 -86.79409790039062 208.10922241210938
      vertex -90.32962799072266 -86.79409790039062 215
    endloop
  endfacet
  facet normal 0.9238786956069757 0.38268545282457317 -6.883616316570425e-8
    outer loop
      vertex -90.0372314453125 -87.5 215
      vertex -89.83012390136719 -88 208.04345703125
      vertex -90.32962799072266 -86.79409790039062 208.10922241210938
    endloop
  endfacet
  facet normal 0.9238790342145956 0.38268463535750447 0
    outer loop
      vertex -89.83012390136719 -88 208.04345703125
      vertex -90.0372314453125 -87.5 215
      vertex -89.83012390136719 -88 232
    endloop
  endfacet
  facet normal -0.13052678607152238 0.9914447831916002 0
    outer loop
      vertex 86.79409790039062 -90.32962799072266 228
      vertex 85.5 -90.5 208.13165283203125
      vertex 85.5 -90.5 228
    endloop
  endfacet
  facet normal -0.13052678607152238 0.9914447831916002 0
    outer loop
      vertex 85.5 -90.5 208.13165283203125
      vertex 86.79409790039062 -90.32962799072266 228
      vertex 86.79409790039062 -90.32962799072266 208.10922241210938
    endloop
  endfacet
  facet normal 0 0 -1
    outer loop
      vertex -90.5 -87 227
      vertex -90.0372314453125 -87.5 227
      vertex -90.5 -87.5 227
    endloop
  endfacet
  facet normal 0 0 -1
    outer loop
      vertex -90.0372314453125 -87.5 227
      vertex -90.5 -87 227
      vertex -90.32962799072266 -86.79409790039062 227
    endloop
  endfacet
  facet normal 0 0 -1
    outer loop
      vertex -91.5 -87 227
      vertex -90.32962799072266 -86.79409790039062 227
      vertex -90.5 -87 227
    endloop
  endfacet
  facet normal 0 0 -1
    outer loop
      vertex -90.32962799072266 -86.79409790039062 227
      vertex -91.5 -87 227
      vertex -90.5 -85.5 227
    endloop
  endfacet
  facet normal 0 0 -1
    outer loop
      vertex -91.09807586669922 13 227
      vertex -90.5 -85.5 227
      vertex -91.5 -87 227
    endloop
  endfacet
  facet normal 0 0 -1
    outer loop
      vertex -90.5 -85.5 227
      vertex -90.62132263183594 12.378680229187012 227
      vertex -90.5 12.285588264465332 227
    endloop
  endfacet
  facet normal 0 0 -1
    outer loop
      vertex -90.5 -85.5 227
      vertex -91.09807586669922 13 227
      vertex -90.62132263183594 12.378680229187012 227
    endloop
  endfacet
  facet normal 0 0 -1
    outer loop
      vertex -91.09807586669922 13 227
      vertex -91.5 -87 227
      vertex -91.39777374267578 13.723543167114258 227
    endloop
  endfacet
  facet normal 0 0 -1
    outer loop
      vertex -91.39777374267578 13.723543167114258 227
      vertex -91.5 -87 227
      vertex -91.5 14.5 227
    endloop
  endfacet
  facet normal 0 0 -1
    outer loop
      vertex 90.32962799072266 -86.79409790039062 227
      vertex 91.5 -87 227
      vertex 90.5 -87 227
    endloop
  endfacet
  facet normal 0 0 -1
    outer loop
      vertex 91.5 -87 227
      vertex 90.5 -85.5 227
      vertex 91.5 11.5 227
    endloop
  endfacet
  facet normal 0 0 -1
    outer loop
      vertex 91.5 11.5 227
      vertex 90.5 -85.5 227
      vertex 90.5 11.5 227
    endloop
  endfacet
  facet normal 0 0 -1
    outer loop
      vertex 90.0372314453125 -87.5 227
      vertex 90.5 -87 227
      vertex 90.5 -87.5 227
    endloop
  endfacet
  facet normal 0 0 -1
    outer loop
      vertex 91.5 -87 227
      vertex 90.32962799072266 -86.79409790039062 227
      vertex 90.5 -85.5 227
    endloop
  endfacet
  facet normal 0 0 -1
    outer loop
      vertex 90.5 -87 227
      vertex 90.0372314453125 -87.5 227
      vertex 90.32962799072266 -86.79409790039062 227
    endloop
  endfacet
  facet normal 0 0 -1
    outer loop
      vertex 90.5 85.5 227
      vertex 91.5 94.0372314453125 227
      vertex 91.5 13.5 227
    endloop
  endfacet
  facet normal 0 0 -1
    outer loop
      vertex 90.5 85.5 227
      vertex 91.5 13.5 227
      vertex 90.5 13.5 227
    endloop
  endfacet
  facet normal 0 0 -1
    outer loop
      vertex 90.32962799072266 86.79409790039062 227
      vertex 91.5 94.0372314453125 227
      vertex 90.5 85.5 227
    endloop
  endfacet
  facet normal 0 0 -1
    outer loop
      vertex 89.83012390136719 88 227
      vertex 91.5 94.0372314453125 227
      vertex 90.32962799072266 86.79409790039062 227
    endloop
  endfacet
  facet normal 0 0 -1
    outer loop
      vertex 89.03553771972656 89.03553771972656 227
      vertex 91.5 94.0372314453125 227
      vertex 89.83012390136719 88 227
    endloop
  endfacet
  facet normal 0 0 -1
    outer loop
      vertex 88 89.83012390136719 227
      vertex 91.5 94.0372314453125 227
      vertex 89.03553771972656 89.03553771972656 227
    endloop
  endfacet
  facet normal 0 0 -1
    outer loop
      vertex 91.5 94.0372314453125 227
      vertex 88 89.83012390136719 227
      vertex 90.79409790039062 94.32962799072266 227
    endloop
  endfacet
  facet normal 0 0 -1
    outer loop
      vertex 90.79409790039062 94.32962799072266 227
      vertex 88 89.83012390136719 227
      vertex 89.5 94.5 227
    endloop
  endfacet
  facet normal 0 0 -1
    outer loop
      vertex 86.79409790039062 90.32962799072266 227
      vertex 89.5 94.5 227
      vertex 88 89.83012390136719 227
    endloop
  endfacet
  facet normal 0 0 -1
    outer loop
      vertex 85.5 94.5 227
      vertex 86.79409790039062 90.32962799072266 227
      vertex 85.5 90.5 227
    endloop
  endfacet
  facet normal 0 0 -1
    outer loop
      vertex 86.79409790039062 90.32962799072266 227
      vertex 85.5 94.5 227
      vertex 89.5 94.5 227
    endloop
  endfacet
  facet normal 0 0 -1
    outer loop
      vertex -85.5 90.5 227
      vertex -86.5 94.5 227
      vertex -85.5 94.5 227
    endloop
  endfacet
  facet normal 0 0 -1
    outer loop
      vertex -86.79409790039062 90.32962799072266 227
      vertex -86.5 94.5 227
      vertex -85.5 90.5 227
    endloop
  endfacet
  facet normal 0 0 -1
    outer loop
      vertex -86.79409790039062 90.32962799072266 227
      vertex -87.27645874023438 94.39777374267578 227
      vertex -86.5 94.5 227
    endloop
  endfacet
  facet normal 0 0 -1
    outer loop
      vertex -89.5 91.5 227
      vertex -86.79409790039062 90.32962799072266 227
      vertex -88 89.83012390136719 227
    endloop
  endfacet
  facet normal 0 0 -1
    outer loop
      vertex -86.79409790039062 90.32962799072266 227
      vertex -88 94.09807586669922 227
      vertex -87.27645874023438 94.39777374267578 227
    endloop
  endfacet
  facet normal 0 0 -1
    outer loop
      vertex -86.79409790039062 90.32962799072266 227
      vertex -88.62132263183594 93.62132263183594 227
      vertex -88 94.09807586669922 227
    endloop
  endfacet
  facet normal 0 0 -1
    outer loop
      vertex -89.5 91.5 227
      vertex -88 89.83012390136719 227
      vertex -89.03553771972656 89.03553771972656 227
    endloop
  endfacet
  facet normal 0 0 -1
    outer loop
      vertex -86.79409790039062 90.32962799072266 227
      vertex -89.5 91.5 227
      vertex -89.39777374267578 92.27645874023438 227
    endloop
  endfacet
  facet normal 0 0 -1
    outer loop
      vertex -86.79409790039062 90.32962799072266 227
      vertex -89.09807586669922 93 227
      vertex -88.62132263183594 93.62132263183594 227
    endloop
  endfacet
  facet normal 0 0 -1
    outer loop
      vertex -89.5 91.5 227
      vertex -89.03553771972656 89.03553771972656 227
      vertex -89.5 88.43022918701172 227
    endloop
  endfacet
  facet normal 0 0 -1
    outer loop
      vertex -86.79409790039062 90.32962799072266 227
      vertex -89.39777374267578 92.27645874023438 227
      vertex -89.09807586669922 93 227
    endloop
  endfacet
  facet normal 0 0 -1
    outer loop
      vertex -91.5 94.0372314453125 227
      vertex -91.4251937866211 94.06822204589844 227
      vertex -91.5 93.5 227
    endloop
  endfacet
  facet normal 0 0 1
    outer loop
      vertex 90.5 -85.5 215
      vertex 91.5 11.5 215
      vertex 90.5 11.5 215
    endloop
  endfacet
  facet normal 0 0 1
    outer loop
      vertex 91.5 11.5 215
      vertex 90.5 -85.5 215
      vertex 91.5 -87 215
    endloop
  endfacet
  facet normal 0 0 1
    outer loop
      vertex 90.32962799072266 -86.79409790039062 215
      vertex 91.5 -87 215
      vertex 90.5 -85.5 215
    endloop
  endfacet
  facet normal 0 0 1
    outer loop
      vertex 91.5 -87 215
      vertex 90.32962799072266 -86.79409790039062 215
      vertex 90.5 -87 215
    endloop
  endfacet
  facet normal 0 0 1
    outer loop
      vertex 90.0372314453125 -87.5 215
      vertex 90.5 -87 215
      vertex 90.32962799072266 -86.79409790039062 215
    endloop
  endfacet
  facet normal 0 0 1
    outer loop
      vertex 90.5 -87 215
      vertex 90.0372314453125 -87.5 215
      vertex 90.5 -87.5 215
    endloop
  endfacet
  facet normal 0 0 1
    outer loop
      vertex -91.5 -87 215
      vertex -90.32962799072266 -86.79409790039062 215
      vertex -90.5 -85.5 215
    endloop
  endfacet
  facet normal 0 0 1
    outer loop
      vertex -90.5 -87 215
      vertex -90.0372314453125 -87.5 215
      vertex -90.32962799072266 -86.79409790039062 215
    endloop
  endfacet
  facet normal 0 0 1
    outer loop
      vertex -90.0372314453125 -87.5 215
      vertex -90.5 -87 215
      vertex -90.5 -87.5 215
    endloop
  endfacet
  facet normal 0 0 1
    outer loop
      vertex -90.62132263183594 12.378680229187012 215
      vertex -90.5 -85.5 215
      vertex -90.5 12.285588264465332 215
    endloop
  endfacet
  facet normal 0 0 1
    outer loop
      vertex -91.09807586669922 13 215
      vertex -90.5 -85.5 215
      vertex -90.62132263183594 12.378680229187012 215
    endloop
  endfacet
  facet normal 0 0 1
    outer loop
      vertex -90.5 -85.5 215
      vertex -91.09807586669922 13 215
      vertex -91.5 -87 215
    endloop
  endfacet
  facet normal 0 0 1
    outer loop
      vertex -91.5 -87 215
      vertex -91.09807586669922 13 215
      vertex -91.39777374267578 13.723543167114258 215
    endloop
  endfacet
  facet normal 0 0 1
    outer loop
      vertex -91.5 -87 215
      vertex -91.39777374267578 13.723543167114258 215
      vertex -91.5 14.5 215
    endloop
  endfacet
  facet normal 0 0 1
    outer loop
      vertex -90.32962799072266 -86.79409790039062 215
      vertex -91.5 -87 215
      vertex -90.5 -87 215
    endloop
  endfacet
  facet normal 0 0 1
    outer loop
      vertex -91.4251937866211 94.06822204589844 215
      vertex -91.5 94.0372314453125 215
      vertex -91.5 93.5 215
    endloop
  endfacet
  facet normal 0 0 1
    outer loop
      vertex -86.5 91.5 215
      vertex 91.5 16.5 215
      vertex 91.5 91.5 215
    endloop
  endfacet
  facet normal 0 0 1
    outer loop
      vertex 91.5 16.5 215
      vertex -86.5 91.5 215
      vertex -86.5 16.5 215
    endloop
  endfacet
  facet normal 0 1 0
    outer loop
      vertex -90.0372314453125 -87.5 215
      vertex -90.5 -87.5 227
      vertex -90.0372314453125 -87.5 227
    endloop
  endfacet
  facet normal 0 1 0
    outer loop
      vertex -90.5 -87.5 227
      vertex -90.0372314453125 -87.5 215
      vertex -90.5 -87.5 215
    endloop
  endfacet
  facet normal 0 1 0
    outer loop
      vertex 90.5 -87.5 215
      vertex 90.0372314453125 -87.5 227
      vertex 90.5 -87.5 227
    endloop
  endfacet
  facet normal 0 1 0
    outer loop
      vertex 90.0372314453125 -87.5 227
      vertex 90.5 -87.5 215
      vertex 90.0372314453125 -87.5 215
    endloop
  endfacet
  facet normal -1 0 0
    outer loop
      vertex 91.5 -87 215
      vertex 91.5 11.5 227
      vertex 91.5 11.5 215
    endloop
  endfacet
  facet normal -1 0 0
    outer loop
      vertex 91.5 11.5 227
      vertex 91.5 -87 215
      vertex 91.5 -87 227
    endloop
  endfacet
  facet normal -1 0 0
    outer loop
      vertex 91.5 93 215.40191650390625
      vertex 91.5 94.0372314453125 216.42071533203125
      vertex 91.5 93.62132263183594 215.87867736816406
    endloop
  endfacet
  facet normal -1 0 0
    outer loop
      vertex 91.5 94.0372314453125 216.42071533203125
      vertex 91.5 93 215.40191650390625
      vertex 91.5 91.5 215
    endloop
  endfacet
  facet normal -1 0 0
    outer loop
      vertex 91.5 91.5 215
      vertex 91.5 93 215.40191650390625
      vertex 91.5 92.27645874023438 215.1022186279297
    endloop
  endfacet
  facet normal -1 0 0
    outer loop
      vertex 91.5 94.0372314453125 216.42071533203125
      vertex 91.5 91.5 215
      vertex 91.5 94.0372314453125 227
    endloop
  endfacet
  facet normal -1 0 0
    outer loop
      vertex 91.5 16.5 215
      vertex 91.5 94.0372314453125 227
      vertex 91.5 91.5 215
    endloop
  endfacet
  facet normal -1 0 0
    outer loop
      vertex 91.5 13.5 218
      vertex 91.5 16.5 215
      vertex 91.5 15.723543167114258 215.1022186279297
    endloop
  endfacet
  facet normal -1 0 0
    outer loop
      vertex 91.5 13.5 218
      vertex 91.5 15.723543167114258 215.1022186279297
      vertex 91.5 15 215.40191650390625
    endloop
  endfacet
  facet normal -1 0 0
    outer loop
      vertex 91.5 13.5 218
      vertex 91.5 15 215.40191650390625
      vertex 91.5 14.378680229187012 215.87867736816406
    endloop
  endfacet
  facet normal -1 0 0
    outer loop
      vertex 91.5 13.5 218
      vertex 91.5 14.378680229187012 215.87867736816406
      vertex 91.5 13.901924133300781 216.5
    endloop
  endfacet
  facet normal -1 0 0
    outer loop
      vertex 91.5 13.5 218
      vertex 91.5 13.901924133300781 216.5
      vertex 91.5 13.60222339630127 217.22354125976562
    endloop
  endfacet
  facet normal -1 0 0
    outer loop
      vertex 91.5 16.5 215
      vertex 91.5 13.5 218
      vertex 91.5 13.5 227
    endloop
  endfacet
  facet normal -1 0 0
    outer loop
      vertex 91.5 16.5 215
      vertex 91.5 13.5 227
      vertex 91.5 94.0372314453125 227
    endloop
  endfacet
  facet normal 1 0 0
    outer loop
      vertex -91.5 -87 227
      vertex -91.5 14.5 215
      vertex -91.5 14.5 227
    endloop
  endfacet
  facet normal 1 0 0
    outer loop
      vertex -91.5 14.5 215
      vertex -91.5 -87 227
      vertex -91.5 -87 215
    endloop
  endfacet
  facet normal 1 0 0
    outer loop
      vertex -91.5 93.5 227
      vertex -91.5 94.0372314453125 215
      vertex -91.5 94.0372314453125 227
    endloop
  endfacet
  facet normal 1 0 0
    outer loop
      vertex -91.5 94.0372314453125 215
      vertex -91.5 93.5 227
      vertex -91.5 93.5 215
    endloop
  endfacet
  facet normal -1 0 0
    outer loop
      vertex -91.5 14.5 232
      vertex -91.5 93.5 297
      vertex -91.5 93.5 232
    endloop
  endfacet
  facet normal -1 0 0
    outer loop
      vertex -91.5 93.5 297
      vertex -91.5 14.5 232
      vertex -91.5 14.5 297
    endloop
  endfacet
  facet normal 0 1 0
    outer loop
      vertex -90.5 -87 215
      vertex -91.5 -87 227
      vertex -90.5 -87 227
    endloop
  endfacet
  facet normal 0 1 0
    outer loop
      vertex -91.5 -87 227
      vertex -90.5 -87 215
      vertex -91.5 -87 215
    endloop
  endfacet
  facet normal 0 1 0
    outer loop
      vertex 91.5 -87 215
      vertex 90.5 -87 227
      vertex 91.5 -87 227
    endloop
  endfacet
  facet normal 0 1 0
    outer loop
      vertex 90.5 -87 227
      vertex 91.5 -87 215
      vertex 90.5 -87 215
    endloop
  endfacet
  facet normal -1 0 0
    outer loop
      vertex 85.5 90.5 210
      vertex 85.5 93.03553771972656 209.46446228027344
      vertex 85.5 92 208.6698760986328
    endloop
  endfacet
  facet normal -1 0 0
    outer loop
      vertex 85.5 90.5 210
      vertex 85.5 92 208.6698760986328
      vertex 85.5 90.79409790039062 208.1703643798828
    endloop
  endfacet
  facet normal -1 0 0
    outer loop
      vertex 85.5 90.5 210
      vertex 85.5 90.79409790039062 208.1703643798828
      vertex 85.5 90.5 208.13165283203125
    endloop
  endfacet
  facet normal -1 0 0
    outer loop
      vertex 85.5 93.03553771972656 209.46446228027344
      vertex 85.5 90.5 210
      vertex 85.5 93.44646453857422 210
    endloop
  endfacet
  facet normal -1 0 0
    outer loop
      vertex 85.5 90.5 227
      vertex 85.5 94.5 232
      vertex 85.5 94.5 227
    endloop
  endfacet
  facet normal -1 0 0
    outer loop
      vertex 85.5 94.5 232
      vertex 85.5 90.5 227
      vertex 85.5 90.5 232
    endloop
  endfacet
  facet normal 1 0 0
    outer loop
      vertex -85.5 90.5 210
      vertex -85.5 93.03553771972656 209.46446228027344
      vertex -85.5 93.44646453857422 210
    endloop
  endfacet
  facet normal 1 0 0
    outer loop
      vertex -85.5 93.03553771972656 209.46446228027344
      vertex -85.5 90.5 210
      vertex -85.5 92 208.6698760986328
    endloop
  endfacet
  facet normal 1 0 0
    outer loop
      vertex -85.5 92 208.6698760986328
      vertex -85.5 90.5 210
      vertex -85.5 90.79409790039062 208.1703643798828
    endloop
  endfacet
  facet normal 1 0 0
    outer loop
      vertex -85.5 90.79409790039062 208.1703643798828
      vertex -85.5 90.5 210
      vertex -85.5 90.5 208.13165283203125
    endloop
  endfacet
  facet normal 1 0 0
    outer loop
      vertex -85.5 90.5 232
      vertex -85.5 94.5 227
      vertex -85.5 94.5 232
    endloop
  endfacet
  facet normal 1 0 0
    outer loop
      vertex -85.5 94.5 227
      vertex -85.5 90.5 232
      vertex -85.5 90.5 227
    endloop
  endfacet
  facet normal 0.9410747261068023 0.08753227974931005 -0.32667485346272934
    outer loop
      vertex 115 9.287610054016113 313.07147216796875
      vertex 94.5 -72.87612915039062 232
      vertex 90.5 -29.871435165405273 232
    endloop
  endfacet
  facet normal 0.9410747223413888 0.08753228895737639 -0.32667486184272004
    outer loop
      vertex 115 -116.28274536132812 279.42498779296875
      vertex 94.5 -72.87612915039062 232
      vertex 115 9.287610054016113 313.07147216796875
    endloop
  endfacet
  facet normal 0.9410746963890764 0.08753215613157253 -0.3266749721958594
    outer loop
      vertex 94.5 -72.87612915039062 232
      vertex 115 -116.28274536132812 279.42498779296875
      vertex 94.5 -89.5 227.545654296875
    endloop
  endfacet
  facet normal 0.94107467945401 0.08753193270304148 -0.3266750808491557
    outer loop
      vertex 94.5 -89.5 227.545654296875
      vertex 115 -116.28274536132812 279.42498779296875
      vertex 94.4067153930664 -90.20855712890625 227.08706665039062
    endloop
  endfacet
  facet normal 0.9410747881763367 0.08753201666797479 -0.3266747451470657
    outer loop
      vertex 90.5 -29.871435165405273 232
      vertex 96.696533203125 12.47669792175293 261.1979064941406
      vertex 115 9.287610054016113 313.07147216796875
    endloop
  endfacet
  facet normal 0.9410692726577312 0.08754194432854738 -0.3266879735200341
    outer loop
      vertex 96.696533203125 12.47669792175293 261.1979064941406
      vertex 90.5 -29.871435165405273 232
      vertex 96.62132263183594 12.378680229187012 260.9549865722656
    endloop
  endfacet
  facet normal 0.9410747311766279 0.08753217181307038 -0.3266748677791492
    outer loop
      vertex 96.62132263183594 12.378680229187012 260.9549865722656
      vertex 90.5 -29.871435165405273 232
      vertex 96 11.901924133300781 259.037353515625
    endloop
  endfacet
  facet normal 0.9410737052025608 0.08753391716968964 -0.326677355690984
    outer loop
      vertex 96 11.901924133300781 259.037353515625
      vertex 90.5 -29.871435165405273 232
      vertex 95.27645874023438 11.60222339630127 256.8727111816406
    endloop
  endfacet
  facet normal 0.9410748235609177 0.08753214156372402 -0.32667460974654267
    outer loop
      vertex 95.27645874023438 11.60222339630127 256.8727111816406
      vertex 90.5 -29.871435165405273 232
      vertex 94.5 11.5 254.6085205078125
    endloop
  endfacet
  facet normal 0.9410747403574067 0.08753226283573229 -0.3266748169420105
    outer loop
      vertex 94.5 11.5 254.6085205078125
      vertex 90.5 -29.871435165405273 232
      vertex 85.26339721679688 11.5 228
    endloop
  endfacet
  facet normal 0.9410747584548934 0.08753227036205535 -0.32667476279065116
    outer loop
      vertex 85.26339721679688 11.5 228
      vertex 90.5 -29.871435165405273 232
      vertex 90.5 -44.79963302612305 228
    endloop
  endfacet
  facet normal 0.9410750621060613 0.0875287399996836 -0.3266748339804285
    outer loop
      vertex 85.0773696899414 13.5 228
      vertex 84.98271942138672 14.517642974853516 228
      vertex 90.82337951660156 13.5 244.5529327392578
    endloop
  endfacet
  facet normal 0 -0.8950745662543793 -0.4459164953716497
    outer loop
      vertex -115 -116.28274536132812 279.42498779296875
      vertex -93.32666015625 -92.6561279296875 232
      vertex 115 -116.28274536132812 279.42498779296875
    endloop
  endfacet
  facet normal 0.000002541627678030799 -0.895075029850868 -0.4459155648001177
    outer loop
      vertex -115 -116.28274536132812 279.42498779296875
      vertex -93.83012390136719 -92 230.68296813964844
      vertex -93.32666015625 -92.6561279296875 232
    endloop
  endfacet
  facet normal 0.000002077332053021914 -0.8950749493656459 -0.4459157263584355
    outer loop
      vertex -115 -116.28274536132812 279.42498779296875
      vertex -94.32962799072266 -90.79409790039062 228.26239013671875
      vertex -93.83012390136719 -92 230.68296813964844
    endloop
  endfacet
  facet normal -0.000012073631922118734 -0.895072667405581 -0.44592030668908283
    outer loop
      vertex -94.32962799072266 -90.79409790039062 228.26239013671875
      vertex -115 -116.28274536132812 279.42498779296875
      vertex -94.4067153930664 -90.20855712890625 227.08706665039062
    endloop
  endfacet
  facet normal 0 -0.8950745662543794 -0.4459164953716497
    outer loop
      vertex 93.32666015625 -92.6561279296875 232
      vertex 115 -116.28274536132812 279.42498779296875
      vertex -93.32666015625 -92.6561279296875 232
    endloop
  endfacet
  facet normal -0.000002541627678030799 -0.895075029850868 -0.4459155648001177
    outer loop
      vertex 93.83012390136719 -92 230.68296813964844
      vertex 115 -116.28274536132812 279.42498779296875
      vertex 93.32666015625 -92.6561279296875 232
    endloop
  endfacet
  facet normal -0.000002077332053021914 -0.8950749493656459 -0.4459157263584355
    outer loop
      vertex 94.32962799072266 -90.79409790039062 228.26239013671875
      vertex 115 -116.28274536132812 279.42498779296875
      vertex 93.83012390136719 -92 230.68296813964844
    endloop
  endfacet
  facet normal 0.000012073631922118734 -0.895072667405581 -0.44592030668908283
    outer loop
      vertex 115 -116.28274536132812 279.42498779296875
      vertex 94.32962799072266 -90.79409790039062 228.26239013671875
      vertex 94.4067153930664 -90.20855712890625 227.08706665039062
    endloop
  endfacet
  facet normal -0.0000022032927129926895 -0.25881911004079206 0.9659258088863958
    outer loop
      vertex 115 9.287610054016113 313.07147216796875
      vertex 111.5875015258789 6.595091819763184 312.3500061035156
      vertex 115 -116.28274536132812 279.42498779296875
    endloop
  endfacet
  facet normal 0 -0.25882171543345206 0.9659251107720955
    outer loop
      vertex 115 9.287610054016113 313.07147216796875
      vertex -111.5875015258789 6.595091819763184 312.3500061035156
      vertex 111.5875015258789 6.595091819763184 312.3500061035156
    endloop
  endfacet
  facet normal 0.000002298772892515868 -0.258818997135451 0.9659258391390692
    outer loop
      vertex -111.5875015258789 6.595091819763184 312.3500061035156
      vertex -115 9.287610054016113 313.07147216796875
      vertex -111.5875015258789 -113.59022521972656 280.1464538574219
    endloop
  endfacet
  facet normal 0 -0.25882171543345206 0.9659251107720956
    outer loop
      vertex -115 9.287610054016113 313.07147216796875
      vertex -111.5875015258789 6.595091819763184 312.3500061035156
      vertex 115 9.287610054016113 313.07147216796875
    endloop
  endfacet
  facet normal 0.000002154111125170468 -0.2588189971355343 0.9659258391393803
    outer loop
      vertex 111.5875015258789 -113.59022521972656 280.1464538574219
      vertex 115 -116.28274536132812 279.42498779296875
      vertex 111.5875015258789 6.595091819763184 312.3500061035156
    endloop
  endfacet
  facet normal 0 -0.25882154436939153 0.9659251566090631
    outer loop
      vertex -111.5875015258789 -113.59022521972656 280.1464538574219
      vertex 115 -116.28274536132812 279.42498779296875
      vertex 111.5875015258789 -113.59022521972656 280.1464538574219
    endloop
  endfacet
  facet normal 0 -0.25882154436939153 0.9659251566090631
    outer loop
      vertex -111.5875015258789 -113.59022521972656 280.1464538574219
      vertex -115 -116.28274536132812 279.42498779296875
      vertex 115 -116.28274536132812 279.42498779296875
    endloop
  endfacet
  facet normal -0.0000020586308825410195 -0.2588191100408718 0.9659258088866934
    outer loop
      vertex -115 -116.28274536132812 279.42498779296875
      vertex -111.5875015258789 -113.59022521972656 280.1464538574219
      vertex -115 9.287610054016113 313.07147216796875
    endloop
  endfacet
  facet normal 0 0.998115561508313 0.061362251221292054
    outer loop
      vertex -88.5 11.5 277.0848388671875
      vertex 115 9.287610054016113 313.07147216796875
      vertex 94.5 11.5 277.0848388671875
    endloop
  endfacet
  facet normal 7.009617986142174e-7 0.9981155859641957 0.06136185341772974
    outer loop
      vertex 115 9.287610054016113 313.07147216796875
      vertex 95.27645874023438 11.60222339630127 275.42205810546875
      vertex 94.5 11.5 277.0848388671875
    endloop
  endfacet
  facet normal -2.346437182403644e-7 0.9981155559451197 0.061362341711423504
    outer loop
      vertex 115 9.287610054016113 313.07147216796875
      vertex 96 11.901924133300781 270.5471496582031
      vertex 95.27645874023438 11.60222339630127 275.42205810546875
    endloop
  endfacet
  facet normal -1.7611385059702235e-7 0.9981155575468141 0.061362315658565106
    outer loop
      vertex 115 9.287610054016113 313.07147216796875
      vertex 96.62132263183594 12.378680229187012 262.7922668457031
      vertex 96 11.901924133300781 270.5471496582031
    endloop
  endfacet
  facet normal 8.459924008914016e-7 0.9981155804289551 0.06136194345238944
    outer loop
      vertex 96.62132263183594 12.378680229187012 262.7922668457031
      vertex 115 9.287610054016113 313.07147216796875
      vertex 96.696533203125 12.47669792175293 261.1979064941406
    endloop
  endfacet
  facet normal 0 0.9981155615083129 0.06136225122129205
    outer loop
      vertex 115 9.287610054016113 313.07147216796875
      vertex -88.5 11.5 277.0848388671875
      vertex -115 9.287610054016113 313.07147216796875
    endloop
  endfacet
  facet normal -6.038408430728023e-7 0.998115588741896 0.06136180823650647
    outer loop
      vertex -89.27645874023438 11.60222339630127 275.42205810546875
      vertex -115 9.287610054016113 313.07147216796875
      vertex -88.5 11.5 277.0848388671875
    endloop
  endfacet
  facet normal 1.8968064618179095e-7 0.9981155555364002 0.06136234835978308
    outer loop
      vertex -90 11.901924133300781 270.5471496582031
      vertex -115 9.287610054016113 313.07147216796875
      vertex -89.27645874023438 11.60222339630127 275.42205810546875
    endloop
  endfacet
  facet normal 1.3891594155310195e-7 0.9981155573642863 0.061362318627646906
    outer loop
      vertex -90.62132263183594 12.378680229187012 262.7922668457031
      vertex -115 9.287610054016113 313.07147216796875
      vertex -90 11.901924133300781 270.5471496582031
    endloop
  endfacet
  facet normal 5.7745363553435696e-8 0.9981155597747704 0.06136227941898511
    outer loop
      vertex -91.09807586669922 13 252.6859130859375
      vertex -115 9.287610054016113 313.07147216796875
      vertex -90.62132263183594 12.378680229187012 262.7922668457031
    endloop
  endfacet
  facet normal -2.9694023381719834e-7 0.9981155683732764 0.06136213955529318
    outer loop
      vertex -115 9.287610054016113 313.07147216796875
      vertex -91.09807586669922 13 252.6859130859375
      vertex -91.27275085449219 13.421704292297363 245.82647705078125
    endloop
  endfacet
  facet normal 0 0.9981155612416676 0.06136225555853369
    outer loop
      vertex 84.98271942138672 14.517642974853516 228
      vertex -86.5 13.5 244.5529327392578
      vertex 90.82337951660156 13.5 244.5529327392578
    endloop
  endfacet
  facet normal 0 0.9981155612416677 0.06136225555853369
    outer loop
      vertex -84.98271942138672 14.517642974853516 228
      vertex -86.5 13.5 244.5529327392578
      vertex 84.98271942138672 14.517642974853516 228
    endloop
  endfacet
  facet normal 1.4871719037934185e-7 0.998115560406757 0.0613622691389709
    outer loop
      vertex -88 13.901924133300781 238.0152587890625
      vertex -86.5 13.5 244.5529327392578
      vertex -84.98271942138672 14.517642974853516 228
    endloop
  endfacet
  facet normal -9.078406286497528e-7 0.9981155455591634 0.06136251064216215
    outer loop
      vertex -86.5 13.5 244.5529327392578
      vertex -88 13.901924133300781 238.0152587890625
      vertex -87.27645874023438 13.60222339630127 242.89016723632812
    endloop
  endfacet
  facet normal -0.0000010450297409759357 0.9981155824327873 0.06136191085491
    outer loop
      vertex -88 13.901924133300781 238.0152587890625
      vertex -84.98271942138672 14.517642974853516 228
      vertex -88.09558868408203 13.975274085998535 236.8221435546875
    endloop
  endfacet
  facet normal -0.9410746649304058 0.08753223146741096 -0.3266750426348179
    outer loop
      vertex -90.5 -29.871435165405273 232
      vertex -88.5 11.5 237.3238983154297
      vertex -85.26339721679688 11.5 228
    endloop
  endfacet
  facet normal -0.9410747432568601 0.08753220705893112 -0.32667482353469973
    outer loop
      vertex -88.5 11.5 237.3238983154297
      vertex -90.5 -29.871435165405273 232
      vertex -115 9.287610054016113 313.07147216796875
    endloop
  endfacet
  facet normal -0.9410747584548934 0.08753227036205535 -0.32667476279065116
    outer loop
      vertex -90.5 -29.871435165405273 232
      vertex -85.26339721679688 11.5 228
      vertex -90.5 -44.79963302612305 228
    endloop
  endfacet
  facet normal -0.941074638961099 0.08753372583313483 -0.32667471702904527
    outer loop
      vertex -91.09807586669922 13 245.2102813720703
      vertex -115 9.287610054016113 313.07147216796875
      vertex -91.27275085449219 13.421704292297363 245.82647705078125
    endloop
  endfacet
  facet normal -0.9410746250083629 0.08753393736582879 -0.3266747005426106
    outer loop
      vertex -90.62132263183594 12.378680229187012 243.67037963867188
      vertex -115 9.287610054016113 313.07147216796875
      vertex -91.09807586669922 13 245.2102813720703
    endloop
  endfacet
  facet normal -0.9410747589696943 0.0875319993848428 -0.3266748339156595
    outer loop
      vertex -90 11.901924133300781 241.75274658203125
      vertex -115 9.287610054016113 313.07147216796875
      vertex -90.62132263183594 12.378680229187012 243.67037963867188
    endloop
  endfacet
  facet normal -0.9410748831062851 0.08753026508853683 -0.3266749410040848
    outer loop
      vertex -89.27645874023438 11.60222339630127 239.5880889892578
      vertex -115 9.287610054016113 313.07147216796875
      vertex -90 11.901924133300781 241.75274658203125
    endloop
  endfacet
  facet normal -0.9410745079599327 0.08753539099534663 -0.32667464822245124
    outer loop
      vertex -115 9.287610054016113 313.07147216796875
      vertex -89.27645874023438 11.60222339630127 239.5880889892578
      vertex -88.5 11.5 237.3238983154297
    endloop
  endfacet
  facet normal -0.9410747261068023 0.08753227974931005 -0.32667485346272934
    outer loop
      vertex -94.5 -72.87612915039062 232
      vertex -115 9.287610054016113 313.07147216796875
      vertex -90.5 -29.871435165405273 232
    endloop
  endfacet
  facet normal -0.9410746963890764 0.08753215613157253 -0.3266749721958594
    outer loop
      vertex -115 -116.28274536132812 279.42498779296875
      vertex -94.5 -72.87612915039062 232
      vertex -94.5 -89.5 227.545654296875
    endloop
  endfacet
  facet normal -0.94107467945401 0.08753193270304148 -0.3266750808491557
    outer loop
      vertex -115 -116.28274536132812 279.42498779296875
      vertex -94.5 -89.5 227.545654296875
      vertex -94.4067153930664 -90.20855712890625 227.08706665039062
    endloop
  endfacet
  facet normal -0.9410747223413888 0.08753228895737639 -0.32667486184272004
    outer loop
      vertex -94.5 -72.87612915039062 232
      vertex -115 -116.28274536132812 279.42498779296875
      vertex -115 9.287610054016113 313.07147216796875
    endloop
  endfacet
  facet normal -0.9410742974561436 0.08754154486929258 -0.32667360559023384
    outer loop
      vertex -87.27645874023438 13.60222339630127 234.36244201660156
      vertex -88.09558868408203 13.975274085998535 236.8221435546875
      vertex -84.98271942138672 14.517642974853516 228
    endloop
  endfacet
  facet normal -0.9410704053434671 0.08757134888837476 -0.3266768296658843
    outer loop
      vertex -88.09558868408203 13.975274085998535 236.8221435546875
      vertex -87.27645874023438 13.60222339630127 234.36244201660156
      vertex -88 13.901924133300781 236.52711486816406
    endloop
  endfacet
  facet normal -0.9410749611588337 0.08752873061065185 -0.32667512730170867
    outer loop
      vertex -86.5 13.5 232.0982666015625
      vertex -84.98271942138672 14.517642974853516 228
      vertex -85.0773696899414 13.5 228
    endloop
  endfacet
  facet normal -0.9410749935736983 0.08752335921712764 -0.3266764730763656
    outer loop
      vertex -84.98271942138672 14.517642974853516 228
      vertex -86.5 13.5 232.0982666015625
      vertex -87.27645874023438 13.60222339630127 234.36244201660156
    endloop
  endfacet
  facet normal -0.9429359476718643 -0.08618005467398941 0.32162835192897976
    outer loop
      vertex 90.5 -62.54715347290039 232
      vertex 86.35829162597656 11.5 239.69839477539062
      vertex 82.36805725097656 11.5 228
    endloop
  endfacet
  facet normal -0.9429359234947051 -0.08618006052788058 0.3216284212419645
    outer loop
      vertex 86.35829162597656 11.5 239.69839477539062
      vertex 90.5 -62.54715347290039 232
      vertex 111.5875015258789 6.595091819763184 312.3500061035156
    endloop
  endfacet
  facet normal -0.9429359889792751 -0.08618006591508086 0.32162822781364897
    outer loop
      vertex 90.5 -62.54715347290039 232
      vertex 82.36805725097656 11.5 228
      vertex 90.5 -77.47534942626953 228
    endloop
  endfacet
  facet normal -0.9429359164782619 -0.08618002465987815 0.3216284514232584
    outer loop
      vertex 111.5875015258789 -113.59022521972656 280.1464538574219
      vertex 90.5 -62.54715347290039 232
      vertex 93.00579833984375 -89.96426391601562 232
    endloop
  endfacet
  facet normal -0.9429359243449144 -0.08618005812129671 0.32162841939420084
    outer loop
      vertex 90.5 -62.54715347290039 232
      vertex 111.5875015258789 -113.59022521972656 280.1464538574219
      vertex 111.5875015258789 6.595091819763184 312.3500061035156
    endloop
  endfacet
  facet normal 0.000004148989742025772 0.8977377377176792 0.440530310262903
    outer loop
      vertex 89.03553771972656 -89.03553771972656 230.1073760986328
      vertex 87.67615509033203 -89.96426391601562 232
      vertex 88 -89.83012390136719 231.7266387939453
    endloop
  endfacet
  facet normal 0 0.8977385480986086 0.44052865883822123
    outer loop
      vertex 87.67615509033203 -89.96426391601562 232
      vertex 89.82903289794922 -88.00142669677734 228
      vertex -87.67615509033203 -89.96426391601562 232
    endloop
  endfacet
  facet normal 0.00000517091388321734 0.8977374474300094 0.44053090181633414
    outer loop
      vertex 87.67615509033203 -89.96426391601562 232
      vertex 89.03553771972656 -89.03553771972656 230.1073760986328
      vertex 89.82903289794922 -88.00142669677734 228
    endloop
  endfacet
  facet normal 0 0.8977385480986088 0.4405286588382213
    outer loop
      vertex -89.82903289794922 -88.00142669677734 228
      vertex -87.67615509033203 -89.96426391601562 232
      vertex 89.82903289794922 -88.00142669677734 228
    endloop
  endfacet
  facet normal -0.00000517091388321734 0.8977374474300094 0.44053090181633414
    outer loop
      vertex -89.03553771972656 -89.03553771972656 230.1073760986328
      vertex -87.67615509033203 -89.96426391601562 232
      vertex -89.82903289794922 -88.00142669677734 228
    endloop
  endfacet
  facet normal -0.000004148989742025772 0.8977377377176792 0.440530310262903
    outer loop
      vertex -87.67615509033203 -89.96426391601562 232
      vertex -89.03553771972656 -89.03553771972656 230.1073760986328
      vertex -88 -89.83012390136719 231.7266387939453
    endloop
  endfacet
  facet normal 0 0.897738191174652 0.44052938620081206
    outer loop
      vertex 87.67615509033203 -89.96426391601562 232
      vertex 111.5875015258789 -113.59022521972656 280.1464538574219
      vertex 93.00579833984375 -89.96426391601562 232
    endloop
  endfacet
  facet normal 0 0.8977381911746519 0.44052938620081206
    outer loop
      vertex 111.5875015258789 -113.59022521972656 280.1464538574219
      vertex 87.67615509033203 -89.96426391601562 232
      vertex -111.5875015258789 -113.59022521972656 280.1464538574219
    endloop
  endfacet
  facet normal 0 0.8977381911746518 0.440529386200812
    outer loop
      vertex -87.67615509033203 -89.96426391601562 232
      vertex -111.5875015258789 -113.59022521972656 280.1464538574219
      vertex 87.67615509033203 -89.96426391601562 232
    endloop
  endfacet
  facet normal 0 0.897738191174652 0.44052938620081206
    outer loop
      vertex -111.5875015258789 -113.59022521972656 280.1464538574219
      vertex -87.67615509033203 -89.96426391601562 232
      vertex -93.00579833984375 -89.96426391601562 232
    endloop
  endfacet
  facet normal 0 -0.9977287772303169 -0.0673593875157477
    outer loop
      vertex -86.35829162597656 11.5 239.69839477539062
      vertex 111.5875015258789 6.595091819763184 312.3500061035156
      vertex -111.5875015258789 6.595091819763184 312.3500061035156
    endloop
  endfacet
  facet normal 0 -0.9977287772303169 -0.06735938751574772
    outer loop
      vertex 111.5875015258789 6.595091819763184 312.3500061035156
      vertex -86.35829162597656 11.5 239.69839477539062
      vertex 86.35829162597656 11.5 239.69839477539062
    endloop
  endfacet
  facet normal 0.9429359243449144 -0.08618005812129671 0.32162841939420084
    outer loop
      vertex -111.5875015258789 -113.59022521972656 280.1464538574219
      vertex -90.5 -62.54715347290039 232
      vertex -111.5875015258789 6.595091819763184 312.3500061035156
    endloop
  endfacet
  facet normal 0.9429359164782619 -0.08618002465987815 0.3216284514232584
    outer loop
      vertex -90.5 -62.54715347290039 232
      vertex -111.5875015258789 -113.59022521972656 280.1464538574219
      vertex -93.00579833984375 -89.96426391601562 232
    endloop
  endfacet
  facet normal 0.9429359234947051 -0.08618006052788058 0.3216284212419645
    outer loop
      vertex -90.5 -62.54715347290039 232
      vertex -86.35829162597656 11.5 239.69839477539062
      vertex -111.5875015258789 6.595091819763184 312.3500061035156
    endloop
  endfacet
  facet normal 0.9429359476718643 -0.08618005467398941 0.32162835192897976
    outer loop
      vertex -86.35829162597656 11.5 239.69839477539062
      vertex -90.5 -62.54715347290039 232
      vertex -82.36805725097656 11.5 228
    endloop
  endfacet
  facet normal 0.9429359889792751 -0.08618006591508086 0.32162822781364897
    outer loop
      vertex -82.36805725097656 11.5 228
      vertex -90.5 -62.54715347290039 232
      vertex -90.5 -77.47534942626953 228
    endloop
  endfacet
  facet normal 0 0 -1
    outer loop
      vertex 85.0773696899414 13.5 228
      vertex -84.98271942138672 14.517642974853516 228
      vertex 84.98271942138672 14.517642974853516 228
    endloop
  endfacet
  facet normal 0 0 -1
    outer loop
      vertex -84.98271942138672 14.517642974853516 228
      vertex 85.0773696899414 13.5 228
      vertex -85.0773696899414 13.5 228
    endloop
  endfacet
  facet normal 0 0 -1
    outer loop
      vertex -90.5 -44.79963302612305 228
      vertex -82.36805725097656 11.5 228
      vertex -90.5 -77.47534942626953 228
    endloop
  endfacet
  facet normal 0 0 -1
    outer loop
      vertex -82.36805725097656 11.5 228
      vertex -90.5 -44.79963302612305 228
      vertex -85.26339721679688 11.5 228
    endloop
  endfacet
  facet normal 0 0 -1
    outer loop
      vertex 82.36805725097656 11.5 228
      vertex 90.5 -44.79963302612305 228
      vertex 90.5 -77.47534942626953 228
    endloop
  endfacet
  facet normal 0 0 -1
    outer loop
      vertex 90.5 -44.79963302612305 228
      vertex 82.36805725097656 11.5 228
      vertex 85.26339721679688 11.5 228
    endloop
  endfacet
  facet normal 0 0 -1
    outer loop
      vertex 88 -89.83012390136719 228
      vertex 89.82903289794922 -88.00142669677734 228
      vertex 89.03553771972656 -89.03553771972656 228
    endloop
  endfacet
  facet normal 0 0 -1
    outer loop
      vertex 86.79409790039062 -90.32962799072266 228
      vertex 89.82903289794922 -88.00142669677734 228
      vertex 88 -89.83012390136719 228
    endloop
  endfacet
  facet normal 0 0 -1
    outer loop
      vertex 85.5 -90.5 228
      vertex 89.82903289794922 -88.00142669677734 228
      vertex 86.79409790039062 -90.32962799072266 228
    endloop
  endfacet
  facet normal 0 0 -1
    outer loop
      vertex -85.5 -90.5 228
      vertex 89.82903289794922 -88.00142669677734 228
      vertex 85.5 -90.5 228
    endloop
  endfacet
  facet normal 0 0 -1
    outer loop
      vertex -89.82903289794922 -88.00142669677734 228
      vertex -85.5 -90.5 228
      vertex -86.79409790039062 -90.32962799072266 228
    endloop
  endfacet
  facet normal 0 0 -1
    outer loop
      vertex -89.82903289794922 -88.00142669677734 228
      vertex -86.79409790039062 -90.32962799072266 228
      vertex -88 -89.83012390136719 228
    endloop
  endfacet
  facet normal 0 0 -1
    outer loop
      vertex -89.82903289794922 -88.00142669677734 228
      vertex -88 -89.83012390136719 228
      vertex -89.03553771972656 -89.03553771972656 228
    endloop
  endfacet
  facet normal 0 0 -1
    outer loop
      vertex -85.5 -90.5 228
      vertex -89.82903289794922 -88.00142669677734 228
      vertex 89.82903289794922 -88.00142669677734 228
    endloop
  endfacet
  facet normal -0.6642639673533278 0.6642639673533278 0.3427925952409619
    outer loop
      vertex -90.2032699584961 95.84435272216797 297.7764587402344
      vertex -90.84435272216797 95.2032699584961 297.7764587402344
      vertex -90.33712005615234 95.33712005615234 298.5
    endloop
  endfacet
  facet normal 1 0 0
    outer loop
      vertex 97.5 14.5 297
      vertex 97.5 93.5 213
      vertex 97.5 93.5 297
    endloop
  endfacet
  facet normal 1 0 0
    outer loop
      vertex 97.5 93.5 213
      vertex 97.5 14.5 297
      vertex 97.5 14.5 213
    endloop
  endfacet
  facet normal -0.37794562082591526 0.1565496254235654 0.9124962040897785
    outer loop
      vertex -89.56066131591797 94.56066131591797 299.59808349609375
      vertex -90 93.5 299.59808349609375
      vertex -89.27645874023438 93.5 299.89776611328125
    endloop
  endfacet
  facet normal 0 0.9238807634942465 -0.3826804604958137
    outer loop
      vertex 94.5 96.09807586669922 211.5
      vertex -88.5 96.39777374267578 212.22354125976562
      vertex 94.5 96.39777374267578 212.22354125976562
    endloop
  endfacet
  facet normal 0 0.9238807634942465 -0.3826804604958137
    outer loop
      vertex -88.5 96.39777374267578 212.22354125976562
      vertex 94.5 96.09807586669922 211.5
      vertex -88.5 96.09807586669922 211.5
    endloop
  endfacet
  facet normal -0.3779616271886687 -0.15655653698160543 -0.9124883884747361
    outer loop
      vertex -89.56066131591797 13.439340591430664 210.40191650390625
      vertex -90 14.5 210.40191650390625
      vertex -89.27645874023438 14.5 210.1022186279297
    endloop
  endfacet
  facet normal 0.7836579025792687 -0.15588127527996964 -0.6013163225309551
    outer loop
      vertex 96.90030670166016 13.505760192871094 211.5
      vertex 96.62132263183594 14.5 210.87867736816406
      vertex 97.09807586669922 14.5 211.5
    endloop
  endfacet
  facet normal -0.3826804604958138 0 -0.9238807634942466
    outer loop
      vertex -90 87.58988952636719 210.40191650390625
      vertex -89.27645874023438 88.7215576171875 210.1022186279297
      vertex -89.27645874023438 14.5 210.1022186279297
    endloop
  endfacet
  facet normal -0.3826804604958138 0 -0.9238807634942465
    outer loop
      vertex -90 87.58988952636719 210.40191650390625
      vertex -89.27645874023438 14.5 210.1022186279297
      vertex -90 14.5 210.40191650390625
    endloop
  endfacet
  facet normal -0.3827322789220686 0.00003881539966548828 -0.9238592972766386
    outer loop
      vertex -89.27645874023438 88.7215576171875 210.1022186279297
      vertex -90 87.58988952636719 210.40191650390625
      vertex -89.83012390136719 88 210.33155822753906
    endloop
  endfacet
  facet normal -0.38266382983911906 0 0.9238876518997631
    outer loop
      vertex -90 93.5 299.59808349609375
      vertex -89.27645874023438 92.56935119628906 299.89776611328125
      vertex -89.27645874023438 93.5 299.89776611328125
    endloop
  endfacet
  facet normal -0.38262910112618004 0.00003163166603010237 0.9239020348342183
    outer loop
      vertex -89.27645874023438 92.56935119628906 299.89776611328125
      vertex -90 93.5 299.59808349609375
      vertex -89.39777374267578 92.27645874023438 299.8475341796875
    endloop
  endfacet
  facet normal -0.3826605694397148 0 0.9238890023136292
    outer loop
      vertex -89.5 91.5 299.80517578125
      vertex -90 93.5 299.59808349609375
      vertex -89.5 16.5 299.80517578125
    endloop
  endfacet
  facet normal -0.3827080957734667 -0.000013920014663536346 0.9238693161024888
    outer loop
      vertex -89.39777374267578 92.27645874023438 299.8475341796875
      vertex -90 93.5 299.59808349609375
      vertex -89.5 91.5 299.80517578125
    endloop
  endfacet
  facet normal -0.38262910107974296 -0.000031631643497623394 0.9239020348534507
    outer loop
      vertex -90 14.5 299.59808349609375
      vertex -89.27645874023438 15.43065071105957 299.89776611328125
      vertex -89.39777374267578 15.723543167114258 299.8475341796875
    endloop
  endfacet
  facet normal -0.3827080958499381 0.000013920037061553364 0.9238693160708105
    outer loop
      vertex -90 14.5 299.59808349609375
      vertex -89.39777374267578 15.723543167114258 299.8475341796875
      vertex -89.5 16.5 299.80517578125
    endloop
  endfacet
  facet normal -0.382663829839119 0 0.923887651899763
    outer loop
      vertex -89.27645874023438 15.43065071105957 299.89776611328125
      vertex -90 14.5 299.59808349609375
      vertex -89.27645874023438 14.5 299.89776611328125
    endloop
  endfacet
  facet normal -0.3826605694397148 0 0.9238890023136292
    outer loop
      vertex -90 14.5 299.59808349609375
      vertex -89.5 16.5 299.80517578125
      vertex -90 93.5 299.59808349609375
    endloop
  endfacet
  facet normal 0.9183316430784606 0.3803819604729015 -0.10943745916095965
    outer loop
      vertex 97.25595092773438 94.39546203613281 212.22354125976562
      vertex 97.09807586669922 95 213
      vertex 97.39777374267578 94.27645874023438 213
    endloop
  endfacet
  facet normal -0.5113915028689551 0.21182451603482 0.8328319789729773
    outer loop
      vertex -89.56066131591797 94.56066131591797 299.59808349609375
      vertex -90.33712005615234 94.56066131591797 299.1213073730469
      vertex -90 93.5 299.59808349609375
    endloop
  endfacet
  facet normal -0.14478564333427876 -0.9141445955052206 -0.37865125906680364
    outer loop
      vertex -88.5 11.60222339630127 212.22354125976562
      vertex -89.39546203613281 11.744050025939941 212.22354125976562
      vertex -88.5 11.901924133300781 211.5
    endloop
  endfacet
  facet normal -0.4563553290204478 0.6829936335246285 0.5703152726689549
    outer loop
      vertex -89.4942398071289 95.90030670166016 298.5
      vertex -90.33712005615234 95.33712005615234 298.5
      vertex -89.56066131591797 95.33712005615234 299.1213073730469
    endloop
  endfacet
  facet normal -0.1609901560140616 -0.6008250640128557 -0.7830015403053279
    outer loop
      vertex -88.5 12.378680229187012 210.87867736816406
      vertex -89.56066131591797 12.662882804870605 210.87867736816406
      vertex -88.5 13 210.40191650390625
    endloop
  endfacet
  facet normal 0 0.9914442789083515 0.13053061640817712
    outer loop
      vertex 94.5 96.5 297
      vertex -88.5 96.39777374267578 297.7764587402344
      vertex 94.5 96.39777374267578 297.7764587402344
    endloop
  endfacet
  facet normal 0 0.9914442789083515 0.13053061640817712
    outer loop
      vertex -88.5 96.39777374267578 297.7764587402344
      vertex 94.5 96.5 297
      vertex -88.5 96.5 297
    endloop
  endfacet
  facet normal -0.37796842189177354 0.1565496737594915 -0.9124867515194065
    outer loop
      vertex -89.5 93.6104965209961 210.21377563476562
      vertex -89.56066131591797 94.56066131591797 210.40191650390625
      vertex -89.28497314453125 93.53179931640625 210.1112060546875
    endloop
  endfacet
  facet normal -0.3779485452091739 0.1565524777027805 -0.9124945034899605
    outer loop
      vertex -89.56066131591797 94.56066131591797 210.40191650390625
      vertex -89.5 93.6104965209961 210.21377563476562
      vertex -89.92984771728516 93.66937255859375 210.40191650390625
    endloop
  endfacet
  facet normal 0.5008306870097465 0.7495566479647616 0.432820348922247
    outer loop
      vertex 96.2032699584961 95.84435272216797 297.7764587402344
      vertex 95.4942398071289 95.90030670166016 298.5
      vertex 96.33712005615234 95.33712005615234 298.5
    endloop
  endfacet
  facet normal 0.9238807634942466 0.3826804604958138 0
    outer loop
      vertex 97.39777374267578 94.27645874023438 297
      vertex 97.09807586669922 95 213
      vertex 97.09807586669922 95 297
    endloop
  endfacet
  facet normal 0.9238807634942466 0.3826804604958138 0
    outer loop
      vertex 97.09807586669922 95 213
      vertex 97.39777374267578 94.27645874023438 297
      vertex 97.39777374267578 94.27645874023438 213
    endloop
  endfacet
  facet normal 0.78942708016781 -0.6057459167381941 0.09938193725587571
    outer loop
      vertex 96.84435272216797 12.796730041503906 297.7764587402344
      vertex 96.62132263183594 12.378680229187012 297
      vertex 97.09807586669922 13 297
    endloop
  endfacet
  facet normal -0.5298711542142587 0.5298711542142587 -0.662173028643797
    outer loop
      vertex -89.56066131591797 95.33712005615234 210.87867736816406
      vertex -90.33712005615234 94.56066131591797 210.87867736816406
      vertex -90.33712005615234 95.33712005615234 211.5
    endloop
  endfacet
  facet normal 0.4563571314206917 -0.6829905483215811 0.5703175251602072
    outer loop
      vertex 95.56066131591797 12.662882804870605 299.1213073730469
      vertex 95.4942398071289 12.099691390991211 298.5
      vertex 96.33712005615234 12.662882804870605 298.5
    endloop
  endfacet
  facet normal -0.6962108978627733 -0.6962129692347244 0.17486534009482774
    outer loop
      vertex -90.2032699584961 12.155649185180664 297.7764587402344
      vertex -90.84435272216797 12.796730041503906 297.7764587402344
      vertex -90.62132263183594 12.378680229187012 297
    endloop
  endfacet
  facet normal -0.16099331491464614 -0.6008368532221645 0.7829918443782672
    outer loop
      vertex -88.5 13 299.59808349609375
      vertex -89.56066131591797 12.662882804870605 299.1213073730469
      vertex -88.5 12.378680229187012 299.1213073730469
    endloop
  endfacet
  facet normal -0.608776296270778 0 0.7933419320184922
    outer loop
      vertex -90.62132263183594 93.5 299.1213073730469
      vertex -90 14.5 299.59808349609375
      vertex -90 93.5 299.59808349609375
    endloop
  endfacet
  facet normal -0.608776296270778 0 0.7933419320184922
    outer loop
      vertex -90 14.5 299.59808349609375
      vertex -90.62132263183594 93.5 299.1213073730469
      vertex -90.62132263183594 14.5 299.1213073730469
    endloop
  endfacet
  facet normal 0 0 -1
    outer loop
      vertex 85.5 90.5 210
      vertex 90.5 85.5 210
      vertex 90.5 14.5 210
    endloop
  endfacet
  facet normal 0 0 -1
    outer loop
      vertex 90.5 85.5 210
      vertex 85.5 90.5 210
      vertex 90.32962799072266 86.79409790039062 210
    endloop
  endfacet
  facet normal 0 0 -1
    outer loop
      vertex 90.32962799072266 86.79409790039062 210
      vertex 85.5 90.5 210
      vertex 89.83012390136719 88 210
    endloop
  endfacet
  facet normal 0 0 -1
    outer loop
      vertex 89.83012390136719 88 210
      vertex 85.5 90.5 210
      vertex 89.03553771972656 89.03553771972656 210
    endloop
  endfacet
  facet normal 0 0 -1
    outer loop
      vertex 89.03553771972656 89.03553771972656 210
      vertex 85.5 90.5 210
      vertex 88 89.83012390136719 210
    endloop
  endfacet
  facet normal 0 0 -1
    outer loop
      vertex 88 89.83012390136719 210
      vertex 85.5 90.5 210
      vertex 86.79409790039062 90.32962799072266 210
    endloop
  endfacet
  facet normal 0 0 -1
    outer loop
      vertex 85.5 90.5 210
      vertex -85.5 90.5 210
      vertex 85.5 93.44646453857422 210
    endloop
  endfacet
  facet normal 0 0 -1
    outer loop
      vertex -88.5 14.5 210
      vertex 85.5 90.5 210
      vertex 90.5 14.5 210
    endloop
  endfacet
  facet normal 0 0 -1
    outer loop
      vertex 85.5 90.5 210
      vertex -88.5 14.5 210
      vertex -85.5 90.5 210
    endloop
  endfacet
  facet normal 0 0 -1
    outer loop
      vertex -88.5 89.44646453857422 210
      vertex -85.5 90.5 210
      vertex -88.5 14.5 210
    endloop
  endfacet
  facet normal 0 0 -1
    outer loop
      vertex -85.5 90.5 210
      vertex -88.5 89.44646453857422 210
      vertex -86.79409790039062 90.32962799072266 210
    endloop
  endfacet
  facet normal 0 0 -1
    outer loop
      vertex -86.79409790039062 90.32962799072266 210
      vertex -88.5 89.44646453857422 210
      vertex -88 89.83012390136719 210
    endloop
  endfacet
  facet normal 0 0 -1
    outer loop
      vertex 93.44646453857422 89.5 210
      vertex 94.5 14.5 210
      vertex 93.44646453857422 14.5 210
    endloop
  endfacet
  facet normal 0 0 -1
    outer loop
      vertex 94.5 14.5 210
      vertex 93.44646453857422 89.5 210
      vertex 94.5 93.5 210
    endloop
  endfacet
  facet normal 0 0 -1
    outer loop
      vertex 93.2760009765625 90.35696411132812 210
      vertex 94.5 93.5 210
      vertex 93.44646453857422 89.5 210
    endloop
  endfacet
  facet normal 0 0 -1
    outer loop
      vertex 93.04729461669922 91.21051788330078 210
      vertex 94.5 93.5 210
      vertex 93.2760009765625 90.35696411132812 210
    endloop
  endfacet
  facet normal 0 0 -1
    outer loop
      vertex 92.56185913085938 91.93701934814453 210
      vertex 94.5 93.5 210
      vertex 93.04729461669922 91.21051788330078 210
    endloop
  endfacet
  facet normal 0 0 -1
    outer loop
      vertex 91.93701934814453 92.56185913085938 210
      vertex 94.5 93.5 210
      vertex 92.56185913085938 91.93701934814453 210
    endloop
  endfacet
  facet normal 0 0 -1
    outer loop
      vertex 91.21051788330078 93.04729461669922 210
      vertex 94.5 93.5 210
      vertex 91.93701934814453 92.56185913085938 210
    endloop
  endfacet
  facet normal 0 0 -1
    outer loop
      vertex 90.35696411132812 93.2760009765625 210
      vertex 94.5 93.5 210
      vertex 91.21051788330078 93.04729461669922 210
    endloop
  endfacet
  facet normal 0 0 -1
    outer loop
      vertex 89.5 93.44646453857422 210
      vertex 94.5 93.5 210
      vertex 90.35696411132812 93.2760009765625 210
    endloop
  endfacet
  facet normal 0 0 -1
    outer loop
      vertex 85.5 93.44646453857422 210
      vertex 94.5 93.5 210
      vertex 89.5 93.44646453857422 210
    endloop
  endfacet
  facet normal 0 0 -1
    outer loop
      vertex -85.5 93.44646453857422 210
      vertex 85.5 93.44646453857422 210
      vertex -85.5 90.5 210
    endloop
  endfacet
  facet normal 0 0 -1
    outer loop
      vertex -88.5 93.5 210
      vertex 85.5 93.44646453857422 210
      vertex -85.5 93.44646453857422 210
    endloop
  endfacet
  facet normal 0 0 -1
    outer loop
      vertex -88.5 93.5 210
      vertex -85.5 93.44646453857422 210
      vertex -88.5 93.44646453857422 210
    endloop
  endfacet
  facet normal 0 0 -1
    outer loop
      vertex 85.5 93.44646453857422 210
      vertex -88.5 93.5 210
      vertex 94.5 93.5 210
    endloop
  endfacet
  facet normal -0.8780678309222738 0.4473973745093619 -0.16980127673719891
    outer loop
      vertex -90.84435272216797 95.2032699584961 212.22354125976562
      vertex -91.25595092773438 94.39546203613281 212.22354125976562
      vertex -91.09807586669922 95 213
    endloop
  endfacet
  facet normal 0.15588127527996964 0.7836579025792687 -0.6013163225309551
    outer loop
      vertex 95.4942398071289 95.90030670166016 211.5
      vertex 94.5 95.62132263183594 210.87867736816406
      vertex 94.5 96.09807586669922 211.5
    endloop
  endfacet
  facet normal 0.8925679205809148 -0.17754510645041302 -0.4144879278403333
    outer loop
      vertex 97.25595092773438 13.604537963867188 212.22354125976562
      vertex 96.90030670166016 13.505760192871094 211.5
      vertex 97.09807586669922 14.5 211.5
    endloop
  endfacet
  facet normal 0 -0.3826795994346052 -0.923881120153762
    outer loop
      vertex 93.75486755371094 13 210.40191650390625
      vertex 94.5 13.723543167114258 210.1022186279297
      vertex 94.5 13 210.40191650390625
    endloop
  endfacet
  facet normal 0 -0.3826795994346052 -0.923881120153762
    outer loop
      vertex 94.5 13.723543167114258 210.1022186279297
      vertex 93.75486755371094 13 210.40191650390625
      vertex 93.52490234375 13.723543167114258 210.1022186279297
    endloop
  endfacet
  facet normal 0 -0.3826795994346052 -0.923881120153762
    outer loop
      vertex -88.5 13 210.40191650390625
      vertex 90.5 13.723543167114258 210.1022186279297
      vertex 90.5 13 210.40191650390625
    endloop
  endfacet
  facet normal 0 -0.3826795994346052 -0.923881120153762
    outer loop
      vertex 90.5 13.723543167114258 210.1022186279297
      vertex -88.5 13 210.40191650390625
      vertex -88.5 13.723543167114258 210.1022186279297
    endloop
  endfacet
  facet normal -0.7894283566987844 0.6057441069494627 0.09938282817395985
    outer loop
      vertex -90.62132263183594 95.62132263183594 297
      vertex -91.09807586669922 95 297
      vertex -90.84435272216797 95.2032699584961 297.7764587402344
    endloop
  endfacet
  facet normal -0.1565496254235654 0.37794562082591526 0.9124962040897785
    outer loop
      vertex -88.5 95 299.59808349609375
      vertex -89.56066131591797 94.56066131591797 299.59808349609375
      vertex -88.5 94.27645874023438 299.89776611328125
    endloop
  endfacet
  facet normal -0.5298709714913029 -0.5298716222985268 -0.6621728002973167
    outer loop
      vertex -89.56066131591797 12.662882804870605 210.87867736816406
      vertex -90.33712005615234 12.662882804870605 211.5
      vertex -90.33712005615234 13.439340591430664 210.87867736816406
    endloop
  endfacet
  facet normal -0.6087649226004268 0 -0.7933506595518129
    outer loop
      vertex -90.5 85.5 210.78558349609375
      vertex -90 87.58988952636719 210.40191650390625
      vertex -90 14.5 210.40191650390625
    endloop
  endfacet
  facet normal -0.6087649226004267 0 -0.7933506595518128
    outer loop
      vertex -90.5 85.5 210.78558349609375
      vertex -90 14.5 210.40191650390625
      vertex -90.5 14.5 210.78558349609375
    endloop
  endfacet
  facet normal -0.6088014530277734 0.000013886072350074849 -0.7933226270556315
    outer loop
      vertex -90 87.58988952636719 210.40191650390625
      vertex -90.5 85.5 210.78558349609375
      vertex -90.32962799072266 86.79409790039062 210.6548614501953
    endloop
  endfacet
  facet normal -0.21254105671300658 -0.21254157881530095 -0.9537569797836436
    outer loop
      vertex -88.5 13.723543167114258 210.1022186279297
      vertex -89.56066131591797 13.439340591430664 210.40191650390625
      vertex -89.27645874023438 14.5 210.1022186279297
    endloop
  endfacet
  facet normal -0.7495554693279941 -0.5008315994741367 0.43282133423465674
    outer loop
      vertex -90.33712005615234 12.662882804870605 298.5
      vertex -90.90030670166016 13.505760192871094 298.5
      vertex -90.84435272216797 12.796730041503906 297.7764587402344
    endloop
  endfacet
  facet normal -0.1558780859617904 -0.7836494267664275 0.6013281951193861
    outer loop
      vertex -88.5 12.378680229187012 299.1213073730469
      vertex -89.4942398071289 12.099691390991211 298.5
      vertex -88.5 11.901924133300781 298.5
    endloop
  endfacet
  facet normal 0.21182087260741392 -0.5113804867131863 -0.8328396698865986
    outer loop
      vertex 95.56066131591797 12.662882804870605 210.87867736816406
      vertex 94.5 13 210.40191650390625
      vertex 95.56066131591797 13.439340591430664 210.40191650390625
    endloop
  endfacet
  facet normal 0.4563607767858875 -0.6829960040267788 -0.5703080745481635
    outer loop
      vertex 96.33712005615234 12.662882804870605 211.5
      vertex 95.4942398071289 12.099691390991211 211.5
      vertex 95.56066131591797 12.662882804870605 210.87867736816406
    endloop
  endfacet
  facet normal -0.8340065040221933 -0.4249470337973131 0.3519277904848447
    outer loop
      vertex -90.90030670166016 13.505760192871094 298.5
      vertex -91.25595092773438 13.604537963867188 297.7764587402344
      vertex -90.84435272216797 12.796730041503906 297.7764587402344
    endloop
  endfacet
  facet normal 0.664262580461256 -0.6642645567803305 -0.34279414056308594
    outer loop
      vertex 96.84435272216797 12.796730041503906 212.22354125976562
      vertex 96.2032699584961 12.155649185180664 212.22354125976562
      vertex 96.33712005615234 12.662882804870605 211.5
    endloop
  endfacet
  facet normal 0.7836509435988733 -0.15587989103470765 0.6013257504610983
    outer loop
      vertex 97.09807586669922 14.5 298.5
      vertex 96.62132263183594 14.5 299.1213073730469
      vertex 96.90030670166016 13.505760192871094 298.5
    endloop
  endfacet
  facet normal 0.1294442598048186 0.12948686706266732 0.9830957912949672
    outer loop
      vertex 95.27645874023438 93.5 299.89776611328125
      vertex 94.62132263183594 93.62132263183594 299.9680480957031
      vertex 94.71440887451172 93.5 299.9717712402344
    endloop
  endfacet
  facet normal 0.12943561469848316 0.12943561469848316 0.9831036788127954
    outer loop
      vertex 94.5 94.27645874023438 299.89776611328125
      vertex 94.62132263183594 93.62132263183594 299.9680480957031
      vertex 95.27645874023438 93.5 299.89776611328125
    endloop
  endfacet
  facet normal 0.12948686706266732 0.1294442598048186 0.9830957912949672
    outer loop
      vertex 94.62132263183594 93.62132263183594 299.9680480957031
      vertex 94.5 94.27645874023438 299.89776611328125
      vertex 94.5 93.71440887451172 299.9717712402344
    endloop
  endfacet
  facet normal -0.21182451603482 0.5113915028689551 0.8328319789729773
    outer loop
      vertex -89.56066131591797 95.33712005615234 299.1213073730469
      vertex -89.56066131591797 94.56066131591797 299.59808349609375
      vertex -88.5 95 299.59808349609375
    endloop
  endfacet
  facet normal -0.5298652655843857 -0.5298659163846015 0.6621819319349441
    outer loop
      vertex -90.33712005615234 13.439340591430664 299.1213073730469
      vertex -90.33712005615234 12.662882804870605 298.5
      vertex -89.56066131591797 12.662882804870605 299.1213073730469
    endloop
  endfacet
  facet normal -0.9830999614416888 0.12945194040526964 -0.12944752194870587
    outer loop
      vertex -91.39777374267578 94.05294036865234 212.77647399902344
      vertex -91.4251937866211 94.06822204589844 213
      vertex -91.39777374267578 94.27645874023438 213
    endloop
  endfacet
  facet normal -0.1545501772050519 0.9758219537660413 -0.1545501772050519
    outer loop
      vertex -88.5 96.39777374267578 212.22354125976562
      vertex -89.39546203613281 96.25595092773438 212.22354125976562
      vertex -89.27645874023438 96.39777374267578 213
    endloop
  endfacet
  facet normal 0.15655626235195008 0.3779616438474456 -0.9124884286929473
    outer loop
      vertex 95.56066131591797 94.56066131591797 210.40191650390625
      vertex 94.5 94.27645874023438 210.1022186279297
      vertex 94.5 95 210.40191650390625
    endloop
  endfacet
  facet normal 0.6962117253398056 0.6962117253398056 0.17486699802633446
    outer loop
      vertex 96.62132263183594 95.62132263183594 297
      vertex 96.2032699584961 95.84435272216797 297.7764587402344
      vertex 96.84435272216797 95.2032699584961 297.7764587402344
    endloop
  endfacet
  facet normal 0 -0.13052135571550982 -0.9914454980997116
    outer loop
      vertex -88.5 13.723543167114258 210.1022186279297
      vertex 90.5 14.5 210
      vertex 90.5 13.723543167114258 210.1022186279297
    endloop
  endfacet
  facet normal 0 -0.13052135571550982 -0.9914454980997116
    outer loop
      vertex 90.5 14.5 210
      vertex -88.5 13.723543167114258 210.1022186279297
      vertex -88.5 14.5 210
    endloop
  endfacet
  facet normal 0 -0.13052135571550982 -0.9914454980997117
    outer loop
      vertex 93.52490234375 13.723543167114258 210.1022186279297
      vertex 94.5 14.5 210
      vertex 94.5 13.723543167114258 210.1022186279297
    endloop
  endfacet
  facet normal 0 -0.13052135571550982 -0.9914454980997117
    outer loop
      vertex 94.5 14.5 210
      vertex 93.52490234375 13.723543167114258 210.1022186279297
      vertex 93.44646453857422 14.5 210
    endloop
  endfacet
  facet normal 0.5113801506632333 0.21181981381456516 -0.8328401455160599
    outer loop
      vertex 96 93.5 210.40191650390625
      vertex 95.56066131591797 94.56066131591797 210.40191650390625
      vertex 96.33712005615234 94.56066131591797 210.87867736816406
    endloop
  endfacet
  facet normal 0.9914442789083516 0.13053061640817712 0
    outer loop
      vertex 97.5 93.5 297
      vertex 97.39777374267578 94.27645874023438 213
      vertex 97.39777374267578 94.27645874023438 297
    endloop
  endfacet
  facet normal 0.9914442789083516 0.13053061640817712 0
    outer loop
      vertex 97.39777374267578 94.27645874023438 213
      vertex 97.5 93.5 297
      vertex 97.5 93.5 213
    endloop
  endfacet
  facet normal -0.5114208214255574 0.2118388806038428 -0.8328103217881722
    outer loop
      vertex -90.06876373291016 93.71636199951172 210.49917602539062
      vertex -89.56066131591797 94.56066131591797 210.40191650390625
      vertex -89.92984771728516 93.66937255859375 210.40191650390625
    endloop
  endfacet
  facet normal -0.5113811086953255 0.21181136604151632 -0.8328417057791754
    outer loop
      vertex -89.56066131591797 94.56066131591797 210.40191650390625
      vertex -90.06876373291016 93.71636199951172 210.49917602539062
      vertex -90.33712005615234 94.56066131591797 210.87867736816406
    endloop
  endfacet
  facet normal 0.13052104055558153 0 -0.9914455395896883
    outer loop
      vertex 94.5 14.5 210
      vertex 95.27645874023438 93.5 210.1022186279297
      vertex 95.27645874023438 14.5 210.1022186279297
    endloop
  endfacet
  facet normal 0.13052104055558153 0 -0.9914455395896883
    outer loop
      vertex 95.27645874023438 93.5 210.1022186279297
      vertex 94.5 14.5 210
      vertex 94.5 93.5 210
    endloop
  endfacet
  facet normal -0.6057482314404147 -0.7894251537168243 -0.09938313129489292
    outer loop
      vertex -90.5 12.313955307006836 212.77467346191406
      vertex -90 11.901924133300781 213
      vertex -90.5 12.285588264465332 213
    endloop
  endfacet
  facet normal -0.6057484234998485 -0.7894250775347679 -0.09938256580846562
    outer loop
      vertex -90 11.901924133300781 213
      vertex -90.5 12.313955307006836 212.77467346191406
      vertex -90.2032699584961 12.155649185180664 212.22354125976562
    endloop
  endfacet
  facet normal 0.424948353893765 -0.8340071624632601 -0.3519246360841492
    outer loop
      vertex 96.2032699584961 12.155649185180664 212.22354125976562
      vertex 95.39546203613281 11.744050025939941 212.22354125976562
      vertex 95.4942398071289 12.099691390991211 211.5
    endloop
  endfacet
  facet normal -0.4563607767858875 -0.6829960040267788 -0.5703080745481635
    outer loop
      vertex -89.4942398071289 12.099691390991211 211.5
      vertex -90.33712005615234 12.662882804870605 211.5
      vertex -89.56066131591797 12.662882804870605 210.87867736816406
    endloop
  endfacet
  facet normal -0.8780678309222738 -0.4473973745093619 0.16980127673719891
    outer loop
      vertex -90.84435272216797 12.796730041503906 297.7764587402344
      vertex -91.25595092773438 13.604537963867188 297.7764587402344
      vertex -91.09807586669922 13 297
    endloop
  endfacet
  facet normal -0.6008351290206667 -0.16099314242560195 0.7829932029249352
    outer loop
      vertex -90 14.5 299.59808349609375
      vertex -90.62132263183594 14.5 299.1213073730469
      vertex -90.33712005615234 13.439340591430664 299.1213073730469
    endloop
  endfacet
  facet normal 0.6008351290206667 -0.16099314242560195 0.7829932029249352
    outer loop
      vertex 96.62132263183594 14.5 299.1213073730469
      vertex 96 14.5 299.59808349609375
      vertex 96.33712005615234 13.439340591430664 299.1213073730469
    endloop
  endfacet
  facet normal -0.7836509435988733 -0.15587989103470765 0.6013257504610983
    outer loop
      vertex -90.62132263183594 14.5 299.1213073730469
      vertex -91.09807586669922 14.5 298.5
      vertex -90.90030670166016 13.505760192871094 298.5
    endloop
  endfacet
  facet normal -0.19740979759526275 -0.7367453837772466 -0.6467113817587525
    outer loop
      vertex -89.4942398071289 12.099691390991211 211.5
      vertex -89.56066131591797 12.662882804870605 210.87867736816406
      vertex -88.5 12.378680229187012 210.87867736816406
    endloop
  endfacet
  facet normal 0.3826835787025309 -0.9238794718963204 0
    outer loop
      vertex 95.27645874023438 11.60222339630127 275.42205810546875
      vertex 96 11.901924133300781 297
      vertex 95.27645874023438 11.60222339630127 297
    endloop
  endfacet
  facet normal 0.3826835787025309 -0.9238794718963205 0
    outer loop
      vertex 96 11.901924133300781 297
      vertex 95.27645874023438 11.60222339630127 275.42205810546875
      vertex 96 11.901924133300781 270.5471496582031
    endloop
  endfacet
  facet normal 0.3826835787025309 -0.9238794718963204 0
    outer loop
      vertex 96 11.901924133300781 213
      vertex 95.27645874023438 11.60222339630127 256.8727111816406
      vertex 95.27645874023438 11.60222339630127 213
    endloop
  endfacet
  facet normal 0.38268357870253084 -0.9238794718963202 0
    outer loop
      vertex 95.27645874023438 11.60222339630127 256.8727111816406
      vertex 96 11.901924133300781 213
      vertex 96 11.901924133300781 259.037353515625
    endloop
  endfacet
  facet normal 0 -0.9914447516743156 0.1305270254677345
    outer loop
      vertex -88.5 11.5 297
      vertex 94.5 11.60222339630127 297.7764587402344
      vertex -88.5 11.60222339630127 297.7764587402344
    endloop
  endfacet
  facet normal 0 -0.9914447516743156 0.1305270254677345
    outer loop
      vertex 94.5 11.60222339630127 297.7764587402344
      vertex -88.5 11.5 297
      vertex 94.5 11.5 297
    endloop
  endfacet
  facet normal 0 0.38266382983911906 0.9238876518997631
    outer loop
      vertex 94.5 95 299.59808349609375
      vertex 93.56935119628906 94.27645874023438 299.89776611328125
      vertex 94.5 94.27645874023438 299.89776611328125
    endloop
  endfacet
  facet normal 0.00003163166603010237 0.38262910112618004 0.9239020348342183
    outer loop
      vertex 94.5 95 299.59808349609375
      vertex 93.27645874023438 94.39777374267578 299.8475341796875
      vertex 93.56935119628906 94.27645874023438 299.89776611328125
    endloop
  endfacet
  facet normal -0.000013920014663536346 0.3827080957734667 0.9238693161024888
    outer loop
      vertex 94.5 95 299.59808349609375
      vertex 92.5 94.5 299.80517578125
      vertex 93.27645874023438 94.39777374267578 299.8475341796875
    endloop
  endfacet
  facet normal 0 0.3826605694397148 0.9238890023136291
    outer loop
      vertex 94.5 95 299.59808349609375
      vertex -86.5 94.5 299.80517578125
      vertex 92.5 94.5 299.80517578125
    endloop
  endfacet
  facet normal 0 0.3826605694397148 0.9238890023136292
    outer loop
      vertex -88.5 95 299.59808349609375
      vertex -86.5 94.5 299.80517578125
      vertex 94.5 95 299.59808349609375
    endloop
  endfacet
  facet normal 0.000013920014663536346 0.3827080957734667 0.9238693161024888
    outer loop
      vertex -88.5 95 299.59808349609375
      vertex -87.27645874023438 94.39777374267578 299.8475341796875
      vertex -86.5 94.5 299.80517578125
    endloop
  endfacet
  facet normal -0.00003163166603010237 0.38262910112618004 0.9239020348342183
    outer loop
      vertex -88.5 95 299.59808349609375
      vertex -87.56935119628906 94.27645874023438 299.89776611328125
      vertex -87.27645874023438 94.39777374267578 299.8475341796875
    endloop
  endfacet
  facet normal 0 0.38266382983911906 0.9238876518997631
    outer loop
      vertex -87.56935119628906 94.27645874023438 299.89776611328125
      vertex -88.5 95 299.59808349609375
      vertex -88.5 94.27645874023438 299.89776611328125
    endloop
  endfacet
  facet normal -0.12948686706266732 0.1294442598048186 0.9830957912949672
    outer loop
      vertex -88.5 94.27645874023438 299.89776611328125
      vertex -88.62132263183594 93.62132263183594 299.9680480957031
      vertex -88.5 93.71440887451172 299.9717712402344
    endloop
  endfacet
  facet normal -0.12943561469848316 0.12943561469848316 0.9831036788127954
    outer loop
      vertex -89.27645874023438 93.5 299.89776611328125
      vertex -88.62132263183594 93.62132263183594 299.9680480957031
      vertex -88.5 94.27645874023438 299.89776611328125
    endloop
  endfacet
  facet normal -0.1294442598048186 0.12948686706266732 0.9830957912949672
    outer loop
      vertex -88.62132263183594 93.62132263183594 299.9680480957031
      vertex -89.27645874023438 93.5 299.89776611328125
      vertex -88.71440887451172 93.5 299.9717712402344
    endloop
  endfacet
  facet normal -0.12943262147796872 0.9831044669793143 -0.12943262147796872
    outer loop
      vertex -88.5 96.39777374267578 212.22354125976562
      vertex -89.27645874023438 96.39777374267578 213
      vertex -88.5 96.5 213
    endloop
  endfacet
  facet normal -0.9238807634942466 0.3826804604958138 0
    outer loop
      vertex -91.39777374267578 94.27645874023438 213
      vertex -91.09807586669922 95 297
      vertex -91.09807586669922 95 213
    endloop
  endfacet
  facet normal -0.9238807634942466 0.3826804604958138 0
    outer loop
      vertex -91.09807586669922 95 297
      vertex -91.39777374267578 94.27645874023438 213
      vertex -91.39777374267578 94.27645874023438 297
    endloop
  endfacet
  facet normal 0.4563553290204478 0.6829936335246285 0.5703152726689549
    outer loop
      vertex 96.33712005615234 95.33712005615234 298.5
      vertex 95.4942398071289 95.90030670166016 298.5
      vertex 95.56066131591797 95.33712005615234 299.1213073730469
    endloop
  endfacet
  facet normal -0.16099286042117528 0.6008351570248598 0.7829932394192941
    outer loop
      vertex -88.5 95.62132263183594 299.1213073730469
      vertex -89.56066131591797 95.33712005615234 299.1213073730469
      vertex -88.5 95 299.59808349609375
    endloop
  endfacet
  facet normal 0.5298654483014386 0.5298654483014386 0.6621821602796553
    outer loop
      vertex 96.33712005615234 95.33712005615234 298.5
      vertex 95.56066131591797 95.33712005615234 299.1213073730469
      vertex 96.33712005615234 94.56066131591797 299.1213073730469
    endloop
  endfacet
  facet normal -0.21253133697129006 0.21253133697129006 0.9537614280365881
    outer loop
      vertex -88.5 94.27645874023438 299.89776611328125
      vertex -89.56066131591797 94.56066131591797 299.59808349609375
      vertex -89.27645874023438 93.5 299.89776611328125
    endloop
  endfacet
  facet normal 0.000021628049112728096 -0.1305443744637482 0.9914424672304976
    outer loop
      vertex 94 13.901924133300781 299.9212646484375
      vertex 94.5 13.723543167114258 299.89776611328125
      vertex 94.5 14.285588264465332 299.9717712402344
    endloop
  endfacet
  facet normal 0 -0.13060396385392 0.9914346194407597
    outer loop
      vertex 94.5 13.723543167114258 299.89776611328125
      vertex 94 13.901924133300781 299.9212646484375
      vertex 93.56935119628906 13.723543167114258 299.89776611328125
    endloop
  endfacet
  facet normal 0 -0.13060396385392 0.9914346194407597
    outer loop
      vertex -88 13.901924133300781 299.9212646484375
      vertex -88.5 13.723543167114258 299.89776611328125
      vertex -87.56935119628906 13.723543167114258 299.89776611328125
    endloop
  endfacet
  facet normal -0.000021628049112728096 -0.1305443744637482 0.9914424672304976
    outer loop
      vertex -88.5 13.723543167114258 299.89776611328125
      vertex -88 13.901924133300781 299.9212646484375
      vertex -88.5 14.285588264465332 299.9717712402344
    endloop
  endfacet
  facet normal -0.7836509435988733 0.15587989103470765 0.6013257504610983
    outer loop
      vertex -90.90030670166016 94.4942398071289 298.5
      vertex -91.09807586669922 93.5 298.5
      vertex -90.62132263183594 93.5 299.1213073730469
    endloop
  endfacet
  facet normal -0.13054328581339475 -0.00002152519181864636 0.991442610575977
    outer loop
      vertex -89.09807586669922 15 299.9212646484375
      vertex -89.27645874023438 14.5 299.89776611328125
      vertex -88.71440887451172 14.5 299.9717712402344
    endloop
  endfacet
  facet normal -0.1306025911983928 0 0.9914348002628642
    outer loop
      vertex -89.27645874023438 14.5 299.89776611328125
      vertex -89.09807586669922 15 299.9212646484375
      vertex -89.27645874023438 15.43065071105957 299.89776611328125
    endloop
  endfacet
  facet normal -0.13054328581339475 0.00002152519181864636 0.991442610575977
    outer loop
      vertex -89.27645874023438 93.5 299.89776611328125
      vertex -89.09807586669922 93 299.9212646484375
      vertex -88.71440887451172 93.5 299.9717712402344
    endloop
  endfacet
  facet normal -0.1306025911983928 0 0.9914348002628642
    outer loop
      vertex -89.09807586669922 93 299.9212646484375
      vertex -89.27645874023438 93.5 299.89776611328125
      vertex -89.27645874023438 92.56935119628906 299.89776611328125
    endloop
  endfacet
  facet normal -0.17754510645041302 0.8925679205809148 0.4144879278403333
    outer loop
      vertex -89.39546203613281 96.25595092773438 297.7764587402344
      vertex -89.4942398071289 95.90030670166016 298.5
      vertex -88.5 96.09807586669922 298.5
    endloop
  endfacet
  facet normal -0.7495566479647616 0.5008306870097465 -0.432820348922247
    outer loop
      vertex -90.33712005615234 95.33712005615234 211.5
      vertex -90.90030670166016 94.4942398071289 211.5
      vertex -90.84435272216797 95.2032699584961 212.22354125976562
    endloop
  endfacet
  facet normal -0.914164721338895 0.1447589643200806 -0.37861286891541107
    outer loop
      vertex -91.21971893310547 94.03389739990234 211.99781799316406
      vertex -91.25595092773438 94.39546203613281 212.22354125976562
      vertex -91.19242858886719 94.03514862060547 211.93240356445312
    endloop
  endfacet
  facet normal -0.9141406595521258 0.14479018927748144 -0.3786590229251054
    outer loop
      vertex -91.25595092773438 94.39546203613281 212.22354125976562
      vertex -91.21971893310547 94.03389739990234 211.99781799316406
      vertex -91.31522369384766 94.021240234375 212.22354125976562
    endloop
  endfacet
  facet normal -0.6829990892113751 0.4563589743424509 -0.5703058220582519
    outer loop
      vertex -90.33712005615234 94.56066131591797 210.87867736816406
      vertex -90.90030670166016 94.4942398071289 211.5
      vertex -90.33712005615234 95.33712005615234 211.5
    endloop
  endfacet
  facet normal -0.8340065040221933 0.4249470337973131 -0.3519277904848447
    outer loop
      vertex -90.90030670166016 94.4942398071289 211.5
      vertex -91.25595092773438 94.39546203613281 212.22354125976562
      vertex -90.84435272216797 95.2032699584961 212.22354125976562
    endloop
  endfacet
  facet normal 0 0.13052104055558153 -0.9914455395896883
    outer loop
      vertex -88.5 93.5 210
      vertex 94.5 94.27645874023438 210.1022186279297
      vertex 94.5 93.5 210
    endloop
  endfacet
  facet normal 0 0.13052104055558153 -0.9914455395896883
    outer loop
      vertex 94.5 94.27645874023438 210.1022186279297
      vertex -88.5 93.5 210
      vertex -88.5 94.27645874023438 210.1022186279297
    endloop
  endfacet
  facet normal 0.12943262147796872 0.9831044669793143 -0.12943262147796872
    outer loop
      vertex 95.27645874023438 96.39777374267578 213
      vertex 94.5 96.39777374267578 212.22354125976562
      vertex 94.5 96.5 213
    endloop
  endfacet
  facet normal -0.5978465537283306 0.16278333836889394 -0.784908327733014
    outer loop
      vertex -90.0697250366211 93.71680450439453 210.5
      vertex -90.33712005615234 94.56066131591797 210.87867736816406
      vertex -90.06876373291016 93.71636199951172 210.49917602539062
    endloop
  endfacet
  facet normal -0.6008179375814788 0.1609887123813729 -0.7830073054359874
    outer loop
      vertex -90.33712005615234 94.56066131591797 210.87867736816406
      vertex -90.0697250366211 93.71680450439453 210.5
      vertex -90.54124450683594 93.79885864257812 210.87867736816406
    endloop
  endfacet
  facet normal -0.21181981381456516 0.5113801506632333 -0.8328401455160599
    outer loop
      vertex -88.5 95 210.40191650390625
      vertex -89.56066131591797 94.56066131591797 210.40191650390625
      vertex -89.56066131591797 95.33712005615234 210.87867736816406
    endloop
  endfacet
  facet normal -0.46362031738253223 0.46362031738253223 -0.7550578803113309
    outer loop
      vertex -89.56066131591797 94.56066131591797 210.40191650390625
      vertex -90.33712005615234 94.56066131591797 210.87867736816406
      vertex -89.56066131591797 95.33712005615234 210.87867736816406
    endloop
  endfacet
  facet normal 0.5298711542142587 0.5298711542142587 -0.662173028643797
    outer loop
      vertex 96.33712005615234 94.56066131591797 210.87867736816406
      vertex 95.56066131591797 95.33712005615234 210.87867736816406
      vertex 96.33712005615234 95.33712005615234 211.5
    endloop
  endfacet
  facet normal 0.608776296270778 0 0.7933419320184922
    outer loop
      vertex 96 93.5 299.59808349609375
      vertex 96.62132263183594 14.5 299.1213073730469
      vertex 96.62132263183594 93.5 299.1213073730469
    endloop
  endfacet
  facet normal 0.608776296270778 0 0.7933419320184922
    outer loop
      vertex 96.62132263183594 14.5 299.1213073730469
      vertex 96 93.5 299.59808349609375
      vertex 96 14.5 299.59808349609375
    endloop
  endfacet
  facet normal 0.6008351570248598 0.16099286042117528 0.7829932394192941
    outer loop
      vertex 96.33712005615234 94.56066131591797 299.1213073730469
      vertex 96 93.5 299.59808349609375
      vertex 96.62132263183594 93.5 299.1213073730469
    endloop
  endfacet
  facet normal 0.19740979759526275 -0.7367453837772466 -0.6467113817587525
    outer loop
      vertex 95.4942398071289 12.099691390991211 211.5
      vertex 94.5 12.378680229187012 210.87867736816406
      vertex 95.56066131591797 12.662882804870605 210.87867736816406
    endloop
  endfacet
  facet normal 0.1294291203935906 -0.9831053888512071 0.1294291203935906
    outer loop
      vertex 94.5 11.60222339630127 297.7764587402344
      vertex 94.5 11.5 297
      vertex 95.27645874023438 11.60222339630127 297
    endloop
  endfacet
  facet normal -0.16098970151825256 0.6008233678068247 -0.7830029353088844
    outer loop
      vertex -88.5 95 210.40191650390625
      vertex -89.56066131591797 95.33712005615234 210.87867736816406
      vertex -88.5 95.62132263183594 210.87867736816406
    endloop
  endfacet
  facet normal 0.19741051945036808 0.7367480777844494 -0.6467080923347526
    outer loop
      vertex 95.56066131591797 95.33712005615234 210.87867736816406
      vertex 94.5 95.62132263183594 210.87867736816406
      vertex 95.4942398071289 95.90030670166016 211.5
    endloop
  endfacet
  facet normal 0.7933560467907059 0 -0.6087579018137039
    outer loop
      vertex 97.09807586669922 14.5 211.5
      vertex 96.62132263183594 93.5 210.87867736816406
      vertex 97.09807586669922 93.5 211.5
    endloop
  endfacet
  facet normal 0.7933560467907059 0 -0.6087579018137039
    outer loop
      vertex 96.62132263183594 93.5 210.87867736816406
      vertex 97.09807586669922 14.5 211.5
      vertex 96.62132263183594 14.5 210.87867736816406
    endloop
  endfacet
  facet normal 0.8925679205809148 0.17754510645041302 -0.4144879278403333
    outer loop
      vertex 97.09807586669922 93.5 211.5
      vertex 96.90030670166016 94.4942398071289 211.5
      vertex 97.25595092773438 94.39546203613281 212.22354125976562
    endloop
  endfacet
  facet normal 0.9914442789083516 0 -0.13053061640817715
    outer loop
      vertex 97.5 14.5 213
      vertex 97.39777374267578 93.5 212.22354125976562
      vertex 97.5 93.5 213
    endloop
  endfacet
  facet normal 0.9914442789083516 0 -0.13053061640817715
    outer loop
      vertex 97.39777374267578 93.5 212.22354125976562
      vertex 97.5 14.5 213
      vertex 97.39777374267578 14.5 212.22354125976562
    endloop
  endfacet
  facet normal -0.6008265173366393 -0.1609880557578713 -0.7830008569397773
    outer loop
      vertex -90.5 14.04722785949707 210.87867736816406
      vertex -90 14.5 210.40191650390625
      vertex -90.33712005615234 13.439340591430664 210.87867736816406
    endloop
  endfacet
  facet normal -0.600824018811239 -0.16099198336120374 -0.7830019666086017
    outer loop
      vertex -90 14.5 210.40191650390625
      vertex -90.5 14.04722785949707 210.87867736816406
      vertex -90.5 14.5 210.78558349609375
    endloop
  endfacet
  facet normal -0.7933546929629444 -0.6087596661685729 0
    outer loop
      vertex -90.62132263183594 12.378680229187012 262.7922668457031
      vertex -91.09807586669922 13 297
      vertex -91.09807586669922 13 252.6859130859375
    endloop
  endfacet
  facet normal -0.7933546929629443 -0.6087596661685729 0
    outer loop
      vertex -91.09807586669922 13 297
      vertex -90.62132263183594 12.378680229187012 262.7922668457031
      vertex -90.62132263183594 12.378680229187012 297
    endloop
  endfacet
  facet normal -0.7933546929629444 -0.6087596661685729 0
    outer loop
      vertex -90.62132263183594 12.378680229187012 215
      vertex -91.09807586669922 13 227
      vertex -91.09807586669922 13 215
    endloop
  endfacet
  facet normal -0.7933546929629444 -0.6087596661685729 0
    outer loop
      vertex -91.09807586669922 13 227
      vertex -90.62132263183594 12.378680229187012 215
      vertex -90.62132263183594 12.378680229187012 227
    endloop
  endfacet
  facet normal -0.7933546929629444 -0.6087596661685729 0
    outer loop
      vertex -90.62132263183594 12.378680229187012 243.67037963867188
      vertex -91.09807586669922 13 232
      vertex -90.62132263183594 12.378680229187012 232
    endloop
  endfacet
  facet normal -0.7933546929629443 -0.6087596661685729 0
    outer loop
      vertex -91.09807586669922 13 232
      vertex -90.62132263183594 12.378680229187012 243.67037963867188
      vertex -91.09807586669922 13 245.2102813720703
    endloop
  endfacet
  facet normal -0.7495607241103927 -0.5008312378175687 -0.4328126524227613
    outer loop
      vertex -90.33712005615234 12.662882804870605 211.5
      vertex -90.5 12.705863952636719 211.7323455810547
      vertex -90.5 12.906654357910156 211.5
    endloop
  endfacet
  facet normal -0.6087525183593814 -0.7933601775934503 0
    outer loop
      vertex -90.62132263183594 12.378680229187012 227
      vertex -90.62132263183594 12.378680229187012 215
      vertex -90.5 12.285588264465332 227
    endloop
  endfacet
  facet normal -0.6087602011745301 -0.7933542824400369 0
    outer loop
      vertex -90.62132263183594 12.378680229187012 232
      vertex -90 11.901924133300781 241.75274658203125
      vertex -90.62132263183594 12.378680229187012 243.67037963867188
    endloop
  endfacet
  facet normal -0.6087525183591973 -0.7933601775932104 -7.776329662983769e-7
    outer loop
      vertex -90.5 12.285588264465332 232
      vertex -90 11.901924133300781 241.75274658203125
      vertex -90.62132263183594 12.378680229187012 232
    endloop
  endfacet
  facet normal -0.6087620653474175 -0.793352852010974 0
    outer loop
      vertex -90.5 12.285588264465332 227
      vertex -90 11.901924133300781 241.75274658203125
      vertex -90.5 12.285588264465332 232
    endloop
  endfacet
  facet normal -0.6087525183593814 -0.7933601775934503 0
    outer loop
      vertex -90.5 12.285588264465332 215
      vertex -90.5 12.285588264465332 227
      vertex -90.62132263183594 12.378680229187012 215
    endloop
  endfacet
  facet normal -0.6087620653474176 -0.793352852010974 0
    outer loop
      vertex -90 11.901924133300781 213
      vertex -90.5 12.285588264465332 227
      vertex -90.5 12.285588264465332 215
    endloop
  endfacet
  facet normal -0.6087620653474176 -0.793352852010974 0
    outer loop
      vertex -90 11.901924133300781 213
      vertex -90.5 12.285588264465332 215
      vertex -90.5 12.285588264465332 213
    endloop
  endfacet
  facet normal -0.6087620653474176 -0.793352852010974 0
    outer loop
      vertex -90.5 12.285588264465332 227
      vertex -90 11.901924133300781 213
      vertex -90 11.901924133300781 241.75274658203125
    endloop
  endfacet
  facet normal -0.60876020117453 -0.7933542824400368 0
    outer loop
      vertex -90.62132263183594 12.378680229187012 297
      vertex -90 11.901924133300781 270.5471496582031
      vertex -90 11.901924133300781 297
    endloop
  endfacet
  facet normal -0.60876020117453 -0.7933542824400369 0
    outer loop
      vertex -90 11.901924133300781 270.5471496582031
      vertex -90.62132263183594 12.378680229187012 297
      vertex -90.62132263183594 12.378680229187012 262.7922668457031
    endloop
  endfacet
  facet normal -0.4473980603901534 -0.8780671425564331 0.1698030291894384
    outer loop
      vertex -89.39546203613281 11.744050025939941 297.7764587402344
      vertex -90.2032699584961 12.155649185180664 297.7764587402344
      vertex -90 11.901924133300781 297
    endloop
  endfacet
  facet normal -0.9914442789083516 0 0.13053061640817715
    outer loop
      vertex -91.5 14.5 297
      vertex -91.39777374267578 93.5 297.7764587402344
      vertex -91.5 93.5 297
    endloop
  endfacet
  facet normal -0.9914442789083516 0 0.13053061640817715
    outer loop
      vertex -91.39777374267578 93.5 297.7764587402344
      vertex -91.5 14.5 297
      vertex -91.39777374267578 14.5 297.7764587402344
    endloop
  endfacet
  facet normal -0.4636286542602386 -0.46362922370618603 0.7550472924754048
    outer loop
      vertex -89.56066131591797 13.439340591430664 299.59808349609375
      vertex -90.33712005615234 13.439340591430664 299.1213073730469
      vertex -89.56066131591797 12.662882804870605 299.1213073730469
    endloop
  endfacet
  facet normal 0.78942708016781 -0.6057459167381941 -0.09938193725587571
    outer loop
      vertex 97.09807586669922 13 213
      vertex 96.62132263183594 12.378680229187012 213
      vertex 96.84435272216797 12.796730041503906 212.22354125976562
    endloop
  endfacet
  facet normal 0.9831044265216845 -0.12943293409972856 -0.12943261615143703
    outer loop
      vertex 97.5 14.5 213
      vertex 97.39777374267578 13.723543167114258 213
      vertex 97.39777374267578 14.5 212.22354125976562
    endloop
  endfacet
  facet normal 0.7495554693279941 -0.5008315994741367 0.43282133423465674
    outer loop
      vertex 96.90030670166016 13.505760192871094 298.5
      vertex 96.33712005615234 12.662882804870605 298.5
      vertex 96.84435272216797 12.796730041503906 297.7764587402344
    endloop
  endfacet
  facet normal 0.14478564333427876 -0.9141445955052206 0.37865125906680364
    outer loop
      vertex 94.5 11.901924133300781 298.5
      vertex 94.5 11.60222339630127 297.7764587402344
      vertex 95.39546203613281 11.744050025939941 297.7764587402344
    endloop
  endfacet
  facet normal 0.15587989103470765 0.7836509435988733 0.6013257504610983
    outer loop
      vertex 94.5 96.09807586669922 298.5
      vertex 94.5 95.62132263183594 299.1213073730469
      vertex 95.4942398071289 95.90030670166016 298.5
    endloop
  endfacet
  facet normal 0.9141463621271012 0.14478202884536664 0.37864837611325647
    outer loop
      vertex 97.25595092773438 94.39546203613281 297.7764587402344
      vertex 97.09807586669922 93.5 298.5
      vertex 97.39777374267578 93.5 297.7764587402344
    endloop
  endfacet
  facet normal 0.00002152519181864636 0.13054328581339475 0.991442610575977
    outer loop
      vertex 94.5 94.27645874023438 299.89776611328125
      vertex 94 94.09807586669922 299.9212646484375
      vertex 94.5 93.71440887451172 299.9717712402344
    endloop
  endfacet
  facet normal 0 0.1306025911983928 0.9914348002628642
    outer loop
      vertex 94 94.09807586669922 299.9212646484375
      vertex 94.5 94.27645874023438 299.89776611328125
      vertex 93.56935119628906 94.27645874023438 299.89776611328125
    endloop
  endfacet
  facet normal 0 0.1306025911983928 0.9914348002628642
    outer loop
      vertex -88.5 94.27645874023438 299.89776611328125
      vertex -88 94.09807586669922 299.9212646484375
      vertex -87.56935119628906 94.27645874023438 299.89776611328125
    endloop
  endfacet
  facet normal -0.00002152519181864636 0.13054328581339475 0.991442610575977
    outer loop
      vertex -88 94.09807586669922 299.9212646484375
      vertex -88.5 94.27645874023438 299.89776611328125
      vertex -88.5 93.71440887451172 299.9717712402344
    endloop
  endfacet
  facet normal 0.37794560416925693 -0.15654990004216332 0.9124961638746346
    outer loop
      vertex 96 14.5 299.59808349609375
      vertex 95.27645874023438 14.5 299.89776611328125
      vertex 95.56066131591797 13.439340591430664 299.59808349609375
    endloop
  endfacet
  facet normal 0.7836509435988733 0.15587989103470765 0.6013257504610983
    outer loop
      vertex 96.90030670166016 94.4942398071289 298.5
      vertex 96.62132263183594 93.5 299.1213073730469
      vertex 97.09807586669922 93.5 298.5
    endloop
  endfacet
  facet normal 0.9831044265216845 -0.12943293409972856 0.12943261615143703
    outer loop
      vertex 97.39777374267578 14.5 297.7764587402344
      vertex 97.39777374267578 13.723543167114258 297
      vertex 97.5 14.5 297
    endloop
  endfacet
  facet normal 0.14478202884536664 0.9141463621271012 0.37864837611325647
    outer loop
      vertex 94.5 96.39777374267578 297.7764587402344
      vertex 94.5 96.09807586669922 298.5
      vertex 95.39546203613281 96.25595092773438 297.7764587402344
    endloop
  endfacet
  facet normal -0.12949367990603747 -0.12944522314656268 0.983094767084501
    outer loop
      vertex -88.62132263183594 14.378680229187012 299.9680480957031
      vertex -88.5 13.723543167114258 299.89776611328125
      vertex -88.5 14.285588264465332 299.9717712402344
    endloop
  endfacet
  facet normal -0.12944420862144987 -0.12948986948470367 0.9830954025704733
    outer loop
      vertex -89.27645874023438 14.5 299.89776611328125
      vertex -88.62132263183594 14.378680229187012 299.9680480957031
      vertex -88.71440887451172 14.5 299.9717712402344
    endloop
  endfacet
  facet normal -0.12943500873732985 -0.1294353266914987 0.9831037965125718
    outer loop
      vertex -88.62132263183594 14.378680229187012 299.9680480957031
      vertex -89.27645874023438 14.5 299.89776611328125
      vertex -88.5 13.723543167114258 299.89776611328125
    endloop
  endfacet
  facet normal -0.4563571314206917 -0.6829905483215811 0.5703175251602072
    outer loop
      vertex -89.56066131591797 12.662882804870605 299.1213073730469
      vertex -90.33712005615234 12.662882804870605 298.5
      vertex -89.4942398071289 12.099691390991211 298.5
    endloop
  endfacet
  facet normal 0.1306025911983928 0 0.9914348002628642
    outer loop
      vertex 95.27645874023438 93.5 299.89776611328125
      vertex 95.09807586669922 93 299.9212646484375
      vertex 95.27645874023438 92.56935119628906 299.89776611328125
    endloop
  endfacet
  facet normal 0.13054328581339475 0.00002152519181864636 0.991442610575977
    outer loop
      vertex 95.09807586669922 93 299.9212646484375
      vertex 95.27645874023438 93.5 299.89776611328125
      vertex 94.71440887451172 93.5 299.9717712402344
    endloop
  endfacet
  facet normal 0.1306025911983928 0 0.9914348002628642
    outer loop
      vertex 95.09807586669922 15 299.9212646484375
      vertex 95.27645874023438 14.5 299.89776611328125
      vertex 95.27645874023438 15.43065071105957 299.89776611328125
    endloop
  endfacet
  facet normal 0.13054328581339475 -0.00002152519181864636 0.991442610575977
    outer loop
      vertex 95.27645874023438 14.5 299.89776611328125
      vertex 95.09807586669922 15 299.9212646484375
      vertex 94.71440887451172 14.5 299.9717712402344
    endloop
  endfacet
  facet normal -0.5298654483014386 0.5298654483014386 0.6621821602796553
    outer loop
      vertex -90.33712005615234 95.33712005615234 298.5
      vertex -90.33712005615234 94.56066131591797 299.1213073730469
      vertex -89.56066131591797 95.33712005615234 299.1213073730469
    endloop
  endfacet
  facet normal -0.12943262147796872 0.9831044669793143 0.12943262147796872
    outer loop
      vertex -88.5 96.5 297
      vertex -89.27645874023438 96.39777374267578 297
      vertex -88.5 96.39777374267578 297.7764587402344
    endloop
  endfacet
  facet normal -0.9238807634942465 0 0.3826804604958138
    outer loop
      vertex -91.39777374267578 14.5 297.7764587402344
      vertex -91.09807586669922 93.5 298.5
      vertex -91.39777374267578 93.5 297.7764587402344
    endloop
  endfacet
  facet normal -0.9238807634942465 0 0.3826804604958138
    outer loop
      vertex -91.09807586669922 93.5 298.5
      vertex -91.39777374267578 14.5 297.7764587402344
      vertex -91.09807586669922 14.5 298.5
    endloop
  endfacet
  facet normal -0.9758219537660413 0.1545501772050519 0.1545501772050519
    outer loop
      vertex -91.39777374267578 94.27645874023438 297
      vertex -91.39777374267578 93.5 297.7764587402344
      vertex -91.25595092773438 94.39546203613281 297.7764587402344
    endloop
  endfacet
  facet normal -0.4473973745093619 0.8780678309222738 -0.16980127673719891
    outer loop
      vertex -89.39546203613281 96.25595092773438 212.22354125976562
      vertex -90.2032699584961 95.84435272216797 212.22354125976562
      vertex -90 96.09807586669922 213
    endloop
  endfacet
  facet normal -0.17754510645041302 0.8925679205809148 -0.4144879278403333
    outer loop
      vertex -88.5 96.09807586669922 211.5
      vertex -89.4942398071289 95.90030670166016 211.5
      vertex -89.39546203613281 96.25595092773438 212.22354125976562
    endloop
  endfacet
  facet normal -0.9758213696340333 0.15455465889243677 -0.15454938362931667
    outer loop
      vertex -91.25595092773438 94.39546203613281 212.22354125976562
      vertex -91.39777374267578 94.05294036865234 212.77647399902344
      vertex -91.39777374267578 94.27645874023438 213
    endloop
  endfacet
  facet normal -0.9758210768479106 0.15455971347668537 -0.15454617740141322
    outer loop
      vertex -91.39777374267578 94.05294036865234 212.77647399902344
      vertex -91.25595092773438 94.39546203613281 212.22354125976562
      vertex -91.31522369384766 94.021240234375 212.22354125976562
    endloop
  endfacet
  facet normal -0.13053061640817712 0.9914442789083516 0
    outer loop
      vertex -88.5 96.5 213
      vertex -89.27645874023438 96.39777374267578 297
      vertex -88.5 96.5 297
    endloop
  endfacet
  facet normal -0.13053061640817712 0.9914442789083516 0
    outer loop
      vertex -89.27645874023438 96.39777374267578 297
      vertex -88.5 96.5 213
      vertex -89.27645874023438 96.39777374267578 213
    endloop
  endfacet
  facet normal -0.7367488756808246 0.1974022902036847 -0.6467096953080115
    outer loop
      vertex -90.33712005615234 94.56066131591797 210.87867736816406
      vertex -90.72501373291016 93.86954498291016 211.109619140625
      vertex -90.90030670166016 94.4942398071289 211.5
    endloop
  endfacet
  facet normal -0.7367604178359697 0.1974143972439071 -0.6466928501777272
    outer loop
      vertex -90.72501373291016 93.86954498291016 211.109619140625
      vertex -90.33712005615234 94.56066131591797 210.87867736816406
      vertex -90.54124450683594 93.79885864257812 210.87867736816406
    endloop
  endfacet
  facet normal -0.7836467355858638 0.15588413431252077 -0.6013301343482256
    outer loop
      vertex -90.72501373291016 93.86954498291016 211.109619140625
      vertex -90.9993667602539 93.99625396728516 211.5
      vertex -90.90030670166016 94.4942398071289 211.5
    endloop
  endfacet
  facet normal 0.9831044669793143 0.12943262147796872 -0.12943262147796872
    outer loop
      vertex 97.5 93.5 213
      vertex 97.39777374267578 93.5 212.22354125976562
      vertex 97.39777374267578 94.27645874023438 213
    endloop
  endfacet
  facet normal 0.4563589743424508 0.682999089211375 -0.5703058220582518
    outer loop
      vertex 95.56066131591797 95.33712005615234 210.87867736816406
      vertex 95.4942398071289 95.90030670166016 211.5
      vertex 96.33712005615234 95.33712005615234 211.5
    endloop
  endfacet
  facet normal 0 0.793348826239951 0.6087673117897281
    outer loop
      vertex 94.5 96.09807586669922 298.5
      vertex -88.5 95.62132263183594 299.1213073730469
      vertex 94.5 95.62132263183594 299.1213073730469
    endloop
  endfacet
  facet normal 0 0.793348826239951 0.6087673117897281
    outer loop
      vertex -88.5 95.62132263183594 299.1213073730469
      vertex 94.5 96.09807586669922 298.5
      vertex -88.5 96.09807586669922 298.5
    endloop
  endfacet
  facet normal 0.9183316430784606 0.3803819604729015 0.10943745916095965
    outer loop
      vertex 97.39777374267578 94.27645874023438 297
      vertex 97.09807586669922 95 297
      vertex 97.25595092773438 94.39546203613281 297.7764587402344
    endloop
  endfacet
  facet normal 0.1545501772050519 0.9758219537660413 0.1545501772050519
    outer loop
      vertex 95.27645874023438 96.39777374267578 297
      vertex 94.5 96.39777374267578 297.7764587402344
      vertex 95.39546203613281 96.25595092773438 297.7764587402344
    endloop
  endfacet
  facet normal 0.3803819604729015 0.9183316430784606 -0.10943745916095965
    outer loop
      vertex 95.39546203613281 96.25595092773438 212.22354125976562
      vertex 95.27645874023438 96.39777374267578 213
      vertex 96 96.09807586669922 213
    endloop
  endfacet
  facet normal -0.14478202884536664 0.9141463621271012 -0.37864837611325647
    outer loop
      vertex -88.5 96.09807586669922 211.5
      vertex -89.39546203613281 96.25595092773438 212.22354125976562
      vertex -88.5 96.39777374267578 212.22354125976562
    endloop
  endfacet
  facet normal -0.15655658173637257 -0.3779607740304284 -0.9124887341821498
    outer loop
      vertex -88.5 13 210.40191650390625
      vertex -89.56066131591797 13.439340591430664 210.40191650390625
      vertex -88.5 13.723543167114258 210.1022186279297
    endloop
  endfacet
  facet normal 0.14478564333427876 -0.9141445955052206 -0.37865125906680364
    outer loop
      vertex 95.39546203613281 11.744050025939941 212.22354125976562
      vertex 94.5 11.60222339630127 212.22354125976562
      vertex 94.5 11.901924133300781 211.5
    endloop
  endfacet
  facet normal 0 -0.9914447516743157 -0.1305270254677345
    outer loop
      vertex -88.5 11.60222339630127 212.22354125976562
      vertex 90.5 11.5 213
      vertex -88.5 11.5 213
    endloop
  endfacet
  facet normal 0 -0.9914447516743157 -0.1305270254677345
    outer loop
      vertex 90.5 11.5 213
      vertex -88.5 11.60222339630127 212.22354125976562
      vertex 90.5 11.60222339630127 212.22354125976562
    endloop
  endfacet
  facet normal 0 -0.9914447516743157 -0.13052702546773454
    outer loop
      vertex 94.5 11.5 213
      vertex 94.39777374267578 11.60222339630127 212.22354125976562
      vertex 94.5 11.60222339630127 212.22354125976562
    endloop
  endfacet
  facet normal -0.15588127527996964 0.7836579025792687 -0.6013163225309551
    outer loop
      vertex -88.5 95.62132263183594 210.87867736816406
      vertex -89.4942398071289 95.90030670166016 211.5
      vertex -88.5 96.09807586669922 211.5
    endloop
  endfacet
  facet normal 0.16098970151825256 0.6008233678068247 -0.7830029353088844
    outer loop
      vertex 95.56066131591797 95.33712005615234 210.87867736816406
      vertex 94.5 95 210.40191650390625
      vertex 94.5 95.62132263183594 210.87867736816406
    endloop
  endfacet
  facet normal 0.129423285231074 0.129423285231074 -0.9831069252527886
    outer loop
      vertex 95.27645874023438 93.5 210.1022186279297
      vertex 94.5 93.5 210
      vertex 94.5 94.27645874023438 210.1022186279297
    endloop
  endfacet
  facet normal -0.129416624992055 0.1294233986902186 -0.9831077870951579
    outer loop
      vertex -89.02995300292969 93.5 210.06976318359375
      vertex -88.5 94.27645874023438 210.1022186279297
      vertex -88.5 93.5 210
    endloop
  endfacet
  facet normal -0.12943735979152185 0.12943735979152185 -0.9831032192910368
    outer loop
      vertex -88.5 94.27645874023438 210.1022186279297
      vertex -89.02995300292969 93.5 210.06976318359375
      vertex -89.25155639648438 93.52490234375 210.1022186279297
    endloop
  endfacet
  facet normal 0.6008233678068247 0.16098970151825256 -0.7830029353088844
    outer loop
      vertex 96.62132263183594 93.5 210.87867736816406
      vertex 96 93.5 210.40191650390625
      vertex 96.33712005615234 94.56066131591797 210.87867736816406
    endloop
  endfacet
  facet normal 0.3826804604958138 0 -0.9238807634942465
    outer loop
      vertex 95.27645874023438 14.5 210.1022186279297
      vertex 96 93.5 210.40191650390625
      vertex 96 14.5 210.40191650390625
    endloop
  endfacet
  facet normal 0.3826804604958138 0 -0.9238807634942465
    outer loop
      vertex 96 93.5 210.40191650390625
      vertex 95.27645874023438 14.5 210.1022186279297
      vertex 95.27645874023438 93.5 210.1022186279297
    endloop
  endfacet
  facet normal 0.5298709714913029 -0.5298716222985268 -0.6621728002973167
    outer loop
      vertex 96.33712005615234 12.662882804870605 211.5
      vertex 95.56066131591797 12.662882804870605 210.87867736816406
      vertex 96.33712005615234 13.439340591430664 210.87867736816406
    endloop
  endfacet
  facet normal 0.8340065040221933 -0.4249470337973131 -0.3519277904848447
    outer loop
      vertex 97.25595092773438 13.604537963867188 212.22354125976562
      vertex 96.84435272216797 12.796730041503906 212.22354125976562
      vertex 96.90030670166016 13.505760192871094 211.5
    endloop
  endfacet
  facet normal 0 0.6087640334084832 -0.7933513418582181
    outer loop
      vertex -88.5 95 210.40191650390625
      vertex 94.5 95.62132263183594 210.87867736816406
      vertex 94.5 95 210.40191650390625
    endloop
  endfacet
  facet normal 0 0.6087640334084832 -0.7933513418582181
    outer loop
      vertex 94.5 95.62132263183594 210.87867736816406
      vertex -88.5 95 210.40191650390625
      vertex -88.5 95.62132263183594 210.87867736816406
    endloop
  endfacet
  facet normal 0.7495566479647616 0.5008306870097465 -0.432820348922247
    outer loop
      vertex 96.90030670166016 94.4942398071289 211.5
      vertex 96.33712005615234 95.33712005615234 211.5
      vertex 96.84435272216797 95.2032699584961 212.22354125976562
    endloop
  endfacet
  facet normal 0.5008306870097465 0.7495566479647616 -0.432820348922247
    outer loop
      vertex 96.33712005615234 95.33712005615234 211.5
      vertex 95.4942398071289 95.90030670166016 211.5
      vertex 96.2032699584961 95.84435272216797 212.22354125976562
    endloop
  endfacet
  facet normal -0.4636201949858314 -0.4636207644213889 -0.7550576809745245
    outer loop
      vertex -89.56066131591797 12.662882804870605 210.87867736816406
      vertex -90.33712005615234 13.439340591430664 210.87867736816406
      vertex -89.56066131591797 13.439340591430664 210.40191650390625
    endloop
  endfacet
  facet normal -0.5113801094030168 -0.21182017763260133 -0.8328400783191523
    outer loop
      vertex -89.56066131591797 13.439340591430664 210.40191650390625
      vertex -90.33712005615234 13.439340591430664 210.87867736816406
      vertex -90 14.5 210.40191650390625
    endloop
  endfacet
  facet normal -0.664269892176708 -0.664259700062977 -0.3427893831783427
    outer loop
      vertex -90.2032699584961 12.155649185180664 212.22354125976562
      vertex -90.5 12.705863952636719 211.7323455810547
      vertex -90.33712005615234 12.662882804870605 211.5
    endloop
  endfacet
  facet normal -0.6642627953215984 -0.6642627953215984 -0.3427971375362877
    outer loop
      vertex -90.5 12.705863952636719 211.7323455810547
      vertex -90.2032699584961 12.155649185180664 212.22354125976562
      vertex -90.5 12.45237922668457 212.22354125976562
    endloop
  endfacet
  facet normal -0.6830183088341736 -0.4563429389880871 -0.5702956354672728
    outer loop
      vertex -90.33712005615234 13.439340591430664 210.87867736816406
      vertex -90.5 12.906654357910156 211.5
      vertex -90.5 13.458550453186035 211.05838012695312
    endloop
  endfacet
  facet normal -0.6830009428716229 -0.45635823309037576 -0.5703041952564477
    outer loop
      vertex -90.5 12.906654357910156 211.5
      vertex -90.33712005615234 13.439340591430664 210.87867736816406
      vertex -90.33712005615234 12.662882804870605 211.5
    endloop
  endfacet
  facet normal -0.9183320718111304 -0.380381135324149 0.10943672954080884
    outer loop
      vertex -91.25595092773438 13.604537963867188 297.7764587402344
      vertex -91.39777374267578 13.723543167114258 297
      vertex -91.09807586669922 13 297
    endloop
  endfacet
  facet normal -0.9831044265216845 -0.12943293409972856 0.12943261615143703
    outer loop
      vertex -91.39777374267578 14.5 297.7764587402344
      vertex -91.5 14.5 297
      vertex -91.39777374267578 13.723543167114258 297
    endloop
  endfacet
  facet normal -0.1558794702022782 -0.7836563857899366 -0.6013187671943321
    outer loop
      vertex -88.5 11.901924133300781 211.5
      vertex -89.4942398071289 12.099691390991211 211.5
      vertex -88.5 12.378680229187012 210.87867736816406
    endloop
  endfacet
  facet normal -0.1294291203935906 -0.9831053888512071 -0.1294291203935906
    outer loop
      vertex -88.5 11.5 213
      vertex -89.27645874023438 11.60222339630127 213
      vertex -88.5 11.60222339630127 212.22354125976562
    endloop
  endfacet
  facet normal -0.664262580461256 -0.6642645567803305 0.34279414056308594
    outer loop
      vertex -90.33712005615234 12.662882804870605 298.5
      vertex -90.84435272216797 12.796730041503906 297.7764587402344
      vertex -90.2032699584961 12.155649185180664 297.7764587402344
    endloop
  endfacet
  facet normal -0.3803849016699666 -0.9183299771150026 0.1094412157895217
    outer loop
      vertex -89.39546203613281 11.744050025939941 297.7764587402344
      vertex -90 11.901924133300781 297
      vertex -89.27645874023438 11.60222339630127 297
    endloop
  endfacet
  facet normal -0.3826835787025309 -0.9238794718963205 0
    outer loop
      vertex -90 11.901924133300781 213
      vertex -89.27645874023438 11.60222339630127 239.5880889892578
      vertex -90 11.901924133300781 241.75274658203125
    endloop
  endfacet
  facet normal -0.38268357870253084 -0.9238794718963204 0
    outer loop
      vertex -89.27645874023438 11.60222339630127 239.5880889892578
      vertex -90 11.901924133300781 213
      vertex -89.27645874023438 11.60222339630127 213
    endloop
  endfacet
  facet normal -0.3826835787025309 -0.9238794718963204 0
    outer loop
      vertex -90 11.901924133300781 297
      vertex -89.27645874023438 11.60222339630127 275.42205810546875
      vertex -89.27645874023438 11.60222339630127 297
    endloop
  endfacet
  facet normal -0.3826835787025309 -0.9238794718963205 0
    outer loop
      vertex -89.27645874023438 11.60222339630127 275.42205810546875
      vertex -90 11.901924133300781 297
      vertex -90 11.901924133300781 270.5471496582031
    endloop
  endfacet
  facet normal -0.19740776990359987 -0.7367378163085062 0.6467206215999775
    outer loop
      vertex -88.5 12.378680229187012 299.1213073730469
      vertex -89.56066131591797 12.662882804870605 299.1213073730469
      vertex -89.4942398071289 12.099691390991211 298.5
    endloop
  endfacet
  facet normal -0.15654994479000447 -0.37794475103504444 0.9124965095556832
    outer loop
      vertex -88.5 13.723543167114258 299.89776611328125
      vertex -89.56066131591797 13.439340591430664 299.59808349609375
      vertex -88.5 13 299.59808349609375
    endloop
  endfacet
  facet normal -0.8925679205809148 -0.17754510645041302 0.4144879278403333
    outer loop
      vertex -91.09807586669922 14.5 298.5
      vertex -91.25595092773438 13.604537963867188 297.7764587402344
      vertex -90.90030670166016 13.505760192871094 298.5
    endloop
  endfacet
  facet normal -0.78942708016781 -0.6057459167381941 0.09938193725587571
    outer loop
      vertex -90.84435272216797 12.796730041503906 297.7764587402344
      vertex -91.09807586669922 13 297
      vertex -90.62132263183594 12.378680229187012 297
    endloop
  endfacet
  facet normal 0.8780678309222738 -0.4473973745093619 0.16980127673719891
    outer loop
      vertex 97.25595092773438 13.604537963867188 297.7764587402344
      vertex 96.84435272216797 12.796730041503906 297.7764587402344
      vertex 97.09807586669922 13 297
    endloop
  endfacet
  facet normal 0.9914442374123397 -0.130530931590426 0
    outer loop
      vertex 97.39777374267578 13.723543167114258 297
      vertex 97.5 14.5 213
      vertex 97.5 14.5 297
    endloop
  endfacet
  facet normal 0.9914442374123397 -0.130530931590426 0
    outer loop
      vertex 97.5 14.5 213
      vertex 97.39777374267578 13.723543167114258 297
      vertex 97.39777374267578 13.723543167114258 213
    endloop
  endfacet
  facet normal -0.1294291203935906 -0.9831053888512071 0.1294291203935906
    outer loop
      vertex -88.5 11.60222339630127 297.7764587402344
      vertex -89.27645874023438 11.60222339630127 297
      vertex -88.5 11.5 297
    endloop
  endfacet
  facet normal 0.8340065040221933 -0.4249470337973131 0.3519277904848447
    outer loop
      vertex 96.90030670166016 13.505760192871094 298.5
      vertex 96.84435272216797 12.796730041503906 297.7764587402344
      vertex 97.25595092773438 13.604537963867188 297.7764587402344
    endloop
  endfacet
  facet normal 0.6087602011745301 -0.7933542824400369 0
    outer loop
      vertex 96.62132263183594 12.378680229187012 213
      vertex 96 11.901924133300781 259.037353515625
      vertex 96 11.901924133300781 213
    endloop
  endfacet
  facet normal 0.60876020117453 -0.7933542824400369 0
    outer loop
      vertex 96 11.901924133300781 259.037353515625
      vertex 96.62132263183594 12.378680229187012 213
      vertex 96.62132263183594 12.378680229187012 260.9549865722656
    endloop
  endfacet
  facet normal 0.60876020117453 -0.7933542824400368 0
    outer loop
      vertex 96 11.901924133300781 270.5471496582031
      vertex 96.62132263183594 12.378680229187012 297
      vertex 96 11.901924133300781 297
    endloop
  endfacet
  facet normal 0.60876020117453 -0.7933542824400369 0
    outer loop
      vertex 96.62132263183594 12.378680229187012 297
      vertex 96 11.901924133300781 270.5471496582031
      vertex 96.62132263183594 12.378680229187012 262.7922668457031
    endloop
  endfacet
  facet normal 0.6057463487797 -0.7894265409426996 -0.09938358715253809
    outer loop
      vertex 96.62132263183594 12.378680229187012 213
      vertex 96 11.901924133300781 213
      vertex 96.2032699584961 12.155649185180664 212.22354125976562
    endloop
  endfacet
  facet normal 0 -1 0
    outer loop
      vertex -88.5 11.5 213
      vertex -82.36805725097656 11.5 228
      vertex -85.26339721679688 11.5 228
    endloop
  endfacet
  facet normal 0 -1 0
    outer loop
      vertex -82.36805725097656 11.5 228
      vertex -88.5 11.5 213
      vertex 82.36805725097656 11.5 228
    endloop
  endfacet
  facet normal 0 -1 0
    outer loop
      vertex 90.5 11.5 213
      vertex 82.36805725097656 11.5 228
      vertex -88.5 11.5 213
    endloop
  endfacet
  facet normal 0 -1 0
    outer loop
      vertex 90.5 11.5 227
      vertex 90.5 11.5 215
      vertex 91.5 11.5 227
    endloop
  endfacet
  facet normal 0 -1 0
    outer loop
      vertex 85.26339721679688 11.5 228
      vertex 90.5 11.5 215
      vertex 90.5 11.5 227
    endloop
  endfacet
  facet normal 0 -1 0
    outer loop
      vertex -88.5 11.5 213
      vertex -85.26339721679688 11.5 228
      vertex -88.5 11.5 237.3238983154297
    endloop
  endfacet
  facet normal 0 -1 0
    outer loop
      vertex 90.5 11.5 215
      vertex 82.36805725097656 11.5 228
      vertex 90.5 11.5 213
    endloop
  endfacet
  facet normal 0 -1 0
    outer loop
      vertex 82.36805725097656 11.5 228
      vertex 90.5 11.5 215
      vertex 85.26339721679688 11.5 228
    endloop
  endfacet
  facet normal 0 -1 0
    outer loop
      vertex -82.36805725097656 11.5 228
      vertex 86.35829162597656 11.5 239.69839477539062
      vertex -86.35829162597656 11.5 239.69839477539062
    endloop
  endfacet
  facet normal 0 -1 0
    outer loop
      vertex 86.35829162597656 11.5 239.69839477539062
      vertex -82.36805725097656 11.5 228
      vertex 82.36805725097656 11.5 228
    endloop
  endfacet
  facet normal 0 -1 0
    outer loop
      vertex 85.26339721679688 11.5 228
      vertex 90.5 11.5 232
      vertex 94.5 11.5 254.6085205078125
    endloop
  endfacet
  facet normal 0 -1 0
    outer loop
      vertex 90.5 11.5 232
      vertex 85.26339721679688 11.5 228
      vertex 90.5 11.5 227
    endloop
  endfacet
  facet normal 0 -1 0
    outer loop
      vertex 94.5 11.5 254.6085205078125
      vertex 90.5 11.5 232
      vertex 94.5 11.5 232
    endloop
  endfacet
  facet normal 0 -1 0
    outer loop
      vertex 91.5 11.5 227
      vertex 90.5 11.5 215
      vertex 91.5 11.5 215
    endloop
  endfacet
  facet normal 0 -1 0
    outer loop
      vertex -88.5 11.5 277.0848388671875
      vertex 94.5 11.5 297
      vertex -88.5 11.5 297
    endloop
  endfacet
  facet normal 0 -1 0
    outer loop
      vertex 94.5 11.5 297
      vertex -88.5 11.5 277.0848388671875
      vertex 94.5 11.5 277.0848388671875
    endloop
  endfacet
  facet normal 0.12944420862144987 -0.12948986948470367 0.9830954025704733
    outer loop
      vertex 94.62132263183594 14.378680229187012 299.9680480957031
      vertex 95.27645874023438 14.5 299.89776611328125
      vertex 94.71440887451172 14.5 299.9717712402344
    endloop
  endfacet
  facet normal 0.12949367990603747 -0.12944522314656268 0.983094767084501
    outer loop
      vertex 94.5 13.723543167114258 299.89776611328125
      vertex 94.62132263183594 14.378680229187012 299.9680480957031
      vertex 94.5 14.285588264465332 299.9717712402344
    endloop
  endfacet
  facet normal 0.12943500873732985 -0.1294353266914987 0.9831037965125718
    outer loop
      vertex 94.62132263183594 14.378680229187012 299.9680480957031
      vertex 94.5 13.723543167114258 299.89776611328125
      vertex 95.27645874023438 14.5 299.89776611328125
    endloop
  endfacet
  facet normal 0.9758220110220148 -0.15455018627322342 0.1545498066251221
    outer loop
      vertex 97.39777374267578 14.5 297.7764587402344
      vertex 97.25595092773438 13.604537963867188 297.7764587402344
      vertex 97.39777374267578 13.723543167114258 297
    endloop
  endfacet
  facet normal 0.9758219537660413 0.1545501772050519 0.1545501772050519
    outer loop
      vertex 97.39777374267578 94.27645874023438 297
      vertex 97.25595092773438 94.39546203613281 297.7764587402344
      vertex 97.39777374267578 93.5 297.7764587402344
    endloop
  endfacet
  facet normal 0.9831044669793143 0.12943262147796872 0.12943262147796872
    outer loop
      vertex 97.39777374267578 94.27645874023438 297
      vertex 97.39777374267578 93.5 297.7764587402344
      vertex 97.5 93.5 297
    endloop
  endfacet
  facet normal -0.37794560416925693 -0.15654990004216332 0.9124961638746346
    outer loop
      vertex -89.27645874023438 14.5 299.89776611328125
      vertex -90 14.5 299.59808349609375
      vertex -89.56066131591797 13.439340591430664 299.59808349609375
    endloop
  endfacet
  facet normal -0.21253121302829864 -0.21253173510641224 0.9537613669369176
    outer loop
      vertex -89.27645874023438 14.5 299.89776611328125
      vertex -89.56066131591797 13.439340591430664 299.59808349609375
      vertex -88.5 13.723543167114258 299.89776611328125
    endloop
  endfacet
  facet normal -0.4636287766636393 0.4636287766636393 0.7550474918167429
    outer loop
      vertex -89.56066131591797 95.33712005615234 299.1213073730469
      vertex -90.33712005615234 94.56066131591797 299.1213073730469
      vertex -89.56066131591797 94.56066131591797 299.59808349609375
    endloop
  endfacet
  facet normal -0.3803819604729015 0.9183316430784606 0.10943745916095965
    outer loop
      vertex -89.27645874023438 96.39777374267578 297
      vertex -90 96.09807586669922 297
      vertex -89.39546203613281 96.25595092773438 297.7764587402344
    endloop
  endfacet
  facet normal -0.6829936335246285 0.4563553290204478 0.5703152726689549
    outer loop
      vertex -90.33712005615234 95.33712005615234 298.5
      vertex -90.90030670166016 94.4942398071289 298.5
      vertex -90.33712005615234 94.56066131591797 299.1213073730469
    endloop
  endfacet
  facet normal -0.4249470337973131 0.8340065040221933 0.3519277904848447
    outer loop
      vertex -89.39546203613281 96.25595092773438 297.7764587402344
      vertex -90.2032699584961 95.84435272216797 297.7764587402344
      vertex -89.4942398071289 95.90030670166016 298.5
    endloop
  endfacet
  facet normal -0.6642639673533278 0.6642639673533278 -0.3427925952409619
    outer loop
      vertex -90.33712005615234 95.33712005615234 211.5
      vertex -90.84435272216797 95.2032699584961 212.22354125976562
      vertex -90.2032699584961 95.84435272216797 212.22354125976562
    endloop
  endfacet
  facet normal -0.6962117253398056 0.6962117253398056 -0.17486699802633446
    outer loop
      vertex -90.2032699584961 95.84435272216797 212.22354125976562
      vertex -90.84435272216797 95.2032699584961 212.22354125976562
      vertex -90.62132263183594 95.62132263183594 213
    endloop
  endfacet
  facet normal -0.9183316430784606 0.3803819604729015 -0.10943745916095965
    outer loop
      vertex -91.25595092773438 94.39546203613281 212.22354125976562
      vertex -91.39777374267578 94.27645874023438 213
      vertex -91.09807586669922 95 213
    endloop
  endfacet
  facet normal -0.9914452312576044 0.130523382642939 0
    outer loop
      vertex -91.5 93.5 215
      vertex -91.4251937866211 94.06822204589844 227
      vertex -91.4251937866211 94.06822204589844 215
    endloop
  endfacet
  facet normal -0.9914452312576044 0.130523382642939 0
    outer loop
      vertex -91.4251937866211 94.06822204589844 227
      vertex -91.5 93.5 215
      vertex -91.5 93.5 227
    endloop
  endfacet
  facet normal -0.9914416799436664 0.1305503553058378 0
    outer loop
      vertex -91.4251937866211 94.06822204589844 215
      vertex -91.39777374267578 94.27645874023438 213
      vertex -91.4251937866211 94.06822204589844 213
    endloop
  endfacet
  facet normal -0.9914416799436665 0.1305503553058378 0
    outer loop
      vertex -91.4251937866211 94.06822204589844 227
      vertex -91.39777374267578 94.27645874023438 213
      vertex -91.4251937866211 94.06822204589844 215
    endloop
  endfacet
  facet normal -0.9914416799436665 0.1305503553058378 0
    outer loop
      vertex -91.4251937866211 94.06822204589844 232
      vertex -91.39777374267578 94.27645874023438 213
      vertex -91.4251937866211 94.06822204589844 227
    endloop
  endfacet
  facet normal -0.9914416799436664 0.1305503553058378 0
    outer loop
      vertex -91.39777374267578 94.27645874023438 213
      vertex -91.4251937866211 94.06822204589844 232
      vertex -91.39777374267578 94.27645874023438 297
    endloop
  endfacet
  facet normal -0.9914452312576006 0.1305233826429385 8.790885144195965e-8
    outer loop
      vertex -91.5 93.5 232
      vertex -91.39777374267578 94.27645874023438 297
      vertex -91.4251937866211 94.06822204589844 232
    endloop
  endfacet
  facet normal -0.9914442789083517 0.13053061640817715 0
    outer loop
      vertex -91.39777374267578 94.27645874023438 297
      vertex -91.5 93.5 232
      vertex -91.5 93.5 297
    endloop
  endfacet
  facet normal -0.9758220110220148 -0.15455018627322342 0.1545498066251221
    outer loop
      vertex -91.39777374267578 14.5 297.7764587402344
      vertex -91.39777374267578 13.723543167114258 297
      vertex -91.25595092773438 13.604537963867188 297.7764587402344
    endloop
  endfacet
  facet normal -0.9141463621271012 -0.14478202884536664 0.37864837611325647
    outer loop
      vertex -91.09807586669922 14.5 298.5
      vertex -91.39777374267578 14.5 297.7764587402344
      vertex -91.25595092773438 13.604537963867188 297.7764587402344
    endloop
  endfacet
  facet normal -0.19741051945036808 0.7367480777844494 -0.6467080923347526
    outer loop
      vertex -88.5 95.62132263183594 210.87867736816406
      vertex -89.56066131591797 95.33712005615234 210.87867736816406
      vertex -89.4942398071289 95.90030670166016 211.5
    endloop
  endfacet
  facet normal -0.4563589743424508 0.682999089211375 -0.5703058220582518
    outer loop
      vertex -89.56066131591797 95.33712005615234 210.87867736816406
      vertex -90.33712005615234 95.33712005615234 211.5
      vertex -89.4942398071289 95.90030670166016 211.5
    endloop
  endfacet
  facet normal -0.892564615069717 0.1775419331952499 -0.4144964051505651
    outer loop
      vertex -91.19242858886719 94.03514862060547 211.93240356445312
      vertex -90.90030670166016 94.4942398071289 211.5
      vertex -91.08507537841797 94.04605102539062 211.70590209960938
    endloop
  endfacet
  facet normal -0.8925726209618831 0.17755590318541176 -0.4144731807406206
    outer loop
      vertex -90.90030670166016 94.4942398071289 211.5
      vertex -91.01502990722656 94.01191711425781 211.54043579101562
      vertex -91.08507537841797 94.04605102539062 211.70590209960938
    endloop
  endfacet
  facet normal -0.8925552829387373 0.17754837899369663 -0.41451373923533713
    outer loop
      vertex -91.01502990722656 94.01191711425781 211.54043579101562
      vertex -90.90030670166016 94.4942398071289 211.5
      vertex -90.9993667602539 93.99625396728516 211.5
    endloop
  endfacet
  facet normal -0.8925670638710076 0.17755287089469027 -0.4144864467383005
    outer loop
      vertex -90.90030670166016 94.4942398071289 211.5
      vertex -91.19242858886719 94.03514862060547 211.93240356445312
      vertex -91.25595092773438 94.39546203613281 212.22354125976562
    endloop
  endfacet
  facet normal 0.6829990892113751 0.4563589743424509 -0.5703058220582519
    outer loop
      vertex 96.90030670166016 94.4942398071289 211.5
      vertex 96.33712005615234 94.56066131591797 210.87867736816406
      vertex 96.33712005615234 95.33712005615234 211.5
    endloop
  endfacet
  facet normal 0 0.6087762962707779 0.7933419320184922
    outer loop
      vertex -88.5 95.62132263183594 299.1213073730469
      vertex 94.5 95 299.59808349609375
      vertex 94.5 95.62132263183594 299.1213073730469
    endloop
  endfacet
  facet normal 0 0.6087762962707779 0.7933419320184922
    outer loop
      vertex 94.5 95 299.59808349609375
      vertex -88.5 95.62132263183594 299.1213073730469
      vertex -88.5 95 299.59808349609375
    endloop
  endfacet
  facet normal 0.5113915028689551 0.21182451603482 0.8328319789729773
    outer loop
      vertex 96.33712005615234 94.56066131591797 299.1213073730469
      vertex 95.56066131591797 94.56066131591797 299.59808349609375
      vertex 96 93.5 299.59808349609375
    endloop
  endfacet
  facet normal 0.6057441069494627 0.7894283566987844 0.09938282817395985
    outer loop
      vertex 96.62132263183594 95.62132263183594 297
      vertex 96 96.09807586669922 297
      vertex 96.2032699584961 95.84435272216797 297.7764587402344
    endloop
  endfacet
  facet normal 0.4249470337973131 0.8340065040221933 0.3519277904848447
    outer loop
      vertex 96.2032699584961 95.84435272216797 297.7764587402344
      vertex 95.39546203613281 96.25595092773438 297.7764587402344
      vertex 95.4942398071289 95.90030670166016 298.5
    endloop
  endfacet
  facet normal 0 1 0
    outer loop
      vertex 94.5 96.5 213
      vertex -88.5 96.5 297
      vertex 94.5 96.5 297
    endloop
  endfacet
  facet normal 0 1 0
    outer loop
      vertex -88.5 96.5 297
      vertex 94.5 96.5 213
      vertex -88.5 96.5 213
    endloop
  endfacet
  facet normal 0 0.9238807634942465 0.3826804604958137
    outer loop
      vertex 94.5 96.39777374267578 297.7764587402344
      vertex -88.5 96.09807586669922 298.5
      vertex 94.5 96.09807586669922 298.5
    endloop
  endfacet
  facet normal 0 0.9238807634942465 0.3826804604958137
    outer loop
      vertex -88.5 96.09807586669922 298.5
      vertex 94.5 96.39777374267578 297.7764587402344
      vertex -88.5 96.39777374267578 297.7764587402344
    endloop
  endfacet
  facet normal 0.14478202884536664 0.9141463621271012 -0.37864837611325647
    outer loop
      vertex 95.39546203613281 96.25595092773438 212.22354125976562
      vertex 94.5 96.09807586669922 211.5
      vertex 94.5 96.39777374267578 212.22354125976562
    endloop
  endfacet
  facet normal 0.1545501772050519 0.9758219537660413 -0.1545501772050519
    outer loop
      vertex 95.39546203613281 96.25595092773438 212.22354125976562
      vertex 94.5 96.39777374267578 212.22354125976562
      vertex 95.27645874023438 96.39777374267578 213
    endloop
  endfacet
  facet normal 0.6087640334084832 0 -0.7933513418582181
    outer loop
      vertex 96 14.5 210.40191650390625
      vertex 96.62132263183594 93.5 210.87867736816406
      vertex 96.62132263183594 14.5 210.87867736816406
    endloop
  endfacet
  facet normal 0.6087640334084832 0 -0.7933513418582181
    outer loop
      vertex 96.62132263183594 93.5 210.87867736816406
      vertex 96 14.5 210.40191650390625
      vertex 96 93.5 210.40191650390625
    endloop
  endfacet
  facet normal 0.177543690647275 -0.8925694111732786 -0.41448532440742886
    outer loop
      vertex 95.39546203613281 11.744050025939941 212.22354125976562
      vertex 94.5 11.901924133300781 211.5
      vertex 95.4942398071289 12.099691390991211 211.5
    endloop
  endfacet
  facet normal 0 0.793356046790706 -0.608757901813704
    outer loop
      vertex 94.5 95.62132263183594 210.87867736816406
      vertex -88.5 96.09807586669922 211.5
      vertex 94.5 96.09807586669922 211.5
    endloop
  endfacet
  facet normal 0 0.793356046790706 -0.608757901813704
    outer loop
      vertex -88.5 96.09807586669922 211.5
      vertex 94.5 95.62132263183594 210.87867736816406
      vertex -88.5 95.62132263183594 210.87867736816406
    endloop
  endfacet
  facet normal -0.15655626235195008 0.3779616438474456 -0.9124884286929473
    outer loop
      vertex -88.5 94.27645874023438 210.1022186279297
      vertex -89.56066131591797 94.56066131591797 210.40191650390625
      vertex -88.5 95 210.40191650390625
    endloop
  endfacet
  facet normal -0.21264912171050462 0.21250437837148384 -0.9537411809336431
    outer loop
      vertex -89.56066131591797 94.56066131591797 210.40191650390625
      vertex -89.25155639648438 93.52490234375 210.1022186279297
      vertex -89.28497314453125 93.53179931640625 210.1112060546875
    endloop
  endfacet
  facet normal -0.21254118066299987 0.21254118066299987 -0.953757040888693
    outer loop
      vertex -89.25155639648438 93.52490234375 210.1022186279297
      vertex -89.56066131591797 94.56066131591797 210.40191650390625
      vertex -88.5 94.27645874023438 210.1022186279297
    endloop
  endfacet
  facet normal 0.21181981381456516 0.5113801506632333 -0.8328401455160599
    outer loop
      vertex 95.56066131591797 94.56066131591797 210.40191650390625
      vertex 94.5 95 210.40191650390625
      vertex 95.56066131591797 95.33712005615234 210.87867736816406
    endloop
  endfacet
  facet normal 0.46362031738253223 0.46362031738253223 -0.7550578803113309
    outer loop
      vertex 96.33712005615234 94.56066131591797 210.87867736816406
      vertex 95.56066131591797 94.56066131591797 210.40191650390625
      vertex 95.56066131591797 95.33712005615234 210.87867736816406
    endloop
  endfacet
  facet normal 0.9238807634942465 0 -0.3826804604958138
    outer loop
      vertex 97.39777374267578 14.5 212.22354125976562
      vertex 97.09807586669922 93.5 211.5
      vertex 97.39777374267578 93.5 212.22354125976562
    endloop
  endfacet
  facet normal 0.9238807634942465 0 -0.3826804604958138
    outer loop
      vertex 97.09807586669922 93.5 211.5
      vertex 97.39777374267578 14.5 212.22354125976562
      vertex 97.09807586669922 14.5 211.5
    endloop
  endfacet
  facet normal 0.9183320718111304 -0.380381135324149 -0.10943672954080884
    outer loop
      vertex 97.39777374267578 13.723543167114258 213
      vertex 97.09807586669922 13 213
      vertex 97.25595092773438 13.604537963867188 212.22354125976562
    endloop
  endfacet
  facet normal 0.6057441069494627 0.7894283566987844 -0.09938282817395985
    outer loop
      vertex 96.2032699584961 95.84435272216797 212.22354125976562
      vertex 96 96.09807586669922 213
      vertex 96.62132263183594 95.62132263183594 213
    endloop
  endfacet
  facet normal 0.6642639673533278 0.6642639673533278 -0.3427925952409619
    outer loop
      vertex 96.33712005615234 95.33712005615234 211.5
      vertex 96.2032699584961 95.84435272216797 212.22354125976562
      vertex 96.84435272216797 95.2032699584961 212.22354125976562
    endloop
  endfacet
  facet normal -0.21182087260741392 -0.5113804867131863 -0.8328396698865986
    outer loop
      vertex -88.5 13 210.40191650390625
      vertex -89.56066131591797 12.662882804870605 210.87867736816406
      vertex -89.56066131591797 13.439340591430664 210.40191650390625
    endloop
  endfacet
  facet normal -0.177543690647275 -0.8925694111732786 -0.41448532440742886
    outer loop
      vertex -89.39546203613281 11.744050025939941 212.22354125976562
      vertex -89.4942398071289 12.099691390991211 211.5
      vertex -88.5 11.901924133300781 211.5
    endloop
  endfacet
  facet normal -0.6962122726672849 -0.6962122726672849 -0.17486263973447333
    outer loop
      vertex -90.2032699584961 12.155649185180664 212.22354125976562
      vertex -90.5 12.313955307006836 212.77467346191406
      vertex -90.5 12.45237922668457 212.22354125976562
    endloop
  endfacet
  facet normal -0.5008338196714744 -0.7495549900809606 -0.4328195951178877
    outer loop
      vertex -90.2032699584961 12.155649185180664 212.22354125976562
      vertex -90.33712005615234 12.662882804870605 211.5
      vertex -89.4942398071289 12.099691390991211 211.5
    endloop
  endfacet
  facet normal -0.7367641993659706 -0.19741178624024633 -0.6466893390075761
    outer loop
      vertex -90.33712005615234 13.439340591430664 210.87867736816406
      vertex -90.5 13.458550453186035 211.05838012695312
      vertex -90.5 14.04722785949707 210.87867736816406
    endloop
  endfacet
  facet normal -0.177543690647275 -0.8925694111732786 0.41448532440742886
    outer loop
      vertex -88.5 11.901924133300781 298.5
      vertex -89.4942398071289 12.099691390991211 298.5
      vertex -89.39546203613281 11.744050025939941 297.7764587402344
    endloop
  endfacet
  facet normal -0.6057463487797 -0.7894265409426996 0.09938358715253809
    outer loop
      vertex -90.2032699584961 12.155649185180664 297.7764587402344
      vertex -90.62132263183594 12.378680229187012 297
      vertex -90 11.901924133300781 297
    endloop
  endfacet
  facet normal -0.9914442374123394 -0.130530931590426 0
    outer loop
      vertex -91.39777374267578 13.723543167114258 232
      vertex -91.5 14.5 297
      vertex -91.5 14.5 232
    endloop
  endfacet
  facet normal -0.9914442374123394 -0.130530931590426 0
    outer loop
      vertex -91.5 14.5 297
      vertex -91.39777374267578 13.723543167114258 232
      vertex -91.39777374267578 13.723543167114258 297
    endloop
  endfacet
  facet normal -0.9914442374123397 -0.13053093159042603 0
    outer loop
      vertex -91.39777374267578 13.723543167114258 215
      vertex -91.5 14.5 227
      vertex -91.5 14.5 215
    endloop
  endfacet
  facet normal -0.9914442374123397 -0.13053093159042603 0
    outer loop
      vertex -91.5 14.5 227
      vertex -91.39777374267578 13.723543167114258 215
      vertex -91.39777374267578 13.723543167114258 227
    endloop
  endfacet
  facet normal -0.9238826355217674 -0.38267594094919644 0
    outer loop
      vertex -91.39777374267578 13.723543167114258 232
      vertex -91.27275085449219 13.421704292297363 245.82647705078125
      vertex -91.39777374267578 13.723543167114258 297
    endloop
  endfacet
  facet normal -0.9238811201537621 -0.3826795994346052 0
    outer loop
      vertex -91.09807586669922 13 245.2102813720703
      vertex -91.39777374267578 13.723543167114258 232
      vertex -91.09807586669922 13 232
    endloop
  endfacet
  facet normal -0.9238801158826659 -0.38268202397892653 -1.555788505598853e-7
    outer loop
      vertex -91.39777374267578 13.723543167114258 232
      vertex -91.09807586669922 13 245.2102813720703
      vertex -91.27275085449219 13.421704292297363 245.82647705078125
    endloop
  endfacet
  facet normal -0.923880263123437 -0.38268166850656343 3.957913087827735e-8
    outer loop
      vertex -91.09807586669922 13 252.6859130859375
      vertex -91.39777374267578 13.723543167114258 297
      vertex -91.27275085449219 13.421704292297363 245.82647705078125
    endloop
  endfacet
  facet normal -0.9238811201537621 -0.3826795994346052 0
    outer loop
      vertex -91.39777374267578 13.723543167114258 297
      vertex -91.09807586669922 13 252.6859130859375
      vertex -91.09807586669922 13 297
    endloop
  endfacet
  facet normal -0.9238811201537621 -0.3826795994346053 0
    outer loop
      vertex -91.09807586669922 13 215
      vertex -91.39777374267578 13.723543167114258 227
      vertex -91.39777374267578 13.723543167114258 215
    endloop
  endfacet
  facet normal -0.9238811201537621 -0.3826795994346053 0
    outer loop
      vertex -91.39777374267578 13.723543167114258 227
      vertex -91.09807586669922 13 215
      vertex -91.09807586669922 13 227
    endloop
  endfacet
  facet normal 0.5008338196714744 -0.7495549900809606 -0.4328195951178877
    outer loop
      vertex 96.2032699584961 12.155649185180664 212.22354125976562
      vertex 95.4942398071289 12.099691390991211 211.5
      vertex 96.33712005615234 12.662882804870605 211.5
    endloop
  endfacet
  facet normal 0.15455413564277082 -0.9758206998785341 -0.15455413564277082
    outer loop
      vertex 95.27645874023438 11.60222339630127 213
      vertex 94.5 11.60222339630127 212.22354125976562
      vertex 95.39546203613281 11.744050025939941 212.22354125976562
    endloop
  endfacet
  facet normal -0.1305270254677345 -0.9914447516743156 0
    outer loop
      vertex -89.27645874023438 11.60222339630127 213
      vertex -88.5 11.5 237.3238983154297
      vertex -89.27645874023438 11.60222339630127 239.5880889892578
    endloop
  endfacet
  facet normal -0.13052702546773454 -0.9914447516743158 0
    outer loop
      vertex -88.5 11.5 237.3238983154297
      vertex -89.27645874023438 11.60222339630127 213
      vertex -88.5 11.5 213
    endloop
  endfacet
  facet normal -0.1305270254677345 -0.9914447516743157 0
    outer loop
      vertex -89.27645874023438 11.60222339630127 297
      vertex -88.5 11.5 277.0848388671875
      vertex -88.5 11.5 297
    endloop
  endfacet
  facet normal -0.1305270254677345 -0.9914447516743156 0
    outer loop
      vertex -88.5 11.5 277.0848388671875
      vertex -89.27645874023438 11.60222339630127 297
      vertex -89.27645874023438 11.60222339630127 275.42205810546875
    endloop
  endfacet
  facet normal -0.424948353893765 -0.8340071624632601 0.3519246360841492
    outer loop
      vertex -89.4942398071289 12.099691390991211 298.5
      vertex -90.2032699584961 12.155649185180664 297.7764587402344
      vertex -89.39546203613281 11.744050025939941 297.7764587402344
    endloop
  endfacet
  facet normal -0.5008338196714744 -0.7495549900809606 0.4328195951178877
    outer loop
      vertex -89.4942398071289 12.099691390991211 298.5
      vertex -90.33712005615234 12.662882804870605 298.5
      vertex -90.2032699584961 12.155649185180664 297.7764587402344
    endloop
  endfacet
  facet normal -0.21182557484580206 -0.5113918389134012 0.8328315033270628
    outer loop
      vertex -89.56066131591797 13.439340591430664 299.59808349609375
      vertex -89.56066131591797 12.662882804870605 299.1213073730469
      vertex -88.5 13 299.59808349609375
    endloop
  endfacet
  facet normal -0.5113914616059907 -0.2118248798601738 0.8328319117737453
    outer loop
      vertex -90 14.5 299.59808349609375
      vertex -90.33712005615234 13.439340591430664 299.1213073730469
      vertex -89.56066131591797 13.439340591430664 299.59808349609375
    endloop
  endfacet
  facet normal 0 -0.6087780606161777 0.7933405781330017
    outer loop
      vertex -88.5 13 299.59808349609375
      vertex 94.5 12.378680229187012 299.1213073730469
      vertex 94.5 13 299.59808349609375
    endloop
  endfacet
  facet normal 0 -0.6087780606161777 0.7933405781330017
    outer loop
      vertex 94.5 12.378680229187012 299.1213073730469
      vertex -88.5 13 299.59808349609375
      vertex -88.5 12.378680229187012 299.1213073730469
    endloop
  endfacet
  facet normal 0.4636286542602386 -0.46362922370618603 0.7550472924754048
    outer loop
      vertex 95.56066131591797 13.439340591430664 299.59808349609375
      vertex 95.56066131591797 12.662882804870605 299.1213073730469
      vertex 96.33712005615234 13.439340591430664 299.1213073730469
    endloop
  endfacet
  facet normal -0.7367401880693074 -0.1974087604062628 0.6467176173558784
    outer loop
      vertex -90.62132263183594 14.5 299.1213073730469
      vertex -90.90030670166016 13.505760192871094 298.5
      vertex -90.33712005615234 13.439340591430664 299.1213073730469
    endloop
  endfacet
  facet normal -0.6829926695090359 -0.456356233923548 0.5703157030593115
    outer loop
      vertex -90.33712005615234 13.439340591430664 299.1213073730469
      vertex -90.90030670166016 13.505760192871094 298.5
      vertex -90.33712005615234 12.662882804870605 298.5
    endloop
  endfacet
  facet normal 0.9183320718111304 -0.380381135324149 0.10943672954080884
    outer loop
      vertex 97.25595092773438 13.604537963867188 297.7764587402344
      vertex 97.09807586669922 13 297
      vertex 97.39777374267578 13.723543167114258 297
    endloop
  endfacet
  facet normal 0.7367401880693074 -0.1974087604062628 0.6467176173558784
    outer loop
      vertex 96.62132263183594 14.5 299.1213073730469
      vertex 96.33712005615234 13.439340591430664 299.1213073730469
      vertex 96.90030670166016 13.505760192871094 298.5
    endloop
  endfacet
  facet normal 0.21253121302829864 -0.21253173510641224 0.9537613669369176
    outer loop
      vertex 95.27645874023438 14.5 299.89776611328125
      vertex 94.5 13.723543167114258 299.89776611328125
      vertex 95.56066131591797 13.439340591430664 299.59808349609375
    endloop
  endfacet
  facet normal 0.5008338196714744 -0.7495549900809606 0.4328195951178877
    outer loop
      vertex 96.33712005615234 12.662882804870605 298.5
      vertex 95.4942398071289 12.099691390991211 298.5
      vertex 96.2032699584961 12.155649185180664 297.7764587402344
    endloop
  endfacet
  facet normal 0.1558780859617904 -0.7836494267664275 0.6013281951193861
    outer loop
      vertex 94.5 12.378680229187012 299.1213073730469
      vertex 94.5 11.901924133300781 298.5
      vertex 95.4942398071289 12.099691390991211 298.5
    endloop
  endfacet
  facet normal 0 -0.9238794718963204 0.3826835787025309
    outer loop
      vertex -88.5 11.60222339630127 297.7764587402344
      vertex 94.5 11.901924133300781 298.5
      vertex -88.5 11.901924133300781 298.5
    endloop
  endfacet
  facet normal 0 -0.9238794718963204 0.3826835787025309
    outer loop
      vertex 94.5 11.901924133300781 298.5
      vertex -88.5 11.60222339630127 297.7764587402344
      vertex 94.5 11.60222339630127 297.7764587402344
    endloop
  endfacet
  facet normal 0.15455413564277082 -0.9758206998785341 0.15455413564277082
    outer loop
      vertex 95.39546203613281 11.744050025939941 297.7764587402344
      vertex 94.5 11.60222339630127 297.7764587402344
      vertex 95.27645874023438 11.60222339630127 297
    endloop
  endfacet
  facet normal 0.6962108978627733 -0.6962129692347244 -0.17486534009482774
    outer loop
      vertex 96.62132263183594 12.378680229187012 213
      vertex 96.2032699584961 12.155649185180664 212.22354125976562
      vertex 96.84435272216797 12.796730041503906 212.22354125976562
    endloop
  endfacet
  facet normal 0 -0.7933542824400368 -0.60876020117453
    outer loop
      vertex -88.5 12.378680229187012 210.87867736816406
      vertex 90.5 11.901924133300781 211.5
      vertex -88.5 11.901924133300781 211.5
    endloop
  endfacet
  facet normal 0 -0.7933542824400368 -0.60876020117453
    outer loop
      vertex 90.5 11.901924133300781 211.5
      vertex -88.5 12.378680229187012 210.87867736816406
      vertex 90.5 12.378680229187012 210.87867736816406
    endloop
  endfacet
  facet normal 0 -0.7933542824400368 -0.60876020117453
    outer loop
      vertex 94.5 12.378680229187012 210.87867736816406
      vertex 94.24433898925781 11.901924133300781 211.5
      vertex 93.98698425292969 12.378680229187012 210.87867736816406
    endloop
  endfacet
  facet normal 0 -0.7933542824400368 -0.60876020117453
    outer loop
      vertex 94.24433898925781 11.901924133300781 211.5
      vertex 94.5 12.378680229187012 210.87867736816406
      vertex 94.5 11.901924133300781 211.5
    endloop
  endfacet
  facet normal 0.9141463621271012 -0.14478202884536664 0.37864837611325647
    outer loop
      vertex 97.39777374267578 14.5 297.7764587402344
      vertex 97.09807586669922 14.5 298.5
      vertex 97.25595092773438 13.604537963867188 297.7764587402344
    endloop
  endfacet
  facet normal 0.8925679205809148 -0.17754510645041302 0.4144879278403333
    outer loop
      vertex 97.09807586669922 14.5 298.5
      vertex 96.90030670166016 13.505760192871094 298.5
      vertex 97.25595092773438 13.604537963867188 297.7764587402344
    endloop
  endfacet
  facet normal 0 -0.3826629688024913 0.9238880085309386
    outer loop
      vertex 93.56935119628906 13.723543167114258 299.89776611328125
      vertex 94.5 13 299.59808349609375
      vertex 94.5 13.723543167114258 299.89776611328125
    endloop
  endfacet
  facet normal 0.00003542323927382036 -0.38262407729502507 0.9239041152735086
    outer loop
      vertex 93.27645874023438 13.60222339630127 299.8475341796875
      vertex 94.5 13 299.59808349609375
      vertex 93.56935119628906 13.723543167114258 299.89776611328125
    endloop
  endfacet
  facet normal -0.000014843716199792885 -0.3827112494779219 0.9238680096760098
    outer loop
      vertex 92.5 13.5 299.80517578125
      vertex 94.5 13 299.59808349609375
      vertex 93.27645874023438 13.60222339630127 299.8475341796875
    endloop
  endfacet
  facet normal 0 -0.3826605694397148 0.9238890023136291
    outer loop
      vertex -86.5 13.5 299.80517578125
      vertex 94.5 13 299.59808349609375
      vertex 92.5 13.5 299.80517578125
    endloop
  endfacet
  facet normal 0 -0.3826629688024913 0.9238880085309386
    outer loop
      vertex -88.5 13 299.59808349609375
      vertex -87.56935119628906 13.723543167114258 299.89776611328125
      vertex -88.5 13.723543167114258 299.89776611328125
    endloop
  endfacet
  facet normal -0.00003542323927382036 -0.38262407729502507 0.9239041152735086
    outer loop
      vertex -87.56935119628906 13.723543167114258 299.89776611328125
      vertex -88.5 13 299.59808349609375
      vertex -87.27645874023438 13.60222339630127 299.8475341796875
    endloop
  endfacet
  facet normal 0 -0.3826605694397148 0.9238890023136292
    outer loop
      vertex -86.5 13.5 299.80517578125
      vertex -88.5 13 299.59808349609375
      vertex 94.5 13 299.59808349609375
    endloop
  endfacet
  facet normal 0.000014843716199792885 -0.3827112494779219 0.9238680096760098
    outer loop
      vertex -87.27645874023438 13.60222339630127 299.8475341796875
      vertex -88.5 13 299.59808349609375
      vertex -86.5 13.5 299.80517578125
    endloop
  endfacet
  facet normal 0.3826605694397148 0 0.9238890023136292
    outer loop
      vertex 96 93.5 299.59808349609375
      vertex 95.5 91.5 299.80517578125
      vertex 96 14.5 299.59808349609375
    endloop
  endfacet
  facet normal 0.3827080957734667 -0.000013920014663536346 0.9238693161024888
    outer loop
      vertex 96 93.5 299.59808349609375
      vertex 95.39777374267578 92.27645874023438 299.8475341796875
      vertex 95.5 91.5 299.80517578125
    endloop
  endfacet
  facet normal 0.38266382983911906 0 0.9238876518997631
    outer loop
      vertex 95.27645874023438 92.56935119628906 299.89776611328125
      vertex 96 93.5 299.59808349609375
      vertex 95.27645874023438 93.5 299.89776611328125
    endloop
  endfacet
  facet normal 0.38262910112618004 0.00003163166603010237 0.9239020348342183
    outer loop
      vertex 96 93.5 299.59808349609375
      vertex 95.27645874023438 92.56935119628906 299.89776611328125
      vertex 95.39777374267578 92.27645874023438 299.8475341796875
    endloop
  endfacet
  facet normal 0.3826605694397148 0 0.9238890023136292
    outer loop
      vertex 95.5 16.5 299.80517578125
      vertex 96 14.5 299.59808349609375
      vertex 95.5 91.5 299.80517578125
    endloop
  endfacet
  facet normal 0.3827080958499381 0.000013920037061553364 0.9238693160708105
    outer loop
      vertex 95.39777374267578 15.723543167114258 299.8475341796875
      vertex 96 14.5 299.59808349609375
      vertex 95.5 16.5 299.80517578125
    endloop
  endfacet
  facet normal 0.38262910107974296 -0.000031631643497623394 0.9239020348534507
    outer loop
      vertex 95.27645874023438 15.43065071105957 299.89776611328125
      vertex 96 14.5 299.59808349609375
      vertex 95.39777374267578 15.723543167114258 299.8475341796875
    endloop
  endfacet
  facet normal 0.382663829839119 0 0.923887651899763
    outer loop
      vertex 96 14.5 299.59808349609375
      vertex 95.27645874023438 15.43065071105957 299.89776611328125
      vertex 95.27645874023438 14.5 299.89776611328125
    endloop
  endfacet
  facet normal -0.6008351570248598 0.16099286042117528 0.7829932394192941
    outer loop
      vertex -90.33712005615234 94.56066131591797 299.1213073730469
      vertex -90.62132263183594 93.5 299.1213073730469
      vertex -90 93.5 299.59808349609375
    endloop
  endfacet
  facet normal -0.7367405103650185 0.19740849177191763 0.6467173321965546
    outer loop
      vertex -90.33712005615234 94.56066131591797 299.1213073730469
      vertex -90.90030670166016 94.4942398071289 298.5
      vertex -90.62132263183594 93.5 299.1213073730469
    endloop
  endfacet
  facet normal -0.3826804604958138 0.9238807634942466 0
    outer loop
      vertex -89.27645874023438 96.39777374267578 213
      vertex -90 96.09807586669922 297
      vertex -89.27645874023438 96.39777374267578 297
    endloop
  endfacet
  facet normal -0.3826804604958138 0.9238807634942466 0
    outer loop
      vertex -90 96.09807586669922 297
      vertex -89.27645874023438 96.39777374267578 213
      vertex -90 96.09807586669922 213
    endloop
  endfacet
  facet normal -0.5008306870097465 0.7495566479647616 0.432820348922247
    outer loop
      vertex -90.2032699584961 95.84435272216797 297.7764587402344
      vertex -90.33712005615234 95.33712005615234 298.5
      vertex -89.4942398071289 95.90030670166016 298.5
    endloop
  endfacet
  facet normal -0.7495566479647616 0.5008306870097465 0.432820348922247
    outer loop
      vertex -90.84435272216797 95.2032699584961 297.7764587402344
      vertex -90.90030670166016 94.4942398071289 298.5
      vertex -90.33712005615234 95.33712005615234 298.5
    endloop
  endfacet
  facet normal -0.6962117253398056 0.6962117253398056 0.17486699802633446
    outer loop
      vertex -90.62132263183594 95.62132263183594 297
      vertex -90.84435272216797 95.2032699584961 297.7764587402344
      vertex -90.2032699584961 95.84435272216797 297.7764587402344
    endloop
  endfacet
  facet normal -0.7894283566987844 0.6057441069494627 -0.09938282817395985
    outer loop
      vertex -90.84435272216797 95.2032699584961 212.22354125976562
      vertex -91.09807586669922 95 213
      vertex -90.62132263183594 95.62132263183594 213
    endloop
  endfacet
  facet normal -0.3803819604729015 0.9183316430784606 -0.10943745916095965
    outer loop
      vertex -89.39546203613281 96.25595092773438 212.22354125976562
      vertex -90 96.09807586669922 213
      vertex -89.27645874023438 96.39777374267578 213
    endloop
  endfacet
  facet normal -0.4249470337973131 0.8340065040221933 -0.3519277904848447
    outer loop
      vertex -89.4942398071289 95.90030670166016 211.5
      vertex -90.2032699584961 95.84435272216797 212.22354125976562
      vertex -89.39546203613281 96.25595092773438 212.22354125976562
    endloop
  endfacet
  facet normal -0.5008306870097465 0.7495566479647616 -0.432820348922247
    outer loop
      vertex -89.4942398071289 95.90030670166016 211.5
      vertex -90.33712005615234 95.33712005615234 211.5
      vertex -90.2032699584961 95.84435272216797 212.22354125976562
    endloop
  endfacet
  facet normal -0.9831044669793143 0.12943262147796872 0.12943262147796872
    outer loop
      vertex -91.39777374267578 94.27645874023438 297
      vertex -91.5 93.5 297
      vertex -91.39777374267578 93.5 297.7764587402344
    endloop
  endfacet
  facet normal -0.9183316430784606 0.3803819604729015 0.10943745916095965
    outer loop
      vertex -91.09807586669922 95 297
      vertex -91.39777374267578 94.27645874023438 297
      vertex -91.25595092773438 94.39546203613281 297.7764587402344
    endloop
  endfacet
  facet normal 0.8340065040221933 0.4249470337973131 -0.3519277904848447
    outer loop
      vertex 96.90030670166016 94.4942398071289 211.5
      vertex 96.84435272216797 95.2032699584961 212.22354125976562
      vertex 97.25595092773438 94.39546203613281 212.22354125976562
    endloop
  endfacet
  facet normal 0.8780678309222738 0.4473973745093619 -0.16980127673719891
    outer loop
      vertex 97.25595092773438 94.39546203613281 212.22354125976562
      vertex 96.84435272216797 95.2032699584961 212.22354125976562
      vertex 97.09807586669922 95 213
    endloop
  endfacet
  facet normal 0.9758220110220148 -0.15455018627322342 -0.1545498066251221
    outer loop
      vertex 97.39777374267578 13.723543167114258 213
      vertex 97.25595092773438 13.604537963867188 212.22354125976562
      vertex 97.39777374267578 14.5 212.22354125976562
    endloop
  endfacet
  facet normal 0.9141463621271012 -0.14478202884536664 -0.37864837611325647
    outer loop
      vertex 97.25595092773438 13.604537963867188 212.22354125976562
      vertex 97.09807586669922 14.5 211.5
      vertex 97.39777374267578 14.5 212.22354125976562
    endloop
  endfacet
  facet normal 0.8925679205809148 0.17754510645041302 0.4144879278403333
    outer loop
      vertex 97.25595092773438 94.39546203613281 297.7764587402344
      vertex 96.90030670166016 94.4942398071289 298.5
      vertex 97.09807586669922 93.5 298.5
    endloop
  endfacet
  facet normal 0.6829936335246285 0.4563553290204478 0.5703152726689549
    outer loop
      vertex 96.33712005615234 95.33712005615234 298.5
      vertex 96.33712005615234 94.56066131591797 299.1213073730469
      vertex 96.90030670166016 94.4942398071289 298.5
    endloop
  endfacet
  facet normal 0.7495566479647616 0.5008306870097465 0.432820348922247
    outer loop
      vertex 96.84435272216797 95.2032699584961 297.7764587402344
      vertex 96.33712005615234 95.33712005615234 298.5
      vertex 96.90030670166016 94.4942398071289 298.5
    endloop
  endfacet
  facet normal 0.7933488262399511 0 0.6087673117897281
    outer loop
      vertex 96.62132263183594 14.5 299.1213073730469
      vertex 97.09807586669922 93.5 298.5
      vertex 96.62132263183594 93.5 299.1213073730469
    endloop
  endfacet
  facet normal 0.7933488262399511 0 0.6087673117897281
    outer loop
      vertex 97.09807586669922 93.5 298.5
      vertex 96.62132263183594 14.5 299.1213073730469
      vertex 97.09807586669922 14.5 298.5
    endloop
  endfacet
  facet normal 0.4636287766636393 0.4636287766636393 0.7550474918167429
    outer loop
      vertex 95.56066131591797 95.33712005615234 299.1213073730469
      vertex 95.56066131591797 94.56066131591797 299.59808349609375
      vertex 96.33712005615234 94.56066131591797 299.1213073730469
    endloop
  endfacet
  facet normal 0.7367405103650185 0.19740849177191763 0.6467173321965546
    outer loop
      vertex 96.90030670166016 94.4942398071289 298.5
      vertex 96.33712005615234 94.56066131591797 299.1213073730469
      vertex 96.62132263183594 93.5 299.1213073730469
    endloop
  endfacet
  facet normal 0.4473973745093619 0.8780678309222738 -0.16980127673719891
    outer loop
      vertex 96.2032699584961 95.84435272216797 212.22354125976562
      vertex 95.39546203613281 96.25595092773438 212.22354125976562
      vertex 96 96.09807586669922 213
    endloop
  endfacet
  facet normal 0.3826804604958138 0.9238807634942466 0
    outer loop
      vertex 96 96.09807586669922 213
      vertex 95.27645874023438 96.39777374267578 297
      vertex 96 96.09807586669922 297
    endloop
  endfacet
  facet normal 0.3826804604958138 0.9238807634942466 0
    outer loop
      vertex 95.27645874023438 96.39777374267578 297
      vertex 96 96.09807586669922 213
      vertex 95.27645874023438 96.39777374267578 213
    endloop
  endfacet
  facet normal 0.7933560467907059 0.6087579018137039 0
    outer loop
      vertex 97.09807586669922 95 297
      vertex 96.62132263183594 95.62132263183594 213
      vertex 96.62132263183594 95.62132263183594 297
    endloop
  endfacet
  facet normal 0.7933560467907059 0.6087579018137039 0
    outer loop
      vertex 96.62132263183594 95.62132263183594 213
      vertex 97.09807586669922 95 297
      vertex 97.09807586669922 95 213
    endloop
  endfacet
  facet normal 0.3803819604729015 0.9183316430784606 0.10943745916095965
    outer loop
      vertex 96 96.09807586669922 297
      vertex 95.27645874023438 96.39777374267578 297
      vertex 95.39546203613281 96.25595092773438 297.7764587402344
    endloop
  endfacet
  facet normal 0.12943262147796872 0.9831044669793143 0.12943262147796872
    outer loop
      vertex 94.5 96.5 297
      vertex 94.5 96.39777374267578 297.7764587402344
      vertex 95.27645874023438 96.39777374267578 297
    endloop
  endfacet
  facet normal -0.1545501772050519 0.9758219537660413 0.1545501772050519
    outer loop
      vertex -89.27645874023438 96.39777374267578 297
      vertex -89.39546203613281 96.25595092773438 297.7764587402344
      vertex -88.5 96.39777374267578 297.7764587402344
    endloop
  endfacet
  facet normal -0.14478202884536664 0.9141463621271012 0.37864837611325647
    outer loop
      vertex -88.5 96.39777374267578 297.7764587402344
      vertex -89.39546203613281 96.25595092773438 297.7764587402344
      vertex -88.5 96.09807586669922 298.5
    endloop
  endfacet
  facet normal 0.4249470337973131 0.8340065040221933 -0.3519277904848447
    outer loop
      vertex 95.4942398071289 95.90030670166016 211.5
      vertex 95.39546203613281 96.25595092773438 212.22354125976562
      vertex 96.2032699584961 95.84435272216797 212.22354125976562
    endloop
  endfacet
  facet normal 0.17754510645041302 0.8925679205809148 -0.4144879278403333
    outer loop
      vertex 95.4942398071289 95.90030670166016 211.5
      vertex 94.5 96.09807586669922 211.5
      vertex 95.39546203613281 96.25595092773438 212.22354125976562
    endloop
  endfacet
  facet normal 0.6008233398042799 -0.16098998351744034 -0.7830028988155057
    outer loop
      vertex 96.33712005615234 13.439340591430664 210.87867736816406
      vertex 96 14.5 210.40191650390625
      vertex 96.62132263183594 14.5 210.87867736816406
    endloop
  endfacet
  facet normal 0.3779616271886687 -0.15655653698160543 -0.9124883884747361
    outer loop
      vertex 95.56066131591797 13.439340591430664 210.40191650390625
      vertex 95.27645874023438 14.5 210.1022186279297
      vertex 96 14.5 210.40191650390625
    endloop
  endfacet
  facet normal 0.12942327990569488 -0.12942359783105212 -0.983106884800894
    outer loop
      vertex 95.27645874023438 14.5 210.1022186279297
      vertex 94.5 13.723543167114258 210.1022186279297
      vertex 94.5 14.5 210
    endloop
  endfacet
  facet normal 0.7495554693279941 -0.5008315994741367 -0.43282133423465674
    outer loop
      vertex 96.84435272216797 12.796730041503906 212.22354125976562
      vertex 96.33712005615234 12.662882804870605 211.5
      vertex 96.90030670166016 13.505760192871094 211.5
    endloop
  endfacet
  facet normal 0.8780678309222738 -0.4473973745093619 -0.16980127673719891
    outer loop
      vertex 97.09807586669922 13 213
      vertex 96.84435272216797 12.796730041503906 212.22354125976562
      vertex 97.25595092773438 13.604537963867188 212.22354125976562
    endloop
  endfacet
  facet normal 0 0.3826804604958137 -0.9238807634942465
    outer loop
      vertex -88.5 94.27645874023438 210.1022186279297
      vertex 94.5 95 210.40191650390625
      vertex 94.5 94.27645874023438 210.1022186279297
    endloop
  endfacet
  facet normal 0 0.3826804604958137 -0.9238807634942465
    outer loop
      vertex 94.5 95 210.40191650390625
      vertex -88.5 94.27645874023438 210.1022186279297
      vertex -88.5 95 210.40191650390625
    endloop
  endfacet
  facet normal 0.9238811201537621 -0.3826795994346053 0
    outer loop
      vertex 97.09807586669922 13 297
      vertex 97.39777374267578 13.723543167114258 213
      vertex 97.39777374267578 13.723543167114258 297
    endloop
  endfacet
  facet normal 0.9238811201537621 -0.3826795994346053 0
    outer loop
      vertex 97.39777374267578 13.723543167114258 213
      vertex 97.09807586669922 13 297
      vertex 97.09807586669922 13 213
    endloop
  endfacet
  facet normal 0 -0.6087657977601963 -0.7933499880112131
    outer loop
      vertex -88.5 12.378680229187012 210.87867736816406
      vertex 90.5 13 210.40191650390625
      vertex 90.5 12.378680229187012 210.87867736816406
    endloop
  endfacet
  facet normal 0 -0.6087657977601963 -0.7933499880112131
    outer loop
      vertex 90.5 13 210.40191650390625
      vertex -88.5 12.378680229187012 210.87867736816406
      vertex -88.5 13 210.40191650390625
    endloop
  endfacet
  facet normal 0 -0.6087657977601963 -0.793349988011213
    outer loop
      vertex 93.98698425292969 12.378680229187012 210.87867736816406
      vertex 94.5 13 210.40191650390625
      vertex 94.5 12.378680229187012 210.87867736816406
    endloop
  endfacet
  facet normal -0.000008842036183795976 -0.6087612025999222 -0.7933535139714923
    outer loop
      vertex 93.83012390136719 12.872184753417969 210.5
      vertex 94.5 13 210.40191650390625
      vertex 93.98698425292969 12.378680229187012 210.87867736816406
    endloop
  endfacet
  facet normal 0 -0.608790368782102 -0.7933311331834595
    outer loop
      vertex 94.5 13 210.40191650390625
      vertex 93.83012390136719 12.872184753417969 210.5
      vertex 93.75486755371094 13 210.40191650390625
    endloop
  endfacet
  facet normal -0.12942327990569488 -0.12942359783105212 -0.983106884800894
    outer loop
      vertex -88.5 13.723543167114258 210.1022186279297
      vertex -89.27645874023438 14.5 210.1022186279297
      vertex -88.5 14.5 210
    endloop
  endfacet
  facet normal -0.13052104055558153 0 -0.9914455395896883
    outer loop
      vertex -89.27645874023438 88.7215576171875 210.1022186279297
      vertex -88.5 89.44646453857422 210
      vertex -88.5 14.5 210
    endloop
  endfacet
  facet normal -0.13052104055558153 0 -0.9914455395896883
    outer loop
      vertex -89.27645874023438 88.7215576171875 210.1022186279297
      vertex -88.5 14.5 210
      vertex -89.27645874023438 14.5 210.1022186279297
    endloop
  endfacet
  facet normal -0.13061111805258965 0.00009815679031768323 -0.9914336721164442
    outer loop
      vertex -88.5 89.44646453857422 210
      vertex -89.27645874023438 88.7215576171875 210.1022186279297
      vertex -89.03553771972656 89.03553771972656 210.0705108642578
    endloop
  endfacet
  facet normal -0.13051432577423883 0 -0.9914464235487946
    outer loop
      vertex -88.5 93.44646453857422 210
      vertex -89.02995300292969 93.5 210.06976318359375
      vertex -88.5 93.5 210
    endloop
  endfacet
  facet normal -0.4473980603901534 -0.8780671425564331 -0.1698030291894384
    outer loop
      vertex -90 11.901924133300781 213
      vertex -90.2032699584961 12.155649185180664 212.22354125976562
      vertex -89.39546203613281 11.744050025939941 212.22354125976562
    endloop
  endfacet
  facet normal -0.424948353893765 -0.8340071624632601 -0.3519246360841492
    outer loop
      vertex -89.39546203613281 11.744050025939941 212.22354125976562
      vertex -90.2032699584961 12.155649185180664 212.22354125976562
      vertex -89.4942398071289 12.099691390991211 211.5
    endloop
  endfacet
  facet normal 0.3803849016699666 -0.9183299771150026 0.1094412157895217
    outer loop
      vertex 95.39546203613281 11.744050025939941 297.7764587402344
      vertex 95.27645874023438 11.60222339630127 297
      vertex 96 11.901924133300781 297
    endloop
  endfacet
  facet normal -0.15455413564277082 -0.9758206998785341 0.15455413564277082
    outer loop
      vertex -88.5 11.60222339630127 297.7764587402344
      vertex -89.39546203613281 11.744050025939941 297.7764587402344
      vertex -89.27645874023438 11.60222339630127 297
    endloop
  endfacet
  facet normal -0.14478564333427876 -0.9141445955052206 0.37865125906680364
    outer loop
      vertex -88.5 11.901924133300781 298.5
      vertex -89.39546203613281 11.744050025939941 297.7764587402344
      vertex -88.5 11.60222339630127 297.7764587402344
    endloop
  endfacet
  facet normal -0.7933488262399511 0 0.6087673117897281
    outer loop
      vertex -91.09807586669922 14.5 298.5
      vertex -90.62132263183594 93.5 299.1213073730469
      vertex -91.09807586669922 93.5 298.5
    endloop
  endfacet
  facet normal -0.7933488262399511 0 0.6087673117897281
    outer loop
      vertex -90.62132263183594 93.5 299.1213073730469
      vertex -91.09807586669922 14.5 298.5
      vertex -90.62132263183594 14.5 299.1213073730469
    endloop
  endfacet
  facet normal 0.177543690647275 -0.8925694111732786 0.41448532440742886
    outer loop
      vertex 95.4942398071289 12.099691390991211 298.5
      vertex 94.5 11.901924133300781 298.5
      vertex 95.39546203613281 11.744050025939941 297.7764587402344
    endloop
  endfacet
  facet normal 0.6057463487797 -0.7894265409426996 0.09938358715253809
    outer loop
      vertex 96.2032699584961 12.155649185180664 297.7764587402344
      vertex 96 11.901924133300781 297
      vertex 96.62132263183594 12.378680229187012 297
    endloop
  endfacet
  facet normal 0.5298652655843857 -0.5298659163846015 0.6621819319349441
    outer loop
      vertex 96.33712005615234 13.439340591430664 299.1213073730469
      vertex 95.56066131591797 12.662882804870605 299.1213073730469
      vertex 96.33712005615234 12.662882804870605 298.5
    endloop
  endfacet
  facet normal 0.6829926695090359 -0.456356233923548 0.5703157030593115
    outer loop
      vertex 96.33712005615234 13.439340591430664 299.1213073730469
      vertex 96.33712005615234 12.662882804870605 298.5
      vertex 96.90030670166016 13.505760192871094 298.5
    endloop
  endfacet
  facet normal 0 -0.7933470618507945 0.608769611144242
    outer loop
      vertex -88.5 11.901924133300781 298.5
      vertex 94.5 12.378680229187012 299.1213073730469
      vertex -88.5 12.378680229187012 299.1213073730469
    endloop
  endfacet
  facet normal 0 -0.7933470618507945 0.608769611144242
    outer loop
      vertex 94.5 12.378680229187012 299.1213073730469
      vertex -88.5 11.901924133300781 298.5
      vertex 94.5 11.901924133300781 298.5
    endloop
  endfacet
  facet normal 0.1305270254677345 -0.9914447516743157 0
    outer loop
      vertex 94.5 11.5 277.0848388671875
      vertex 95.27645874023438 11.60222339630127 297
      vertex 94.5 11.5 297
    endloop
  endfacet
  facet normal 0.1305270254677345 -0.9914447516743156 0
    outer loop
      vertex 95.27645874023438 11.60222339630127 297
      vertex 94.5 11.5 277.0848388671875
      vertex 95.27645874023438 11.60222339630127 275.42205810546875
    endloop
  endfacet
  facet normal 0.1305270254677345 -0.9914447516743156 0
    outer loop
      vertex 94.5 11.5 232
      vertex 95.27645874023438 11.60222339630127 256.8727111816406
      vertex 94.5 11.5 254.6085205078125
    endloop
  endfacet
  facet normal 0.1305270254677345 -0.9914447516743157 0
    outer loop
      vertex 95.27645874023438 11.60222339630127 213
      vertex 94.5 11.5 232
      vertex 94.5 11.5 213
    endloop
  endfacet
  facet normal 0.13052702546773454 -0.9914447516743157 0
    outer loop
      vertex 94.5 11.5 232
      vertex 95.27645874023438 11.60222339630127 213
      vertex 95.27645874023438 11.60222339630127 256.8727111816406
    endloop
  endfacet
  facet normal 0 -0.9238794718963204 -0.3826835787025309
    outer loop
      vertex -88.5 11.901924133300781 211.5
      vertex 90.5 11.60222339630127 212.22354125976562
      vertex -88.5 11.60222339630127 212.22354125976562
    endloop
  endfacet
  facet normal 0 -0.9238794718963204 -0.3826835787025309
    outer loop
      vertex 90.5 11.60222339630127 212.22354125976562
      vertex -88.5 11.901924133300781 211.5
      vertex 90.5 11.901924133300781 211.5
    endloop
  endfacet
  facet normal 0 -0.9238798299381312 -0.3826827143123787
    outer loop
      vertex 94.32962799072266 11.816636085510254 211.70590209960938
      vertex 94.5 11.60222339630127 212.22354125976562
      vertex 94.39777374267578 11.60222339630127 212.22354125976562
    endloop
  endfacet
  facet normal 0.0000030768604663850244 -0.9238794718919472 -0.38268357870071945
    outer loop
      vertex 94.32962799072266 11.816636085510254 211.70590209960938
      vertex 94.5 11.901924133300781 211.5
      vertex 94.5 11.60222339630127 212.22354125976562
    endloop
  endfacet
  facet normal 0 -0.9238785717746327 -0.3826857517803152
    outer loop
      vertex 94.5 11.901924133300781 211.5
      vertex 94.32962799072266 11.816636085510254 211.70590209960938
      vertex 94.24433898925781 11.901924133300781 211.5
    endloop
  endfacet
  facet normal 0.1558794702022782 -0.7836563857899366 -0.6013187671943321
    outer loop
      vertex 95.4942398071289 12.099691390991211 211.5
      vertex 94.5 11.901924133300781 211.5
      vertex 94.5 12.378680229187012 210.87867736816406
    endloop
  endfacet
  facet normal 0.664262580461256 -0.6642645567803305 0.34279414056308594
    outer loop
      vertex 96.33712005615234 12.662882804870605 298.5
      vertex 96.2032699584961 12.155649185180664 297.7764587402344
      vertex 96.84435272216797 12.796730041503906 297.7764587402344
    endloop
  endfacet
  facet normal 0.6962108978627733 -0.6962129692347244 0.17486534009482774
    outer loop
      vertex 96.84435272216797 12.796730041503906 297.7764587402344
      vertex 96.2032699584961 12.155649185180664 297.7764587402344
      vertex 96.62132263183594 12.378680229187012 297
    endloop
  endfacet
  facet normal 0.9914442789083516 0 0.13053061640817715
    outer loop
      vertex 97.39777374267578 14.5 297.7764587402344
      vertex 97.5 93.5 297
      vertex 97.39777374267578 93.5 297.7764587402344
    endloop
  endfacet
  facet normal 0.9914442789083516 0 0.13053061640817715
    outer loop
      vertex 97.5 93.5 297
      vertex 97.39777374267578 14.5 297.7764587402344
      vertex 97.5 14.5 297
    endloop
  endfacet
  facet normal -0.19740849177191763 0.7367405103650185 0.6467173321965546
    outer loop
      vertex -89.4942398071289 95.90030670166016 298.5
      vertex -89.56066131591797 95.33712005615234 299.1213073730469
      vertex -88.5 95.62132263183594 299.1213073730469
    endloop
  endfacet
  facet normal -0.15587989103470765 0.7836509435988733 0.6013257504610983
    outer loop
      vertex -88.5 96.09807586669922 298.5
      vertex -89.4942398071289 95.90030670166016 298.5
      vertex -88.5 95.62132263183594 299.1213073730469
    endloop
  endfacet
  facet normal -0.8340065040221933 0.4249470337973131 0.3519277904848447
    outer loop
      vertex -90.84435272216797 95.2032699584961 297.7764587402344
      vertex -91.25595092773438 94.39546203613281 297.7764587402344
      vertex -90.90030670166016 94.4942398071289 298.5
    endloop
  endfacet
  facet normal -0.8780678309222738 0.4473973745093619 0.16980127673719891
    outer loop
      vertex -91.09807586669922 95 297
      vertex -91.25595092773438 94.39546203613281 297.7764587402344
      vertex -90.84435272216797 95.2032699584961 297.7764587402344
    endloop
  endfacet
  facet normal -0.7933560467907059 0.6087579018137039 0
    outer loop
      vertex -91.09807586669922 95 213
      vertex -90.62132263183594 95.62132263183594 297
      vertex -90.62132263183594 95.62132263183594 213
    endloop
  endfacet
  facet normal -0.7933560467907059 0.6087579018137039 0
    outer loop
      vertex -90.62132263183594 95.62132263183594 297
      vertex -91.09807586669922 95 213
      vertex -91.09807586669922 95 297
    endloop
  endfacet
  facet normal 0.9141463621271012 0.14478202884536664 -0.37864837611325647
    outer loop
      vertex 97.39777374267578 93.5 212.22354125976562
      vertex 97.09807586669922 93.5 211.5
      vertex 97.25595092773438 94.39546203613281 212.22354125976562
    endloop
  endfacet
  facet normal 0.9758219537660413 0.1545501772050519 -0.1545501772050519
    outer loop
      vertex 97.39777374267578 93.5 212.22354125976562
      vertex 97.25595092773438 94.39546203613281 212.22354125976562
      vertex 97.39777374267578 94.27645874023438 213
    endloop
  endfacet
  facet normal 0.7836579025792687 0.15588127527996964 -0.6013163225309551
    outer loop
      vertex 97.09807586669922 93.5 211.5
      vertex 96.62132263183594 93.5 210.87867736816406
      vertex 96.90030670166016 94.4942398071289 211.5
    endloop
  endfacet
  facet normal 0.7367480777844494 0.19741051945036808 -0.6467080923347526
    outer loop
      vertex 96.62132263183594 93.5 210.87867736816406
      vertex 96.33712005615234 94.56066131591797 210.87867736816406
      vertex 96.90030670166016 94.4942398071289 211.5
    endloop
  endfacet
  facet normal 0.6962117253398056 0.6962117253398056 -0.17486699802633446
    outer loop
      vertex 96.84435272216797 95.2032699584961 212.22354125976562
      vertex 96.2032699584961 95.84435272216797 212.22354125976562
      vertex 96.62132263183594 95.62132263183594 213
    endloop
  endfacet
  facet normal 0.7894283566987844 0.6057441069494627 -0.09938282817395985
    outer loop
      vertex 96.84435272216797 95.2032699584961 212.22354125976562
      vertex 96.62132263183594 95.62132263183594 213
      vertex 97.09807586669922 95 213
    endloop
  endfacet
  facet normal 0.9238807634942465 0 0.3826804604958138
    outer loop
      vertex 97.09807586669922 14.5 298.5
      vertex 97.39777374267578 93.5 297.7764587402344
      vertex 97.09807586669922 93.5 298.5
    endloop
  endfacet
  facet normal 0.9238807634942465 0 0.3826804604958138
    outer loop
      vertex 97.39777374267578 93.5 297.7764587402344
      vertex 97.09807586669922 14.5 298.5
      vertex 97.39777374267578 14.5 297.7764587402344
    endloop
  endfacet
  facet normal 0.19740849177191763 0.7367405103650185 0.6467173321965546
    outer loop
      vertex 95.4942398071289 95.90030670166016 298.5
      vertex 94.5 95.62132263183594 299.1213073730469
      vertex 95.56066131591797 95.33712005615234 299.1213073730469
    endloop
  endfacet
  facet normal 0.1565496254235654 0.37794562082591526 0.9124962040897785
    outer loop
      vertex 94.5 95 299.59808349609375
      vertex 94.5 94.27645874023438 299.89776611328125
      vertex 95.56066131591797 94.56066131591797 299.59808349609375
    endloop
  endfacet
  facet normal 0.8340065040221933 0.4249470337973131 0.3519277904848447
    outer loop
      vertex 97.25595092773438 94.39546203613281 297.7764587402344
      vertex 96.84435272216797 95.2032699584961 297.7764587402344
      vertex 96.90030670166016 94.4942398071289 298.5
    endloop
  endfacet
  facet normal 0.8780678309222738 0.4473973745093619 0.16980127673719891
    outer loop
      vertex 97.09807586669922 95 297
      vertex 96.84435272216797 95.2032699584961 297.7764587402344
      vertex 97.25595092773438 94.39546203613281 297.7764587402344
    endloop
  endfacet
  facet normal 0.4473973745093619 0.8780678309222738 0.16980127673719891
    outer loop
      vertex 96 96.09807586669922 297
      vertex 95.39546203613281 96.25595092773438 297.7764587402344
      vertex 96.2032699584961 95.84435272216797 297.7764587402344
    endloop
  endfacet
  facet normal 0.17754510645041302 0.8925679205809148 0.4144879278403333
    outer loop
      vertex 95.39546203613281 96.25595092773438 297.7764587402344
      vertex 94.5 96.09807586669922 298.5
      vertex 95.4942398071289 95.90030670166016 298.5
    endloop
  endfacet
  facet normal 0.6642639673533278 0.6642639673533278 0.3427925952409619
    outer loop
      vertex 96.84435272216797 95.2032699584961 297.7764587402344
      vertex 96.2032699584961 95.84435272216797 297.7764587402344
      vertex 96.33712005615234 95.33712005615234 298.5
    endloop
  endfacet
  facet normal 0.6087579018137039 0.7933560467907059 0
    outer loop
      vertex 96.62132263183594 95.62132263183594 213
      vertex 96 96.09807586669922 297
      vertex 96.62132263183594 95.62132263183594 297
    endloop
  endfacet
  facet normal 0.6087579018137039 0.7933560467907059 0
    outer loop
      vertex 96 96.09807586669922 297
      vertex 96.62132263183594 95.62132263183594 213
      vertex 96 96.09807586669922 213
    endloop
  endfacet
  facet normal 0 0.9914442789083515 -0.13053061640817712
    outer loop
      vertex 94.5 96.39777374267578 212.22354125976562
      vertex -88.5 96.5 213
      vertex 94.5 96.5 213
    endloop
  endfacet
  facet normal 0 0.9914442789083515 -0.13053061640817712
    outer loop
      vertex -88.5 96.5 213
      vertex 94.5 96.39777374267578 212.22354125976562
      vertex -88.5 96.39777374267578 212.22354125976562
    endloop
  endfacet
  facet normal 0.13053061640817712 0.9914442789083516 0
    outer loop
      vertex 95.27645874023438 96.39777374267578 213
      vertex 94.5 96.5 297
      vertex 95.27645874023438 96.39777374267578 297
    endloop
  endfacet
  facet normal 0.13053061640817712 0.9914442789083516 0
    outer loop
      vertex 94.5 96.5 297
      vertex 95.27645874023438 96.39777374267578 213
      vertex 94.5 96.5 213
    endloop
  endfacet
  facet normal 0.6829981251963165 -0.4563598792582814 -0.5703062524483522
    outer loop
      vertex 96.90030670166016 13.505760192871094 211.5
      vertex 96.33712005615234 12.662882804870605 211.5
      vertex 96.33712005615234 13.439340591430664 210.87867736816406
    endloop
  endfacet
  facet normal 0.7367477554921013 -0.19741078808926066 -0.6467083774958601
    outer loop
      vertex 96.90030670166016 13.505760192871094 211.5
      vertex 96.33712005615234 13.439340591430664 210.87867736816406
      vertex 96.62132263183594 14.5 210.87867736816406
    endloop
  endfacet
  facet normal 0.21254118066299987 0.21254118066299987 -0.9537570408886931
    outer loop
      vertex 95.27645874023438 93.5 210.1022186279297
      vertex 94.5 94.27645874023438 210.1022186279297
      vertex 95.56066131591797 94.56066131591797 210.40191650390625
    endloop
  endfacet
  facet normal 0.3779616438474456 0.15655626235195008 -0.9124884286929473
    outer loop
      vertex 96 93.5 210.40191650390625
      vertex 95.27645874023438 93.5 210.1022186279297
      vertex 95.56066131591797 94.56066131591797 210.40191650390625
    endloop
  endfacet
  facet normal 0.793354177873718 -0.6087603374484224 0
    outer loop
      vertex 97.09807586669922 13 297
      vertex 96.696533203125 12.47669792175293 261.1979064941406
      vertex 97.09807586669922 13 213
    endloop
  endfacet
  facet normal 0.7933546929629443 -0.6087596661685729 0
    outer loop
      vertex 96.62132263183594 12.378680229187012 262.7922668457031
      vertex 97.09807586669922 13 297
      vertex 96.62132263183594 12.378680229187012 297
    endloop
  endfacet
  facet normal 0.7933568157798901 -0.6087568996369463 -7.983459850359845e-8
    outer loop
      vertex 97.09807586669922 13 297
      vertex 96.62132263183594 12.378680229187012 262.7922668457031
      vertex 96.696533203125 12.47669792175293 261.1979064941406
    endloop
  endfacet
  facet normal 0.7933573573955222 -0.6087561937807194 7.147828246501698e-8
    outer loop
      vertex 96.62132263183594 12.378680229187012 260.9549865722656
      vertex 97.09807586669922 13 213
      vertex 96.696533203125 12.47669792175293 261.1979064941406
    endloop
  endfacet
  facet normal 0.7933546929629444 -0.6087596661685729 0
    outer loop
      vertex 97.09807586669922 13 213
      vertex 96.62132263183594 12.378680229187012 260.9549865722656
      vertex 96.62132263183594 12.378680229187012 213
    endloop
  endfacet
  facet normal 0.1609901560140616 -0.6008250640128557 -0.7830015403053279
    outer loop
      vertex 95.56066131591797 12.662882804870605 210.87867736816406
      vertex 94.5 12.378680229187012 210.87867736816406
      vertex 94.5 13 210.40191650390625
    endloop
  endfacet
  facet normal -0.15455413564277082 -0.9758206998785341 -0.15455413564277082
    outer loop
      vertex -89.27645874023438 11.60222339630127 213
      vertex -89.39546203613281 11.744050025939941 212.22354125976562
      vertex -88.5 11.60222339630127 212.22354125976562
    endloop
  endfacet
  facet normal -0.3803849016699666 -0.9183299771150026 -0.1094412157895217
    outer loop
      vertex -89.27645874023438 11.60222339630127 213
      vertex -90 11.901924133300781 213
      vertex -89.39546203613281 11.744050025939941 212.22354125976562
    endloop
  endfacet
  facet normal 0.21182557484580206 -0.5113918389134012 0.8328315033270628
    outer loop
      vertex 95.56066131591797 13.439340591430664 299.59808349609375
      vertex 94.5 13 299.59808349609375
      vertex 95.56066131591797 12.662882804870605 299.1213073730469
    endloop
  endfacet
  facet normal 0.5113914616059907 -0.2118248798601738 0.8328319117737453
    outer loop
      vertex 96 14.5 299.59808349609375
      vertex 95.56066131591797 13.439340591430664 299.59808349609375
      vertex 96.33712005615234 13.439340591430664 299.1213073730469
    endloop
  endfacet
  facet normal 0.4473980603901534 -0.8780671425564331 0.1698030291894384
    outer loop
      vertex 96.2032699584961 12.155649185180664 297.7764587402344
      vertex 95.39546203613281 11.744050025939941 297.7764587402344
      vertex 96 11.901924133300781 297
    endloop
  endfacet
  facet normal 0.424948353893765 -0.8340071624632601 0.3519246360841492
    outer loop
      vertex 95.4942398071289 12.099691390991211 298.5
      vertex 95.39546203613281 11.744050025939941 297.7764587402344
      vertex 96.2032699584961 12.155649185180664 297.7764587402344
    endloop
  endfacet
  facet normal 0.4473980603901534 -0.8780671425564331 -0.1698030291894384
    outer loop
      vertex 96 11.901924133300781 213
      vertex 95.39546203613281 11.744050025939941 212.22354125976562
      vertex 96.2032699584961 12.155649185180664 212.22354125976562
    endloop
  endfacet
  facet normal 0.3803849016699666 -0.9183299771150026 -0.1094412157895217
    outer loop
      vertex 96 11.901924133300781 213
      vertex 95.27645874023438 11.60222339630127 213
      vertex 95.39546203613281 11.744050025939941 212.22354125976562
    endloop
  endfacet
  facet normal -0.6057441069494627 0.7894283566987844 -0.09938282817395985
    outer loop
      vertex -90.2032699584961 95.84435272216797 212.22354125976562
      vertex -90.62132263183594 95.62132263183594 213
      vertex -90 96.09807586669922 213
    endloop
  endfacet
  facet normal -0.6087579018137039 0.7933560467907059 0
    outer loop
      vertex -90 96.09807586669922 213
      vertex -90.62132263183594 95.62132263183594 297
      vertex -90 96.09807586669922 297
    endloop
  endfacet
  facet normal -0.6087579018137039 0.7933560467907059 0
    outer loop
      vertex -90.62132263183594 95.62132263183594 297
      vertex -90 96.09807586669922 213
      vertex -90.62132263183594 95.62132263183594 213
    endloop
  endfacet
  facet normal -0.4473973745093619 0.8780678309222738 0.16980127673719891
    outer loop
      vertex -90 96.09807586669922 297
      vertex -90.2032699584961 95.84435272216797 297.7764587402344
      vertex -89.39546203613281 96.25595092773438 297.7764587402344
    endloop
  endfacet
  facet normal -0.6057441069494627 0.7894283566987844 0.09938282817395985
    outer loop
      vertex -90 96.09807586669922 297
      vertex -90.62132263183594 95.62132263183594 297
      vertex -90.2032699584961 95.84435272216797 297.7764587402344
    endloop
  endfacet
  facet normal -0.9141463621271012 0.14478202884536664 0.37864837611325647
    outer loop
      vertex -91.25595092773438 94.39546203613281 297.7764587402344
      vertex -91.39777374267578 93.5 297.7764587402344
      vertex -91.09807586669922 93.5 298.5
    endloop
  endfacet
  facet normal -0.8925679205809148 0.17754510645041302 0.4144879278403333
    outer loop
      vertex -90.90030670166016 94.4942398071289 298.5
      vertex -91.25595092773438 94.39546203613281 297.7764587402344
      vertex -91.09807586669922 93.5 298.5
    endloop
  endfacet
  facet normal 0.16099286042117528 0.6008351570248598 0.7829932394192941
    outer loop
      vertex 94.5 95.62132263183594 299.1213073730469
      vertex 94.5 95 299.59808349609375
      vertex 95.56066131591797 95.33712005615234 299.1213073730469
    endloop
  endfacet
  facet normal 0.21182451603482 0.5113915028689551 0.8328319789729773
    outer loop
      vertex 95.56066131591797 95.33712005615234 299.1213073730469
      vertex 94.5 95 299.59808349609375
      vertex 95.56066131591797 94.56066131591797 299.59808349609375
    endloop
  endfacet
  facet normal 0.7894283566987844 0.6057441069494627 0.09938282817395985
    outer loop
      vertex 97.09807586669922 95 297
      vertex 96.62132263183594 95.62132263183594 297
      vertex 96.84435272216797 95.2032699584961 297.7764587402344
    endloop
  endfacet
  facet normal 0.21254105671300658 -0.21254157881530095 -0.9537569797836436
    outer loop
      vertex 95.56066131591797 13.439340591430664 210.40191650390625
      vertex 94.5 13.723543167114258 210.1022186279297
      vertex 95.27645874023438 14.5 210.1022186279297
    endloop
  endfacet
  facet normal 0.15655658173637257 -0.3779607740304284 -0.9124887341821498
    outer loop
      vertex 95.56066131591797 13.439340591430664 210.40191650390625
      vertex 94.5 13 210.40191650390625
      vertex 94.5 13.723543167114258 210.1022186279297
    endloop
  endfacet
  facet normal 0.15654994479000447 -0.37794475103504444 0.9124965095556832
    outer loop
      vertex 94.5 13.723543167114258 299.89776611328125
      vertex 94.5 13 299.59808349609375
      vertex 95.56066131591797 13.439340591430664 299.59808349609375
    endloop
  endfacet
  facet normal 0.16099331491464614 -0.6008368532221645 0.7829918443782672
    outer loop
      vertex 94.5 13 299.59808349609375
      vertex 94.5 12.378680229187012 299.1213073730469
      vertex 95.56066131591797 12.662882804870605 299.1213073730469
    endloop
  endfacet
  facet normal 0.19740776990359987 -0.7367378163085062 0.6467206215999775
    outer loop
      vertex 95.56066131591797 12.662882804870605 299.1213073730469
      vertex 94.5 12.378680229187012 299.1213073730469
      vertex 95.4942398071289 12.099691390991211 298.5
    endloop
  endfacet
  facet normal 0.1294291203935906 -0.9831053888512071 -0.1294291203935906
    outer loop
      vertex 95.27645874023438 11.60222339630127 213
      vertex 94.5 11.5 213
      vertex 94.5 11.60222339630127 212.22354125976562
    endloop
  endfacet
  facet normal 0.21253133697129006 0.21253133697129006 0.9537614280365881
    outer loop
      vertex 95.56066131591797 94.56066131591797 299.59808349609375
      vertex 94.5 94.27645874023438 299.89776611328125
      vertex 95.27645874023438 93.5 299.89776611328125
    endloop
  endfacet
  facet normal 0.37794562082591526 0.1565496254235654 0.9124962040897785
    outer loop
      vertex 95.56066131591797 94.56066131591797 299.59808349609375
      vertex 95.27645874023438 93.5 299.89776611328125
      vertex 96 93.5 299.59808349609375
    endloop
  endfacet
  facet normal 0.5113801094030168 -0.21182017763260133 -0.8328400783191523
    outer loop
      vertex 96.33712005615234 13.439340591430664 210.87867736816406
      vertex 95.56066131591797 13.439340591430664 210.40191650390625
      vertex 96 14.5 210.40191650390625
    endloop
  endfacet
  facet normal 0.4636201949858314 -0.4636207644213889 -0.7550576809745245
    outer loop
      vertex 96.33712005615234 13.439340591430664 210.87867736816406
      vertex 95.56066131591797 12.662882804870605 210.87867736816406
      vertex 95.56066131591797 13.439340591430664 210.40191650390625
    endloop
  endfacet
  facet normal 0 -0.7933187579869694 0.6088064948947345
    outer loop
      vertex -86.5 94.09807586669922 216.5
      vertex 91.5 94.0372314453125 216.42071533203125
      vertex 92.5 94.09807586669922 216.5
    endloop
  endfacet
  facet normal -3.439046057661545e-8 -0.7933560467907055 0.6087579018137036
    outer loop
      vertex -86.5 93.62132263183594 215.87867736816406
      vertex 91.5 94.0372314453125 216.42071533203125
      vertex -86.5 94.09807586669922 216.5
    endloop
  endfacet
  facet normal 0 -0.7933615011216716 0.6087507934598261
    outer loop
      vertex 91.5 94.0372314453125 216.42071533203125
      vertex -86.5 93.62132263183594 215.87867736816406
      vertex 91.5 93.62132263183594 215.87867736816406
    endloop
  endfacet
  facet normal 0.000005716258587925746 -0.7933535783511546 0.6087611187360298
    outer loop
      vertex 92 93.83012390136719 216.1508026123047
      vertex 92.5 94.09807586669922 216.5
      vertex 91.5 94.0372314453125 216.42071533203125
    endloop
  endfacet
  facet normal 0.000012483305943504293 -0.7933582578899495 0.6087550200877125
    outer loop
      vertex 92.27212524414062 93.62132263183594 215.87867736816406
      vertex 92.5 94.09807586669922 216.5
      vertex 92 93.83012390136719 216.1508026123047
    endloop
  endfacet
  facet normal 0 -0.7933560467907059 0.608757901813704
    outer loop
      vertex 92.5 94.09807586669922 216.5
      vertex 92.27212524414062 93.62132263183594 215.87867736816406
      vertex 92.5 93.62132263183594 215.87867736816406
    endloop
  endfacet
  facet normal -0.8780678309222738 -0.4473973745093619 0.16980127673719891
    outer loop
      vertex 95.25595092773438 92.39546203613281 217.22354125976562
      vertex 95.09807586669922 93 218
      vertex 94.84435272216797 93.2032699584961 217.22354125976562
    endloop
  endfacet
  facet normal 0.8925679205809148 -0.17754510645041302 0.4144879278403333
    outer loop
      vertex -89.09807586669922 91.5 216.5
      vertex -88.90030670166016 92.4942398071289 216.5
      vertex -89.25595092773438 92.39546203613281 217.22354125976562
    endloop
  endfacet
  facet normal 0.8340065040221933 0.4249470337973131 0.3519277904848447
    outer loop
      vertex -88.84435272216797 14.796730041503906 217.22354125976562
      vertex -88.90030670166016 15.505760192871094 216.5
      vertex -89.25595092773438 15.604537963867188 217.22354125976562
    endloop
  endfacet
  facet normal -0.8340065040221933 0.4249470337973131 0.3519277904848447
    outer loop
      vertex 95.25595092773438 15.604537963867188 217.22354125976562
      vertex 94.90030670166016 15.505760192871094 216.5
      vertex 94.84435272216797 14.796730041503906 217.22354125976562
    endloop
  endfacet
  facet normal -0.37794712110528134 -0.15654786898729464 0.9124958840256578
    outer loop
      vertex 93.74921417236328 92.1054458618164 215.40191650390625
      vertex 93.56066131591797 92.56066131591797 215.40191650390625
      vertex 93.51905822753906 92.4053955078125 215.35804748535156
    endloop
  endfacet
  facet normal 0.6829990892113751 -0.4563589743424509 0.5703058220582519
    outer loop
      vertex -88.33712005615234 92.56066131591797 215.87867736816406
      vertex -88.33712005615234 93.33712005615234 216.5
      vertex -88.90030670166016 92.4942398071289 216.5
    endloop
  endfacet
  facet normal 0 0.13052135571550982 0.9914454980997116
    outer loop
      vertex -86.5 16.5 215
      vertex 91.5 15.723543167114258 215.1022186279297
      vertex 91.5 16.5 215
    endloop
  endfacet
  facet normal 0 0.13052135571550982 0.9914454980997116
    outer loop
      vertex 91.5 15.723543167114258 215.1022186279297
      vertex -86.5 16.5 215
      vertex -86.5 15.723543167114258 215.1022186279297
    endloop
  endfacet
  facet normal 0.9183316430784606 -0.3803819604729015 0.10943745916095965
    outer loop
      vertex -89.25595092773438 92.39546203613281 217.22354125976562
      vertex -89.09807586669922 93 218
      vertex -89.39777374267578 92.27645874023438 218
    endloop
  endfacet
  facet normal -0.9183316430784606 -0.3803819604729015 0.10943745916095965
    outer loop
      vertex 95.25595092773438 92.39546203613281 217.22354125976562
      vertex 95.39777374267578 92.27645874023438 218
      vertex 95.09807586669922 93 218
    endloop
  endfacet
  facet normal 0.6962117253398056 -0.6962117253398056 0.17486699802633446
    outer loop
      vertex -88.2032699584961 93.84435272216797 217.22354125976562
      vertex -88.62132263183594 93.62132263183594 218
      vertex -88.84435272216797 93.2032699584961 217.22354125976562
    endloop
  endfacet
  facet normal 0.14478564333427876 0.9141445955052206 0.37865125906680364
    outer loop
      vertex -86.5 13.60222339630127 217.22354125976562
      vertex -86.5 13.901924133300781 216.5
      vertex -87.39546203613281 13.744050025939941 217.22354125976562
    endloop
  endfacet
  facet normal -0.21242955975227332 -0.21256161371610335 0.9537773547940114
    outer loop
      vertex 93.51905822753906 92.4053955078125 215.35804748535156
      vertex 93.56066131591797 92.56066131591797 215.40191650390625
      vertex 93.42733001708984 92.52493286132812 215.3642578125
    endloop
  endfacet
  facet normal 0 0.3826795994346052 0.923881120153762
    outer loop
      vertex -86.5 15.723543167114258 215.1022186279297
      vertex 91.5 15 215.40191650390625
      vertex 91.5 15.723543167114258 215.1022186279297
    endloop
  endfacet
  facet normal 0 0.3826795994346052 0.923881120153762
    outer loop
      vertex 91.5 15 215.40191650390625
      vertex -86.5 15.723543167114258 215.1022186279297
      vertex -86.5 15 215.40191650390625
    endloop
  endfacet
  facet normal -0.7894283566987844 -0.6057441069494627 0.09938282817395985
    outer loop
      vertex 94.84435272216797 93.2032699584961 217.22354125976562
      vertex 95.09807586669922 93 218
      vertex 94.62132263183594 93.62132263183594 218
    endloop
  endfacet
  facet normal 0.5008306870097465 -0.7495566479647616 0.432820348922247
    outer loop
      vertex -87.4942398071289 93.90030670166016 216.5
      vertex -88.2032699584961 93.84435272216797 217.22354125976562
      vertex -88.33712005615234 93.33712005615234 216.5
    endloop
  endfacet
  facet normal 0 -0.9238807634942465 0.3826804604958138
    outer loop
      vertex -86.5 94.09807586669922 216.5
      vertex 92.5 94.39777374267578 217.22354125976562
      vertex -86.5 94.39777374267578 217.22354125976562
    endloop
  endfacet
  facet normal 0 -0.9238807634942465 0.3826804604958138
    outer loop
      vertex 92.5 94.39777374267578 217.22354125976562
      vertex -86.5 94.09807586669922 216.5
      vertex 92.5 94.09807586669922 216.5
    endloop
  endfacet
  facet normal 0.5008338196714744 0.7495549900809606 0.4328195951178877
    outer loop
      vertex -88.2032699584961 14.155649185180664 217.22354125976562
      vertex -87.4942398071289 14.099691390991211 216.5
      vertex -88.33712005615234 14.662882804870605 216.5
    endloop
  endfacet
  facet normal 0.9141463621271012 -0.14478202884536664 0.37864837611325647
    outer loop
      vertex -89.09807586669922 91.5 216.5
      vertex -89.25595092773438 92.39546203613281 217.22354125976562
      vertex -89.39777374267578 91.5 217.22354125976562
    endloop
  endfacet
  facet normal -1 0 0
    outer loop
      vertex 95.5 16.5 218
      vertex 95.5 91.5 299.80517578125
      vertex 95.5 91.5 218
    endloop
  endfacet
  facet normal -1 0 0
    outer loop
      vertex 95.5 91.5 299.80517578125
      vertex 95.5 16.5 218
      vertex 95.5 16.5 299.80517578125
    endloop
  endfacet
  facet normal 0 0.9238794718963205 0.3826835787025309
    outer loop
      vertex 91.5 13.901924133300781 216.5
      vertex -86.5 13.60222339630127 217.22354125976562
      vertex 91.5 13.60222339630127 217.22354125976562
    endloop
  endfacet
  facet normal 0 0.9238794718963205 0.3826835787025309
    outer loop
      vertex -86.5 13.60222339630127 217.22354125976562
      vertex 91.5 13.901924133300781 216.5
      vertex -86.5 13.901924133300781 216.5
    endloop
  endfacet
  facet normal 0 0.9914447516743156 0.1305270254677345
    outer loop
      vertex 91.5 13.60222339630127 217.22354125976562
      vertex -86.5 13.5 218
      vertex 91.5 13.5 218
    endloop
  endfacet
  facet normal 0 0.9914447516743156 0.1305270254677345
    outer loop
      vertex -86.5 13.5 218
      vertex 91.5 13.60222339630127 217.22354125976562
      vertex -86.5 13.60222339630127 217.22354125976562
    endloop
  endfacet
  facet normal 0.12943262147796872 -0.9831044669793143 0.12943262147796872
    outer loop
      vertex -86.5 94.39777374267578 217.22354125976562
      vertex -86.5 94.5 218
      vertex -87.27645874023438 94.39777374267578 218
    endloop
  endfacet
  facet normal 0.15655626235195008 -0.3779616438474456 0.9124884286929473
    outer loop
      vertex -86.5 92.27645874023438 215.1022186279297
      vertex -86.5 93 215.40191650390625
      vertex -87.56066131591797 92.56066131591797 215.40191650390625
    endloop
  endfacet
  facet normal -0.9141463621271012 -0.14478202884536664 0.37864837611325647
    outer loop
      vertex 95.39777374267578 91.5 217.22354125976562
      vertex 95.25595092773438 92.39546203613281 217.22354125976562
      vertex 95.09807586669922 91.5 216.5
    endloop
  endfacet
  facet normal -0.9831044265216845 0.12943293409972856 0.12943261615143703
    outer loop
      vertex 95.5 16.5 218
      vertex 95.39777374267578 16.5 217.22354125976562
      vertex 95.39777374267578 15.723543167114258 218
    endloop
  endfacet
  facet normal -0.7836579025792687 0.15588127527996964 0.6013163225309551
    outer loop
      vertex 94.90030670166016 15.505760192871094 216.5
      vertex 95.09807586669922 16.5 216.5
      vertex 94.62132263183594 16.5 215.87867736816406
    endloop
  endfacet
  facet normal -0.4249470337973131 -0.8340065040221933 0.3519277904848447
    outer loop
      vertex 93.4942398071289 93.90030670166016 216.5
      vertex 94.2032699584961 93.84435272216797 217.22354125976562
      vertex 93.39546203613281 94.25595092773438 217.22354125976562
    endloop
  endfacet
  facet normal 0 1 0
    outer loop
      vertex 91.5 13.5 227
      vertex 91.5 13.5 218
      vertex 90.5 13.5 227
    endloop
  endfacet
  facet normal 0 1 0
    outer loop
      vertex 92.5 13.5 299.80517578125
      vertex 90.82337951660156 13.5 244.5529327392578
      vertex -86.5 13.5 299.80517578125
    endloop
  endfacet
  facet normal 0 1 0
    outer loop
      vertex 92.5 13.5 232
      vertex 90.82337951660156 13.5 244.5529327392578
      vertex 92.5 13.5 299.80517578125
    endloop
  endfacet
  facet normal 0 1 0
    outer loop
      vertex 90.5 13.5 232
      vertex 90.82337951660156 13.5 244.5529327392578
      vertex 92.5 13.5 232
    endloop
  endfacet
  facet normal 0 1 0
    outer loop
      vertex 90.5 13.5 232
      vertex 85.0773696899414 13.5 228
      vertex 90.82337951660156 13.5 244.5529327392578
    endloop
  endfacet
  facet normal 0 1 0
    outer loop
      vertex 91.5 13.5 218
      vertex 85.0773696899414 13.5 228
      vertex 90.5 13.5 227
    endloop
  endfacet
  facet normal 0 1 0
    outer loop
      vertex 90.5 13.5 227
      vertex 85.0773696899414 13.5 228
      vertex 90.5 13.5 232
    endloop
  endfacet
  facet normal 0 1 0
    outer loop
      vertex -86.5 13.5 299.80517578125
      vertex 90.82337951660156 13.5 244.5529327392578
      vertex -86.5 13.5 244.5529327392578
    endloop
  endfacet
  facet normal 0 1 0
    outer loop
      vertex -86.5 13.5 218
      vertex 85.0773696899414 13.5 228
      vertex 91.5 13.5 218
    endloop
  endfacet
  facet normal 0 1 0
    outer loop
      vertex -85.0773696899414 13.5 228
      vertex -86.5 13.5 218
      vertex -86.5 13.5 232.0982666015625
    endloop
  endfacet
  facet normal 0 1 0
    outer loop
      vertex 85.0773696899414 13.5 228
      vertex -86.5 13.5 218
      vertex -85.0773696899414 13.5 228
    endloop
  endfacet
  facet normal -0.3803819604729015 -0.9183316430784606 0.10943745916095965
    outer loop
      vertex 93.39546203613281 94.25595092773438 217.22354125976562
      vertex 94 94.09807586669922 218
      vertex 93.27645874023438 94.39777374267578 218
    endloop
  endfacet
  facet normal -0.8925679205809148 -0.17754510645041302 0.4144879278403333
    outer loop
      vertex 95.09807586669922 91.5 216.5
      vertex 95.25595092773438 92.39546203613281 217.22354125976562
      vertex 94.90030670166016 92.4942398071289 216.5
    endloop
  endfacet
  facet normal -0.3826959120774541 -0.9238743460535689 0.00017771689788347278
    outer loop
      vertex 93.27645874023438 94.39777374267578 299.8475341796875
      vertex 94 94.09807586669922 299.9212646484375
      vertex 93.56935119628906 94.27645874023438 299.89776611328125
    endloop
  endfacet
  facet normal -0.3826804604958137 -0.9238807634942464 0
    outer loop
      vertex 94 94.09807586669922 218
      vertex 93.27645874023438 94.39777374267578 299.8475341796875
      vertex 93.27645874023438 94.39777374267578 218
    endloop
  endfacet
  facet normal -0.3826804604958137 -0.9238807634942464 0
    outer loop
      vertex 93.27645874023438 94.39777374267578 299.8475341796875
      vertex 94 94.09807586669922 218
      vertex 94 94.09807586669922 299.9212646484375
    endloop
  endfacet
  facet normal 0.15588127527996964 -0.7836579025792687 0.6013163225309551
    outer loop
      vertex -86.5 93.62132263183594 215.87867736816406
      vertex -86.5 94.09807586669922 216.5
      vertex -87.4942398071289 93.90030670166016 216.5
    endloop
  endfacet
  facet normal 0 -0.3826804604958137 0.9238807634942465
    outer loop
      vertex -86.5 93 215.40191650390625
      vertex 91.5 92.27645874023438 215.1022186279297
      vertex 91.5 93 215.40191650390625
    endloop
  endfacet
  facet normal 0 -0.3826804604958137 0.9238807634942465
    outer loop
      vertex 91.5 92.27645874023438 215.1022186279297
      vertex -86.5 93 215.40191650390625
      vertex -86.5 92.27645874023438 215.1022186279297
    endloop
  endfacet
  facet normal -0.2118207823302831 -0.5113800408247318 0.8328399666316947
    outer loop
      vertex 93.56066131591797 93.33712005615234 215.87867736816406
      vertex 93.32502746582031 92.65826416015625 215.40191650390625
      vertex 93.56066131591797 92.56066131591797 215.40191650390625
    endloop
  endfacet
  facet normal -0.2118021949876662 -0.5113868682937304 0.8328405016178893
    outer loop
      vertex 93.56066131591797 93.33712005615234 215.87867736816406
      vertex 93.03553771972656 93.03553771972656 215.55995178222656
      vertex 93.32502746582031 92.65826416015625 215.40191650390625
    endloop
  endfacet
  facet normal -0.2118304011068538 -0.511352485055252 0.832854439379852
    outer loop
      vertex 93.03553771972656 93.03553771972656 215.55995178222656
      vertex 93.56066131591797 93.33712005615234 215.87867736816406
      vertex 92.91142272949219 93.13076782226562 215.58685302734375
    endloop
  endfacet
  facet normal 0.13053061640817715 -0.9914442789083516 0
    outer loop
      vertex -87.27645874023438 94.39777374267578 218
      vertex -86.5 94.5 227
      vertex -87.27645874023438 94.39777374267578 227
    endloop
  endfacet
  facet normal 0.13053061640817715 -0.9914442789083516 0
    outer loop
      vertex -86.5 94.5 227
      vertex -87.27645874023438 94.39777374267578 218
      vertex -86.5 94.5 218
    endloop
  endfacet
  facet normal 0.13053061640817712 -0.9914442789083516 0
    outer loop
      vertex -87.27645874023438 94.39777374267578 232
      vertex -86.5 94.5 299.80517578125
      vertex -87.27645874023438 94.39777374267578 299.8475341796875
    endloop
  endfacet
  facet normal 0.13053061640817712 -0.9914442789083515 0
    outer loop
      vertex -86.5 94.5 299.80517578125
      vertex -87.27645874023438 94.39777374267578 232
      vertex -86.5 94.5 232
    endloop
  endfacet
  facet normal -0.382684805206224 0.9238789637530554 0.000014101591321338172
    outer loop
      vertex 94 13.901924133300781 299.9212646484375
      vertex 93.27645874023438 13.60222339630127 299.8475341796875
      vertex 93.56935119628906 13.723543167114258 299.89776611328125
    endloop
  endfacet
  facet normal -0.3826835787025309 0.9238794718963204 0
    outer loop
      vertex 94 13.901924133300781 232
      vertex 93.27645874023438 13.60222339630127 299.8475341796875
      vertex 94 13.901924133300781 299.9212646484375
    endloop
  endfacet
  facet normal -0.3826835787025309 0.9238794718963204 0
    outer loop
      vertex 93.27645874023438 13.60222339630127 299.8475341796875
      vertex 94 13.901924133300781 232
      vertex 93.27645874023438 13.60222339630127 232
    endloop
  endfacet
  facet normal 0 -0.9914442789083515 0.13053061640817712
    outer loop
      vertex -86.5 94.39777374267578 217.22354125976562
      vertex 92.5 94.5 218
      vertex -86.5 94.5 218
    endloop
  endfacet
  facet normal 0 -0.9914442789083515 0.13053061640817712
    outer loop
      vertex 92.5 94.5 218
      vertex -86.5 94.39777374267578 217.22354125976562
      vertex 92.5 94.39777374267578 217.22354125976562
    endloop
  endfacet
  facet normal -0.9914442789083515 -0.13053061640817712 0
    outer loop
      vertex 95.5 91.5 299.80517578125
      vertex 95.39777374267578 92.27645874023438 218
      vertex 95.5 91.5 218
    endloop
  endfacet
  facet normal -0.9914442789083515 -0.13053061640817712 0
    outer loop
      vertex 95.39777374267578 92.27645874023438 218
      vertex 95.5 91.5 299.80517578125
      vertex 95.39777374267578 92.27645874023438 299.8475341796875
    endloop
  endfacet
  facet normal -0.7495566479647616 -0.5008306870097465 0.432820348922247
    outer loop
      vertex 94.90030670166016 92.4942398071289 216.5
      vertex 94.84435272216797 93.2032699584961 217.22354125976562
      vertex 94.33712005615234 93.33712005615234 216.5
    endloop
  endfacet
  facet normal 0 -0.6087640334084832 0.7933513418582181
    outer loop
      vertex -86.5 93.62132263183594 215.87867736816406
      vertex 91.5 93 215.40191650390625
      vertex 91.5 93.62132263183594 215.87867736816406
    endloop
  endfacet
  facet normal 0 -0.6087640334084832 0.7933513418582181
    outer loop
      vertex 91.5 93 215.40191650390625
      vertex -86.5 93.62132263183594 215.87867736816406
      vertex -86.5 93 215.40191650390625
    endloop
  endfacet
  facet normal 0 -0.6087534277861633 0.793359479781137
    outer loop
      vertex 92.5 93.44646453857422 215.7445068359375
      vertex 92.5 93.62132263183594 215.87867736816406
      vertex 92.27212524414062 93.62132263183594 215.87867736816406
    endloop
  endfacet
  facet normal 0.1558794702022782 0.7836563857899366 0.6013187671943321
    outer loop
      vertex -86.5 13.901924133300781 216.5
      vertex -86.5 14.378680229187012 215.87867736816406
      vertex -87.4942398071289 14.099691390991211 216.5
    endloop
  endfacet
  facet normal -0.13053061640817712 -0.9914442789083515 0
    outer loop
      vertex 93.27645874023438 94.39777374267578 218
      vertex 92.5 94.5 299.80517578125
      vertex 92.5 94.5 218
    endloop
  endfacet
  facet normal -0.13053061640817712 -0.9914442789083515 0
    outer loop
      vertex 92.5 94.5 299.80517578125
      vertex 93.27645874023438 94.39777374267578 218
      vertex 93.27645874023438 94.39777374267578 299.8475341796875
    endloop
  endfacet
  facet normal -0.6962049633240944 0.6962178196354141 0.1748696562157263
    outer loop
      vertex 94.84435272216797 14.796730041503906 217.22354125976562
      vertex 94.5 14.313955307006836 217.77467346191406
      vertex 94.62132263183594 14.378680229187012 218
    endloop
  endfacet
  facet normal -0.6962102855641361 0.6962141418516173 0.17486310920408674
    outer loop
      vertex 94.5 14.313955307006836 217.77467346191406
      vertex 94.84435272216797 14.796730041503906 217.22354125976562
      vertex 94.5 14.45237922668457 217.22354125976562
    endloop
  endfacet
  facet normal -0.6829928679562204 0.45635780236857765 0.5703142103597447
    outer loop
      vertex 94.90030670166016 15.505760192871094 216.5
      vertex 94.5 15.458550453186035 216.05838012695312
      vertex 94.5 14.906654357910156 216.5
    endloop
  endfacet
  facet normal 0 -0.13052104055558153 0.9914455395896883
    outer loop
      vertex -86.5 92.27645874023438 215.1022186279297
      vertex 91.5 91.5 215
      vertex 91.5 92.27645874023438 215.1022186279297
    endloop
  endfacet
  facet normal 0 -0.13052104055558153 0.9914455395896883
    outer loop
      vertex 91.5 91.5 215
      vertex -86.5 92.27645874023438 215.1022186279297
      vertex -86.5 91.5 215
    endloop
  endfacet
  facet normal -0.6057441069494627 -0.7894283566987844 0.09938282817395985
    outer loop
      vertex 94.2032699584961 93.84435272216797 217.22354125976562
      vertex 94.62132263183594 93.62132263183594 218
      vertex 94 94.09807586669922 218
    endloop
  endfacet
  facet normal -0.12943262147796872 -0.9831044669793143 0.12943262147796872
    outer loop
      vertex 93.27645874023438 94.39777374267578 218
      vertex 92.5 94.5 218
      vertex 92.5 94.39777374267578 217.22354125976562
    endloop
  endfacet
  facet normal 0.21182087260741392 0.5113804867131863 0.8328396698865986
    outer loop
      vertex -86.5 15 215.40191650390625
      vertex -87.56066131591797 15.439340591430664 215.40191650390625
      vertex -87.56066131591797 14.662882804870605 215.87867736816406
    endloop
  endfacet
  facet normal -0.6057386764727899 0.7894323710345078 0.09938403990494614
    outer loop
      vertex 94.62132263183594 14.378680229187012 218
      vertex 94.5 14.313955307006836 217.77467346191406
      vertex 94.5 14.285588264465332 218
    endloop
  endfacet
  facet normal -0.736743601611289 0.19741425043617644 0.6467120527789387
    outer loop
      vertex 94.5 16.04722785949707 215.87867736816406
      vertex 94.90030670166016 15.505760192871094 216.5
      vertex 94.62132263183594 16.5 215.87867736816406
    endloop
  endfacet
  facet normal -0.7367401874032223 0.19741942508989133 0.6467143626534373
    outer loop
      vertex 94.90030670166016 15.505760192871094 216.5
      vertex 94.5 16.04722785949707 215.87867736816406
      vertex 94.5 15.458550453186035 216.05838012695312
    endloop
  endfacet
  facet normal -0.4473973745093619 -0.8780678309222738 0.16980127673719891
    outer loop
      vertex 94.2032699584961 93.84435272216797 217.22354125976562
      vertex 94 94.09807586669922 218
      vertex 93.39546203613281 94.25595092773438 217.22354125976562
    endloop
  endfacet
  facet normal -0.4563589743424508 -0.682999089211375 0.5703058220582518
    outer loop
      vertex 93.56066131591797 93.33712005615234 215.87867736816406
      vertex 94.33712005615234 93.33712005615234 216.5
      vertex 93.4942398071289 93.90030670166016 216.5
    endloop
  endfacet
  facet normal -0.15650081157772822 -0.37782596463520174 0.9125541279414562
    outer loop
      vertex 93.42733001708984 92.52493286132812 215.3642578125
      vertex 93.56066131591797 92.56066131591797 215.40191650390625
      vertex 93.32502746582031 92.65826416015625 215.40191650390625
    endloop
  endfacet
  facet normal -0.17754510645041302 -0.8925679205809148 0.4144879278403333
    outer loop
      vertex 93.4942398071289 93.90030670166016 216.5
      vertex 93.39546203613281 94.25595092773438 217.22354125976562
      vertex 92.5 94.09807586669922 216.5
    endloop
  endfacet
  facet normal -0.16098855472082158 -0.6008190878889903 0.7830064551950661
    outer loop
      vertex 92.5 93.62132263183594 215.87867736816406
      vertex 92.91142272949219 93.13076782226562 215.58685302734375
      vertex 93.56066131591797 93.33712005615234 215.87867736816406
    endloop
  endfacet
  facet normal -0.16097828082705468 -0.6008140345369196 0.7830124449875845
    outer loop
      vertex 92.91142272949219 93.13076782226562 215.58685302734375
      vertex 92.5 93.62132263183594 215.87867736816406
      vertex 92.5 93.44646453857422 215.7445068359375
    endloop
  endfacet
  facet normal 0.3803819604729015 -0.9183316430784606 0.10943745916095965
    outer loop
      vertex -87.39546203613281 94.25595092773438 217.22354125976562
      vertex -87.27645874023438 94.39777374267578 218
      vertex -88 94.09807586669922 218
    endloop
  endfacet
  facet normal -0.78942708016781 0.6057459167381941 0.09938193725587571
    outer loop
      vertex 95.09807586669922 15 218
      vertex 94.84435272216797 14.796730041503906 217.22354125976562
      vertex 94.62132263183594 14.378680229187012 218
    endloop
  endfacet
  facet normal -0.6642607394809082 0.6642644188008308 0.3427979753433087
    outer loop
      vertex 94.84435272216797 14.796730041503906 217.22354125976562
      vertex 94.5 14.705863952636719 216.7323455810547
      vertex 94.5 14.45237922668457 217.22354125976562
    endloop
  endfacet
  facet normal -0.6087372873461654 -0.793371745682766 -0.0004337588182242127
    outer loop
      vertex 94 94.09807586669922 299.9212646484375
      vertex 94.62132263183594 93.62132263183594 299.9680480957031
      vertex 94.5 93.71440887451172 299.9717712402344
    endloop
  endfacet
  facet normal -0.6087579018137039 -0.7933560467907059 0
    outer loop
      vertex 94.62132263183594 93.62132263183594 218
      vertex 94 94.09807586669922 299.9212646484375
      vertex 94 94.09807586669922 218
    endloop
  endfacet
  facet normal -0.6087579018137039 -0.7933560467907059 0
    outer loop
      vertex 94 94.09807586669922 299.9212646484375
      vertex 94.62132263183594 93.62132263183594 218
      vertex 94.62132263183594 93.62132263183594 299.9680480957031
    endloop
  endfacet
  facet normal -0.7495543768102679 0.5008324452647269 0.43282224755056764
    outer loop
      vertex 94.5 14.906654357910156 216.5
      vertex 94.84435272216797 14.796730041503906 217.22354125976562
      vertex 94.90030670166016 15.505760192871094 216.5
    endloop
  endfacet
  facet normal -0.7495492778468641 0.5008410445187785 0.4328211272622714
    outer loop
      vertex 94.84435272216797 14.796730041503906 217.22354125976562
      vertex 94.5 14.906654357910156 216.5
      vertex 94.5 14.705863952636719 216.7323455810547
    endloop
  endfacet
  facet normal -0.6008156203304429 -0.16098762559381777 0.7830093069514626
    outer loop
      vertex 94.01616668701172 91.55086517333984 215.42478942871094
      vertex 94.62132263183594 91.5 215.87867736816406
      vertex 94.33712005615234 92.56066131591797 215.87867736816406
    endloop
  endfacet
  facet normal -0.6008165795974241 -0.16096607948125422 0.7830130004905963
    outer loop
      vertex 94.62132263183594 91.5 215.87867736816406
      vertex 94.01616668701172 91.55086517333984 215.42478942871094
      vertex 94.0372314453125 91.5 215.4304962158203
    endloop
  endfacet
  facet normal -0.5113658299001762 -0.21182041077843683 0.8328487867483257
    outer loop
      vertex 94.33712005615234 92.56066131591797 215.87867736816406
      vertex 93.83012390136719 92 215.42478942871094
      vertex 94.01616668701172 91.55086517333984 215.42478942871094
    endloop
  endfacet
  facet normal -0.5114170915980779 -0.21176083801939746 0.8328324596836302
    outer loop
      vertex 94.33712005615234 92.56066131591797 215.87867736816406
      vertex 93.74921417236328 92.1054458618164 215.40191650390625
      vertex 93.83012390136719 92 215.42478942871094
    endloop
  endfacet
  facet normal -0.5113804991678496 -0.21181674079767765 0.8328407130950614
    outer loop
      vertex 93.74921417236328 92.1054458618164 215.40191650390625
      vertex 94.33712005615234 92.56066131591797 215.87867736816406
      vertex 93.56066131591797 92.56066131591797 215.40191650390625
    endloop
  endfacet
  facet normal -0.8340065040221933 -0.4249470337973131 0.3519277904848447
    outer loop
      vertex 94.90030670166016 92.4942398071289 216.5
      vertex 95.25595092773438 92.39546203613281 217.22354125976562
      vertex 94.84435272216797 93.2032699584961 217.22354125976562
    endloop
  endfacet
  facet normal -0.6642639673533278 -0.6642639673533278 0.3427925952409619
    outer loop
      vertex 94.33712005615234 93.33712005615234 216.5
      vertex 94.84435272216797 93.2032699584961 217.22354125976562
      vertex 94.2032699584961 93.84435272216797 217.22354125976562
    endloop
  endfacet
  facet normal -0.9238807634942465 0 0.3826804604958137
    outer loop
      vertex 95.09807586669922 16.5 216.5
      vertex 95.39777374267578 91.5 217.22354125976562
      vertex 95.09807586669922 91.5 216.5
    endloop
  endfacet
  facet normal -0.9238807634942465 0 0.3826804604958137
    outer loop
      vertex 95.39777374267578 91.5 217.22354125976562
      vertex 95.09807586669922 16.5 216.5
      vertex 95.39777374267578 16.5 217.22354125976562
    endloop
  endfacet
  facet normal -0.8925679205809148 0.17754510645041302 0.4144879278403333
    outer loop
      vertex 95.25595092773438 15.604537963867188 217.22354125976562
      vertex 95.09807586669922 16.5 216.5
      vertex 94.90030670166016 15.505760192871094 216.5
    endloop
  endfacet
  facet normal -0.7836579025792687 -0.15588127527996964 0.6013163225309551
    outer loop
      vertex 95.09807586669922 91.5 216.5
      vertex 94.90030670166016 92.4942398071289 216.5
      vertex 94.62132263183594 91.5 215.87867736816406
    endloop
  endfacet
  facet normal -0.5008306870097465 -0.7495566479647616 0.432820348922247
    outer loop
      vertex 94.33712005615234 93.33712005615234 216.5
      vertex 94.2032699584961 93.84435272216797 217.22354125976562
      vertex 93.4942398071289 93.90030670166016 216.5
    endloop
  endfacet
  facet normal -0.6962117253398056 -0.6962117253398056 0.17486699802633446
    outer loop
      vertex 94.84435272216797 93.2032699584961 217.22354125976562
      vertex 94.62132263183594 93.62132263183594 218
      vertex 94.2032699584961 93.84435272216797 217.22354125976562
    endloop
  endfacet
  facet normal -0.14478202884536664 -0.9141463621271012 0.37864837611325647
    outer loop
      vertex 93.39546203613281 94.25595092773438 217.22354125976562
      vertex 92.5 94.39777374267578 217.22354125976562
      vertex 92.5 94.09807586669922 216.5
    endloop
  endfacet
  facet normal -0.1545501772050519 -0.9758219537660413 0.1545501772050519
    outer loop
      vertex 93.39546203613281 94.25595092773438 217.22354125976562
      vertex 93.27645874023438 94.39777374267578 218
      vertex 92.5 94.39777374267578 217.22354125976562
    endloop
  endfacet
  facet normal -0.5298711542142587 -0.5298711542142587 0.662173028643797
    outer loop
      vertex 94.33712005615234 92.56066131591797 215.87867736816406
      vertex 94.33712005615234 93.33712005615234 216.5
      vertex 93.56066131591797 93.33712005615234 215.87867736816406
    endloop
  endfacet
  facet normal -0.46362031738253223 -0.46362031738253223 0.7550578803113309
    outer loop
      vertex 94.33712005615234 92.56066131591797 215.87867736816406
      vertex 93.56066131591797 93.33712005615234 215.87867736816406
      vertex 93.56066131591797 92.56066131591797 215.40191650390625
    endloop
  endfacet
  facet normal 0 0.6087657977601962 0.793349988011213
    outer loop
      vertex -86.5 15 215.40191650390625
      vertex 91.5 14.378680229187012 215.87867736816406
      vertex 91.5 15 215.40191650390625
    endloop
  endfacet
  facet normal 0 0.6087657977601962 0.793349988011213
    outer loop
      vertex 91.5 14.378680229187012 215.87867736816406
      vertex -86.5 15 215.40191650390625
      vertex -86.5 14.378680229187012 215.87867736816406
    endloop
  endfacet
  facet normal -0.9758220110220148 0.15455018627322342 0.1545498066251221
    outer loop
      vertex 95.39777374267578 15.723543167114258 218
      vertex 95.39777374267578 16.5 217.22354125976562
      vertex 95.25595092773438 15.604537963867188 217.22354125976562
    endloop
  endfacet
  facet normal -0.923881120153762 0.3826795994346052 0
    outer loop
      vertex 95.09807586669922 15 218
      vertex 95.39777374267578 15.723543167114258 299.8475341796875
      vertex 95.39777374267578 15.723543167114258 218
    endloop
  endfacet
  facet normal -0.923881120153762 0.3826795994346052 0
    outer loop
      vertex 95.09807586669922 15 299.9212646484375
      vertex 95.39777374267578 15.723543167114258 299.8475341796875
      vertex 95.09807586669922 15 218
    endloop
  endfacet
  facet normal -0.9238752272403196 0.3826937912353057 0.0001632225357024766
    outer loop
      vertex 95.39777374267578 15.723543167114258 299.8475341796875
      vertex 95.09807586669922 15 299.9212646484375
      vertex 95.27645874023438 15.43065071105957 299.89776611328125
    endloop
  endfacet
  facet normal -0.6008194558330914 0.16099267406103754 0.7830053259021323
    outer loop
      vertex 94.62132263183594 16.5 215.87867736816406
      vertex 94.5 16.5 215.78558349609375
      vertex 94.5 16.04722785949707 215.87867736816406
    endloop
  endfacet
  facet normal -0.9141463621271012 0.14478202884536664 0.37864837611325647
    outer loop
      vertex 95.25595092773438 15.604537963867188 217.22354125976562
      vertex 95.39777374267578 16.5 217.22354125976562
      vertex 95.09807586669922 16.5 216.5
    endloop
  endfacet
  facet normal -0.9914442789083516 0 0.13053061640817715
    outer loop
      vertex 95.39777374267578 16.5 217.22354125976562
      vertex 95.5 91.5 218
      vertex 95.39777374267578 91.5 217.22354125976562
    endloop
  endfacet
  facet normal -0.9914442789083516 0 0.13053061640817715
    outer loop
      vertex 95.5 91.5 218
      vertex 95.39777374267578 16.5 217.22354125976562
      vertex 95.5 16.5 218
    endloop
  endfacet
  facet normal -0.6087547389096183 0.7933584653804655 -0.00011517046036019481
    outer loop
      vertex 94.62132263183594 14.378680229187012 299.9680480957031
      vertex 94 13.901924133300781 299.9212646484375
      vertex 94.5 14.285588264465332 299.9717712402344
    endloop
  endfacet
  facet normal -0.608760202207258 0.793354281647599 2.179097195963825e-8
    outer loop
      vertex 94.62132263183594 14.378680229187012 299.9680480957031
      vertex 94.5 14.285588264465332 232
      vertex 94 13.901924133300781 299.9212646484375
    endloop
  endfacet
  facet normal -0.6087525183593814 0.7933601775934503 0
    outer loop
      vertex 94.62132263183594 14.378680229187012 218
      vertex 94.5 14.285588264465332 232
      vertex 94.62132263183594 14.378680229187012 299.9680480957031
    endloop
  endfacet
  facet normal -0.6087525183593814 0.7933601775934503 0
    outer loop
      vertex 94.5 14.285588264465332 232
      vertex 94.62132263183594 14.378680229187012 218
      vertex 94.5 14.285588264465332 218
    endloop
  endfacet
  facet normal -0.6087620653474176 0.793352852010974 0
    outer loop
      vertex 94 13.901924133300781 299.9212646484375
      vertex 94.5 14.285588264465332 232
      vertex 94 13.901924133300781 232
    endloop
  endfacet
  facet normal -0.13052702546773454 0.9914447516743157 0
    outer loop
      vertex 93.27645874023438 13.60222339630127 232
      vertex 92.5 13.5 299.80517578125
      vertex 93.27645874023438 13.60222339630127 299.8475341796875
    endloop
  endfacet
  facet normal -0.1305270254677345 0.9914447516743157 0
    outer loop
      vertex 92.5 13.5 299.80517578125
      vertex 93.27645874023438 13.60222339630127 232
      vertex 92.5 13.5 232
    endloop
  endfacet
  facet normal -0.6087603688085453 0 0.7933541538103169
    outer loop
      vertex 94.62132263183594 91.5 215.87867736816406
      vertex 94.5 89.5 215.78558349609375
      vertex 94.62132263183594 16.5 215.87867736816406
    endloop
  endfacet
  facet normal -0.6087430467585744 -0.000001669449379914846 0.7933674451477708
    outer loop
      vertex 94.62132263183594 91.5 215.87867736816406
      vertex 94.32962799072266 90.79409790039062 215.6548614501953
      vertex 94.5 89.5 215.78558349609375
    endloop
  endfacet
  facet normal -0.6087547790187205 0.000006032857539753764 0.7933584429408145
    outer loop
      vertex 94.32962799072266 90.79409790039062 215.6548614501953
      vertex 94.62132263183594 91.5 215.87867736816406
      vertex 94.0372314453125 91.5 215.4304962158203
    endloop
  endfacet
  facet normal -0.6087603688085452 0 0.7933541538103169
    outer loop
      vertex 94.62132263183594 16.5 215.87867736816406
      vertex 94.5 89.5 215.78558349609375
      vertex 94.5 16.5 215.78558349609375
    endloop
  endfacet
  facet normal -0.9238807634942464 -0.3826804604958137 0
    outer loop
      vertex 95.39777374267578 92.27645874023438 299.8475341796875
      vertex 95.09807586669922 93 299.9212646484375
      vertex 95.09807586669922 93 218
    endloop
  endfacet
  facet normal -0.9238807634942464 -0.3826804604958137 0
    outer loop
      vertex 95.39777374267578 92.27645874023438 299.8475341796875
      vertex 95.09807586669922 93 218
      vertex 95.39777374267578 92.27645874023438 218
    endloop
  endfacet
  facet normal -0.9238743460535689 -0.3826959120774541 0.00017771689788347278
    outer loop
      vertex 95.09807586669922 93 299.9212646484375
      vertex 95.39777374267578 92.27645874023438 299.8475341796875
      vertex 95.27645874023438 92.56935119628906 299.89776611328125
    endloop
  endfacet
  facet normal -0.9758219537660413 -0.1545501772050519 0.1545501772050519
    outer loop
      vertex 95.39777374267578 91.5 217.22354125976562
      vertex 95.39777374267578 92.27645874023438 218
      vertex 95.25595092773438 92.39546203613281 217.22354125976562
    endloop
  endfacet
  facet normal -0.9831044669793143 -0.12943262147796872 0.12943262147796872
    outer loop
      vertex 95.5 91.5 218
      vertex 95.39777374267578 92.27645874023438 218
      vertex 95.39777374267578 91.5 217.22354125976562
    endloop
  endfacet
  facet normal -0.7367480777844494 -0.19741051945036808 0.6467080923347526
    outer loop
      vertex 94.62132263183594 91.5 215.87867736816406
      vertex 94.90030670166016 92.4942398071289 216.5
      vertex 94.33712005615234 92.56066131591797 215.87867736816406
    endloop
  endfacet
  facet normal -0.6829990892113751 -0.4563589743424509 0.5703058220582519
    outer loop
      vertex 94.90030670166016 92.4942398071289 216.5
      vertex 94.33712005615234 93.33712005615234 216.5
      vertex 94.33712005615234 92.56066131591797 215.87867736816406
    endloop
  endfacet
  facet normal -0.7933560467907059 -0.6087579018137039 0
    outer loop
      vertex 95.09807586669922 93 299.9212646484375
      vertex 94.62132263183594 93.62132263183594 299.9680480957031
      vertex 94.62132263183594 93.62132263183594 218
    endloop
  endfacet
  facet normal -0.7933560467907059 -0.6087579018137039 0
    outer loop
      vertex 95.09807586669922 93 299.9212646484375
      vertex 94.62132263183594 93.62132263183594 218
      vertex 95.09807586669922 93 218
    endloop
  endfacet
  facet normal -0.793371745682766 -0.6087372873461654 -0.0004337588182242127
    outer loop
      vertex 94.62132263183594 93.62132263183594 299.9680480957031
      vertex 95.09807586669922 93 299.9212646484375
      vertex 94.71440887451172 93.5 299.9717712402344
    endloop
  endfacet
  facet normal -0.19741051945036808 -0.7367480777844494 0.6467080923347526
    outer loop
      vertex 93.56066131591797 93.33712005615234 215.87867736816406
      vertex 93.4942398071289 93.90030670166016 216.5
      vertex 92.5 93.62132263183594 215.87867736816406
    endloop
  endfacet
  facet normal -0.15588127527996964 -0.7836579025792687 0.6013163225309551
    outer loop
      vertex 93.4942398071289 93.90030670166016 216.5
      vertex 92.5 94.09807586669922 216.5
      vertex 92.5 93.62132263183594 215.87867736816406
    endloop
  endfacet
  facet normal 0 0.7933542824400368 0.60876020117453
    outer loop
      vertex 91.5 14.378680229187012 215.87867736816406
      vertex -86.5 13.901924133300781 216.5
      vertex 91.5 13.901924133300781 216.5
    endloop
  endfacet
  facet normal 0 0.7933542824400368 0.60876020117453
    outer loop
      vertex -86.5 13.901924133300781 216.5
      vertex 91.5 14.378680229187012 215.87867736816406
      vertex -86.5 14.378680229187012 215.87867736816406
    endloop
  endfacet
  facet normal -0.9183320718111304 0.380381135324149 0.10943672954080884
    outer loop
      vertex 95.39777374267578 15.723543167114258 218
      vertex 95.25595092773438 15.604537963867188 217.22354125976562
      vertex 95.09807586669922 15 218
    endloop
  endfacet
  facet normal -0.8780678309222738 0.4473973745093619 0.16980127673719891
    outer loop
      vertex 95.09807586669922 15 218
      vertex 95.25595092773438 15.604537963867188 217.22354125976562
      vertex 94.84435272216797 14.796730041503906 217.22354125976562
    endloop
  endfacet
  facet normal -0.7933560467907059 0 0.6087579018137039
    outer loop
      vertex 94.62132263183594 16.5 215.87867736816406
      vertex 95.09807586669922 91.5 216.5
      vertex 94.62132263183594 91.5 215.87867736816406
    endloop
  endfacet
  facet normal -0.7933560467907059 0 0.6087579018137039
    outer loop
      vertex 95.09807586669922 91.5 216.5
      vertex 94.62132263183594 16.5 215.87867736816406
      vertex 95.09807586669922 16.5 216.5
    endloop
  endfacet
  facet normal 0.3826804604958137 0 0.9238807634942465
    outer loop
      vertex -88 91.5 215.40191650390625
      vertex -87.27645874023438 16.5 215.1022186279297
      vertex -87.27645874023438 91.5 215.1022186279297
    endloop
  endfacet
  facet normal 0.3826804604958137 0 0.9238807634942465
    outer loop
      vertex -87.27645874023438 16.5 215.1022186279297
      vertex -88 91.5 215.40191650390625
      vertex -88 16.5 215.40191650390625
    endloop
  endfacet
  facet normal 0.1294291203935906 0.9831053888512071 0.1294291203935906
    outer loop
      vertex -86.5 13.5 218
      vertex -86.5 13.60222339630127 217.22354125976562
      vertex -87.27645874023438 13.60222339630127 218
    endloop
  endfacet
  facet normal 0.6087547389096183 0.7933584653804655 -0.00011517046036019481
    outer loop
      vertex -88 13.901924133300781 299.9212646484375
      vertex -88.62132263183594 14.378680229187012 299.9680480957031
      vertex -88.5 14.285588264465332 299.9717712402344
    endloop
  endfacet
  facet normal 0.60876020117453 0.7933542824400368 0
    outer loop
      vertex -88 13.901924133300781 238.0152587890625
      vertex -88.62132263183594 14.378680229187012 299.9680480957031
      vertex -88 13.901924133300781 299.9212646484375
    endloop
  endfacet
  facet normal 0.6087713932111286 0.793345694390377 1.783337083896785e-7
    outer loop
      vertex -88.09558868408203 13.975274085998535 236.8221435546875
      vertex -88.62132263183594 14.378680229187012 299.9680480957031
      vertex -88 13.901924133300781 238.0152587890625
    endloop
  endfacet
  facet normal 0.60876020117453 0.7933542824400368 0
    outer loop
      vertex -88.62132263183594 14.378680229187012 218
      vertex -88 13.901924133300781 236.52711486816406
      vertex -88 13.901924133300781 218
    endloop
  endfacet
  facet normal 0.608771613018604 0.7933455257215215 -6.080415653740069e-7
    outer loop
      vertex -88 13.901924133300781 236.52711486816406
      vertex -88.62132263183594 14.378680229187012 218
      vertex -88.09558868408203 13.975274085998535 236.8221435546875
    endloop
  endfacet
  facet normal 0.608757911468233 0.7933560393825934 0
    outer loop
      vertex -88.09558868408203 13.975274085998535 236.8221435546875
      vertex -88.62132263183594 14.378680229187012 218
      vertex -88.62132263183594 14.378680229187012 299.9680480957031
    endloop
  endfacet
  facet normal 0.6057441069494627 -0.7894283566987844 0.09938282817395985
    outer loop
      vertex -88.2032699584961 93.84435272216797 217.22354125976562
      vertex -88 94.09807586669922 218
      vertex -88.62132263183594 93.62132263183594 218
    endloop
  endfacet
  facet normal 0.129423285231074 -0.129423285231074 0.9831069252527886
    outer loop
      vertex -86.5 91.5 215
      vertex -86.5 92.27645874023438 215.1022186279297
      vertex -87.27645874023438 91.5 215.1022186279297
    endloop
  endfacet
  facet normal 0.9831044669793143 -0.12943262147796872 0.12943262147796872
    outer loop
      vertex -89.39777374267578 91.5 217.22354125976562
      vertex -89.39777374267578 92.27645874023438 218
      vertex -89.5 91.5 218
    endloop
  endfacet
  facet normal 1 0 0
    outer loop
      vertex -89.5 91.5 299.80517578125
      vertex -89.5 88.43022918701172 232
      vertex -89.5 91.5 232
    endloop
  endfacet
  facet normal 1 0 0
    outer loop
      vertex -89.5 16.5 218
      vertex -89.5 88.43022918701172 232
      vertex -89.5 16.5 299.80517578125
    endloop
  endfacet
  facet normal 1 0 0
    outer loop
      vertex -89.5 16.5 299.80517578125
      vertex -89.5 88.43022918701172 232
      vertex -89.5 91.5 299.80517578125
    endloop
  endfacet
  facet normal 1 0 0
    outer loop
      vertex -89.5 88.43022918701172 227
      vertex -89.5 91.5 218
      vertex -89.5 91.5 227
    endloop
  endfacet
  facet normal 1 0 0
    outer loop
      vertex -89.5 88.43022918701172 232
      vertex -89.5 16.5 218
      vertex -89.5 88.43022918701172 227
    endloop
  endfacet
  facet normal 1 0 0
    outer loop
      vertex -89.5 88.43022918701172 227
      vertex -89.5 16.5 218
      vertex -89.5 91.5 218
    endloop
  endfacet
  facet normal -0.7933546929629444 0.6087596661685729 0
    outer loop
      vertex 94.62132263183594 14.378680229187012 218
      vertex 95.09807586669922 15 299.9212646484375
      vertex 95.09807586669922 15 218
    endloop
  endfacet
  facet normal -0.7933546929629444 0.6087596661685729 0
    outer loop
      vertex 95.09807586669922 15 299.9212646484375
      vertex 94.62132263183594 14.378680229187012 218
      vertex 94.62132263183594 14.378680229187012 299.9680480957031
    endloop
  endfacet
  facet normal -0.7933664609247447 0.6087442428582465 -0.00032475634826581164
    outer loop
      vertex 95.09807586669922 15 299.9212646484375
      vertex 94.62132263183594 14.378680229187012 299.9680480957031
      vertex 94.71440887451172 14.5 299.9717712402344
    endloop
  endfacet
  facet normal 0.19740979759526275 0.7367453837772466 0.6467113817587525
    outer loop
      vertex -87.4942398071289 14.099691390991211 216.5
      vertex -86.5 14.378680229187012 215.87867736816406
      vertex -87.56066131591797 14.662882804870605 215.87867736816406
    endloop
  endfacet
  facet normal 0.4563607767858875 0.6829960040267788 0.5703080745481635
    outer loop
      vertex -87.4942398071289 14.099691390991211 216.5
      vertex -87.56066131591797 14.662882804870605 215.87867736816406
      vertex -88.33712005615234 14.662882804870605 216.5
    endloop
  endfacet
  facet normal 0.78942708016781 0.6057459167381941 0.09938193725587571
    outer loop
      vertex -88.62132263183594 14.378680229187012 218
      vertex -88.84435272216797 14.796730041503906 217.22354125976562
      vertex -89.09807586669922 15 218
    endloop
  endfacet
  facet normal 0.4473973745093619 -0.8780678309222738 0.16980127673719891
    outer loop
      vertex -87.39546203613281 94.25595092773438 217.22354125976562
      vertex -88 94.09807586669922 218
      vertex -88.2032699584961 93.84435272216797 217.22354125976562
    endloop
  endfacet
  facet normal 0.21181981381456516 -0.5113801506632333 0.8328401455160599
    outer loop
      vertex -86.5 93 215.40191650390625
      vertex -87.56066131591797 93.33712005615234 215.87867736816406
      vertex -87.56066131591797 92.56066131591797 215.40191650390625
    endloop
  endfacet
  facet normal 0.21254118066299987 -0.21254118066299987 0.9537570408886931
    outer loop
      vertex -87.27645874023438 91.5 215.1022186279297
      vertex -86.5 92.27645874023438 215.1022186279297
      vertex -87.56066131591797 92.56066131591797 215.40191650390625
    endloop
  endfacet
  facet normal 0.7367477554921013 0.19741078808926066 0.6467083774958601
    outer loop
      vertex -88.33712005615234 15.439340591430664 215.87867736816406
      vertex -88.62132263183594 16.5 215.87867736816406
      vertex -88.90030670166016 15.505760192871094 216.5
    endloop
  endfacet
  facet normal 0.3779616438474456 -0.15655626235195008 0.9124884286929473
    outer loop
      vertex -87.27645874023438 91.5 215.1022186279297
      vertex -87.56066131591797 92.56066131591797 215.40191650390625
      vertex -88 91.5 215.40191650390625
    endloop
  endfacet
  facet normal 0.6829981251963165 0.4563598792582814 0.5703062524483522
    outer loop
      vertex -88.33712005615234 14.662882804870605 216.5
      vertex -88.33712005615234 15.439340591430664 215.87867736816406
      vertex -88.90030670166016 15.505760192871094 216.5
    endloop
  endfacet
  facet normal -0.9914442374123394 0.130530931590426 0
    outer loop
      vertex 95.39777374267578 15.723543167114258 218
      vertex 95.5 16.5 299.80517578125
      vertex 95.5 16.5 218
    endloop
  endfacet
  facet normal -0.9914442374123396 0.130530931590426 0
    outer loop
      vertex 95.5 16.5 299.80517578125
      vertex 95.39777374267578 15.723543167114258 218
      vertex 95.39777374267578 15.723543167114258 299.8475341796875
    endloop
  endfacet
  facet normal 0.3803849016699666 0.9183299771150026 0.1094412157895217
    outer loop
      vertex -87.27645874023438 13.60222339630127 218
      vertex -87.39546203613281 13.744050025939941 217.22354125976562
      vertex -88 13.901924133300781 218
    endloop
  endfacet
  facet normal 0.177543690647275 0.8925694111732786 0.41448532440742886
    outer loop
      vertex -87.39546203613281 13.744050025939941 217.22354125976562
      vertex -86.5 13.901924133300781 216.5
      vertex -87.4942398071289 14.099691390991211 216.5
    endloop
  endfacet
  facet normal 0.3779616271886687 0.15655653698160543 0.9124883884747361
    outer loop
      vertex -87.56066131591797 15.439340591430664 215.40191650390625
      vertex -87.27645874023438 16.5 215.1022186279297
      vertex -88 16.5 215.40191650390625
    endloop
  endfacet
  facet normal 0.1609901560140616 0.6008250640128557 0.7830015403053279
    outer loop
      vertex -86.5 14.378680229187012 215.87867736816406
      vertex -86.5 15 215.40191650390625
      vertex -87.56066131591797 14.662882804870605 215.87867736816406
    endloop
  endfacet
  facet normal 0.3826804604958138 -0.9238807634942465 0
    outer loop
      vertex -88 94.09807586669922 218
      vertex -87.27645874023438 94.39777374267578 227
      vertex -88 94.09807586669922 227
    endloop
  endfacet
  facet normal 0.3826804604958138 -0.9238807634942465 0
    outer loop
      vertex -87.27645874023438 94.39777374267578 227
      vertex -88 94.09807586669922 218
      vertex -87.27645874023438 94.39777374267578 218
    endloop
  endfacet
  facet normal 0.3826959120774541 -0.9238743460535689 0.00017771689788347278
    outer loop
      vertex -88 94.09807586669922 299.9212646484375
      vertex -87.27645874023438 94.39777374267578 299.8475341796875
      vertex -87.56935119628906 94.27645874023438 299.89776611328125
    endloop
  endfacet
  facet normal 0.3826804604958138 -0.9238807634942465 0
    outer loop
      vertex -88 94.09807586669922 232
      vertex -87.27645874023438 94.39777374267578 299.8475341796875
      vertex -88 94.09807586669922 299.9212646484375
    endloop
  endfacet
  facet normal 0.3826804604958138 -0.9238807634942465 0
    outer loop
      vertex -87.27645874023438 94.39777374267578 299.8475341796875
      vertex -88 94.09807586669922 232
      vertex -87.27645874023438 94.39777374267578 232
    endloop
  endfacet
  facet normal 0.1545501772050519 -0.9758219537660413 0.1545501772050519
    outer loop
      vertex -86.5 94.39777374267578 217.22354125976562
      vertex -87.27645874023438 94.39777374267578 218
      vertex -87.39546203613281 94.25595092773438 217.22354125976562
    endloop
  endfacet
  facet normal 0.14478202884536664 -0.9141463621271012 0.37864837611325647
    outer loop
      vertex -86.5 94.09807586669922 216.5
      vertex -86.5 94.39777374267578 217.22354125976562
      vertex -87.39546203613281 94.25595092773438 217.22354125976562
    endloop
  endfacet
  facet normal 0.46362031738253223 -0.46362031738253223 0.7550578803113309
    outer loop
      vertex -87.56066131591797 92.56066131591797 215.40191650390625
      vertex -87.56066131591797 93.33712005615234 215.87867736816406
      vertex -88.33712005615234 92.56066131591797 215.87867736816406
    endloop
  endfacet
  facet normal 0.5298711542142587 -0.5298711542142587 0.662173028643797
    outer loop
      vertex -87.56066131591797 93.33712005615234 215.87867736816406
      vertex -88.33712005615234 93.33712005615234 216.5
      vertex -88.33712005615234 92.56066131591797 215.87867736816406
    endloop
  endfacet
  facet normal 0.5113801094030168 0.21182017763260133 0.8328400783191523
    outer loop
      vertex -87.56066131591797 15.439340591430664 215.40191650390625
      vertex -88 16.5 215.40191650390625
      vertex -88.33712005615234 15.439340591430664 215.87867736816406
    endloop
  endfacet
  facet normal 0.6642639673533278 -0.6642639673533278 0.3427925952409619
    outer loop
      vertex -88.33712005615234 93.33712005615234 216.5
      vertex -88.2032699584961 93.84435272216797 217.22354125976562
      vertex -88.84435272216797 93.2032699584961 217.22354125976562
    endloop
  endfacet
  facet normal 0.13052104055558153 0 0.9914455395896884
    outer loop
      vertex -87.27645874023438 91.5 215.1022186279297
      vertex -86.5 16.5 215
      vertex -86.5 91.5 215
    endloop
  endfacet
  facet normal 0.13052104055558153 0 0.9914455395896884
    outer loop
      vertex -86.5 16.5 215
      vertex -87.27645874023438 91.5 215.1022186279297
      vertex -87.27645874023438 16.5 215.1022186279297
    endloop
  endfacet
  facet normal 0.12942327990569488 0.12942359783105212 0.983106884800894
    outer loop
      vertex -86.5 15.723543167114258 215.1022186279297
      vertex -86.5 16.5 215
      vertex -87.27645874023438 16.5 215.1022186279297
    endloop
  endfacet
  facet normal 0.7836579025792687 0.15588127527996964 0.6013163225309551
    outer loop
      vertex -88.90030670166016 15.505760192871094 216.5
      vertex -88.62132263183594 16.5 215.87867736816406
      vertex -89.09807586669922 16.5 216.5
    endloop
  endfacet
  facet normal 0.38268357870253084 0.9238794718963204 0
    outer loop
      vertex -88 13.901924133300781 218
      vertex -87.27645874023438 13.60222339630127 234.36244201660156
      vertex -87.27645874023438 13.60222339630127 218
    endloop
  endfacet
  facet normal 0.3826835787025309 0.9238794718963205 0
    outer loop
      vertex -87.27645874023438 13.60222339630127 234.36244201660156
      vertex -88 13.901924133300781 218
      vertex -88 13.901924133300781 236.52711486816406
    endloop
  endfacet
  facet normal 0.382684805206224 0.9238789637530554 0.000014101591321338172
    outer loop
      vertex -87.27645874023438 13.60222339630127 299.8475341796875
      vertex -88 13.901924133300781 299.9212646484375
      vertex -87.56935119628906 13.723543167114258 299.89776611328125
    endloop
  endfacet
  facet normal 0.3826835787025309 0.9238794718963204 0
    outer loop
      vertex -87.27645874023438 13.60222339630127 242.89016723632812
      vertex -88 13.901924133300781 299.9212646484375
      vertex -87.27645874023438 13.60222339630127 299.8475341796875
    endloop
  endfacet
  facet normal 0.38268357870253095 0.9238794718963205 0
    outer loop
      vertex -88 13.901924133300781 299.9212646484375
      vertex -87.27645874023438 13.60222339630127 242.89016723632812
      vertex -88 13.901924133300781 238.0152587890625
    endloop
  endfacet
  facet normal 0.15455413564277082 0.9758206998785341 0.15455413564277082
    outer loop
      vertex -87.27645874023438 13.60222339630127 218
      vertex -86.5 13.60222339630127 217.22354125976562
      vertex -87.39546203613281 13.744050025939941 217.22354125976562
    endloop
  endfacet
  facet normal 0.1305270254677345 0.9914447516743156 0
    outer loop
      vertex -87.27645874023438 13.60222339630127 218
      vertex -86.5 13.5 232.0982666015625
      vertex -86.5 13.5 218
    endloop
  endfacet
  facet normal 0.1305270254677345 0.9914447516743156 0
    outer loop
      vertex -86.5 13.5 232.0982666015625
      vertex -87.27645874023438 13.60222339630127 218
      vertex -87.27645874023438 13.60222339630127 234.36244201660156
    endloop
  endfacet
  facet normal 0.1305270254677345 0.9914447516743157 0
    outer loop
      vertex -86.5 13.5 244.5529327392578
      vertex -87.27645874023438 13.60222339630127 299.8475341796875
      vertex -86.5 13.5 299.80517578125
    endloop
  endfacet
  facet normal 0.13052702546773454 0.9914447516743157 0
    outer loop
      vertex -87.27645874023438 13.60222339630127 299.8475341796875
      vertex -86.5 13.5 244.5529327392578
      vertex -87.27645874023438 13.60222339630127 242.89016723632812
    endloop
  endfacet
  facet normal 0.424948353893765 0.8340071624632601 0.3519246360841492
    outer loop
      vertex -87.39546203613281 13.744050025939941 217.22354125976562
      vertex -87.4942398071289 14.099691390991211 216.5
      vertex -88.2032699584961 14.155649185180664 217.22354125976562
    endloop
  endfacet
  facet normal 0.4249470337973131 -0.8340065040221933 0.3519277904848447
    outer loop
      vertex -87.4942398071289 93.90030670166016 216.5
      vertex -87.39546203613281 94.25595092773438 217.22354125976562
      vertex -88.2032699584961 93.84435272216797 217.22354125976562
    endloop
  endfacet
  facet normal 0.17754510645041302 -0.8925679205809148 0.4144879278403333
    outer loop
      vertex -86.5 94.09807586669922 216.5
      vertex -87.39546203613281 94.25595092773438 217.22354125976562
      vertex -87.4942398071289 93.90030670166016 216.5
    endloop
  endfacet
  facet normal 0.8340065040221933 -0.4249470337973131 0.3519277904848447
    outer loop
      vertex -88.90030670166016 92.4942398071289 216.5
      vertex -88.84435272216797 93.2032699584961 217.22354125976562
      vertex -89.25595092773438 92.39546203613281 217.22354125976562
    endloop
  endfacet
  facet normal 0.7933560467907059 -0.6087579018137039 0
    outer loop
      vertex -89.09807586669922 93 227
      vertex -88.62132263183594 93.62132263183594 218
      vertex -88.62132263183594 93.62132263183594 227
    endloop
  endfacet
  facet normal 0.7933560467907059 -0.6087579018137039 0
    outer loop
      vertex -88.62132263183594 93.62132263183594 218
      vertex -89.09807586669922 93 227
      vertex -89.09807586669922 93 218
    endloop
  endfacet
  facet normal 0.793371745682766 -0.6087372873461654 -0.0004337588182242127
    outer loop
      vertex -89.09807586669922 93 299.9212646484375
      vertex -88.62132263183594 93.62132263183594 299.9680480957031
      vertex -88.71440887451172 93.5 299.9717712402344
    endloop
  endfacet
  facet normal 0.7933560467907058 -0.6087579018137039 0
    outer loop
      vertex -88.62132263183594 93.62132263183594 299.9680480957031
      vertex -89.09807586669922 93 299.9212646484375
      vertex -88.62132263183594 93.62132263183594 232
    endloop
  endfacet
  facet normal 0.7933560467907059 -0.6087579018137039 0
    outer loop
      vertex -88.62132263183594 93.62132263183594 232
      vertex -89.09807586669922 93 299.9212646484375
      vertex -89.09807586669922 93 232
    endloop
  endfacet
  facet normal 0.7933560467907059 0 0.6087579018137039
    outer loop
      vertex -89.09807586669922 16.5 216.5
      vertex -88.62132263183594 91.5 215.87867736816406
      vertex -89.09807586669922 91.5 216.5
    endloop
  endfacet
  facet normal 0.7933560467907059 0 0.6087579018137039
    outer loop
      vertex -88.62132263183594 91.5 215.87867736816406
      vertex -89.09807586669922 16.5 216.5
      vertex -88.62132263183594 16.5 215.87867736816406
    endloop
  endfacet
  facet normal 0.9758220110220148 0.15455018627322342 0.1545498066251221
    outer loop
      vertex -89.25595092773438 15.604537963867188 217.22354125976562
      vertex -89.39777374267578 16.5 217.22354125976562
      vertex -89.39777374267578 15.723543167114258 218
    endloop
  endfacet
  facet normal 0.4563589743424508 -0.682999089211375 0.5703058220582518
    outer loop
      vertex -87.56066131591797 93.33712005615234 215.87867736816406
      vertex -87.4942398071289 93.90030670166016 216.5
      vertex -88.33712005615234 93.33712005615234 216.5
    endloop
  endfacet
  facet normal 0.5113801506632333 -0.21181981381456516 0.8328401455160599
    outer loop
      vertex -88 91.5 215.40191650390625
      vertex -87.56066131591797 92.56066131591797 215.40191650390625
      vertex -88.33712005615234 92.56066131591797 215.87867736816406
    endloop
  endfacet
  facet normal 0.6008233398042799 0.16098998351744034 0.7830028988155057
    outer loop
      vertex -88.33712005615234 15.439340591430664 215.87867736816406
      vertex -88 16.5 215.40191650390625
      vertex -88.62132263183594 16.5 215.87867736816406
    endloop
  endfacet
  facet normal 0.664262580461256 0.6642645567803305 0.34279414056308594
    outer loop
      vertex -88.2032699584961 14.155649185180664 217.22354125976562
      vertex -88.33712005615234 14.662882804870605 216.5
      vertex -88.84435272216797 14.796730041503906 217.22354125976562
    endloop
  endfacet
  facet normal 0.6962108978627733 0.6962129692347244 0.17486534009482774
    outer loop
      vertex -88.62132263183594 14.378680229187012 218
      vertex -88.2032699584961 14.155649185180664 217.22354125976562
      vertex -88.84435272216797 14.796730041503906 217.22354125976562
    endloop
  endfacet
  facet normal 0.9914442374123396 0.130530931590426 0
    outer loop
      vertex -89.39777374267578 15.723543167114258 218
      vertex -89.5 16.5 299.80517578125
      vertex -89.39777374267578 15.723543167114258 299.8475341796875
    endloop
  endfacet
  facet normal 0.9914442374123394 0.130530931590426 0
    outer loop
      vertex -89.5 16.5 299.80517578125
      vertex -89.39777374267578 15.723543167114258 218
      vertex -89.5 16.5 218
    endloop
  endfacet
  facet normal 0.19741051945036808 -0.7367480777844494 0.6467080923347526
    outer loop
      vertex -86.5 93.62132263183594 215.87867736816406
      vertex -87.4942398071289 93.90030670166016 216.5
      vertex -87.56066131591797 93.33712005615234 215.87867736816406
    endloop
  endfacet
  facet normal 0.16098970151825256 -0.6008233678068247 0.7830029353088844
    outer loop
      vertex -86.5 93 215.40191650390625
      vertex -86.5 93.62132263183594 215.87867736816406
      vertex -87.56066131591797 93.33712005615234 215.87867736816406
    endloop
  endfacet
  facet normal 0.7495566479647616 -0.5008306870097465 0.432820348922247
    outer loop
      vertex -88.33712005615234 93.33712005615234 216.5
      vertex -88.84435272216797 93.2032699584961 217.22354125976562
      vertex -88.90030670166016 92.4942398071289 216.5
    endloop
  endfacet
  facet normal 0.8780678309222738 -0.4473973745093619 0.16980127673719891
    outer loop
      vertex -88.84435272216797 93.2032699584961 217.22354125976562
      vertex -89.09807586669922 93 218
      vertex -89.25595092773438 92.39546203613281 217.22354125976562
    endloop
  endfacet
  facet normal 0.9238807634942465 0 0.3826804604958137
    outer loop
      vertex -89.39777374267578 16.5 217.22354125976562
      vertex -89.09807586669922 91.5 216.5
      vertex -89.39777374267578 91.5 217.22354125976562
    endloop
  endfacet
  facet normal 0.9238807634942465 0 0.3826804604958137
    outer loop
      vertex -89.09807586669922 91.5 216.5
      vertex -89.39777374267578 16.5 217.22354125976562
      vertex -89.09807586669922 16.5 216.5
    endloop
  endfacet
  facet normal 0.9758219537660413 -0.1545501772050519 0.1545501772050519
    outer loop
      vertex -89.25595092773438 92.39546203613281 217.22354125976562
      vertex -89.39777374267578 92.27645874023438 218
      vertex -89.39777374267578 91.5 217.22354125976562
    endloop
  endfacet
  facet normal 0.7836579025792687 -0.15588127527996964 0.6013163225309551
    outer loop
      vertex -88.62132263183594 91.5 215.87867736816406
      vertex -88.90030670166016 92.4942398071289 216.5
      vertex -89.09807586669922 91.5 216.5
    endloop
  endfacet
  facet normal 0.6087640334084831 0 0.7933513418582181
    outer loop
      vertex -88.62132263183594 91.5 215.87867736816406
      vertex -88 16.5 215.40191650390625
      vertex -88 91.5 215.40191650390625
    endloop
  endfacet
  facet normal 0.6087640334084831 0 0.7933513418582181
    outer loop
      vertex -88 16.5 215.40191650390625
      vertex -88.62132263183594 91.5 215.87867736816406
      vertex -88.62132263183594 16.5 215.87867736816406
    endloop
  endfacet
  facet normal 0.9238807634942465 -0.3826804604958138 0
    outer loop
      vertex -89.39777374267578 92.27645874023438 227
      vertex -89.09807586669922 93 218
      vertex -89.09807586669922 93 227
    endloop
  endfacet
  facet normal 0.9238807634942465 -0.3826804604958138 0
    outer loop
      vertex -89.09807586669922 93 218
      vertex -89.39777374267578 92.27645874023438 227
      vertex -89.39777374267578 92.27645874023438 218
    endloop
  endfacet
  facet normal 0.9238743460535689 -0.3826959120774541 0.00017771689788347278
    outer loop
      vertex -89.39777374267578 92.27645874023438 299.8475341796875
      vertex -89.09807586669922 93 299.9212646484375
      vertex -89.27645874023438 92.56935119628906 299.89776611328125
    endloop
  endfacet
  facet normal 0.9238807634942465 -0.3826804604958138 0
    outer loop
      vertex -89.09807586669922 93 299.9212646484375
      vertex -89.39777374267578 92.27645874023438 299.8475341796875
      vertex -89.09807586669922 93 232
    endloop
  endfacet
  facet normal 0.9238807634942465 -0.3826804604958138 0
    outer loop
      vertex -89.09807586669922 93 232
      vertex -89.39777374267578 92.27645874023438 299.8475341796875
      vertex -89.39777374267578 92.27645874023438 232
    endloop
  endfacet
  facet normal 0.7894283566987844 -0.6057441069494627 0.09938282817395985
    outer loop
      vertex -88.84435272216797 93.2032699584961 217.22354125976562
      vertex -88.62132263183594 93.62132263183594 218
      vertex -89.09807586669922 93 218
    endloop
  endfacet
  facet normal 0.21254105671300658 0.21254157881530095 0.9537569797836436
    outer loop
      vertex -86.5 15.723543167114258 215.1022186279297
      vertex -87.27645874023438 16.5 215.1022186279297
      vertex -87.56066131591797 15.439340591430664 215.40191650390625
    endloop
  endfacet
  facet normal 0.15655658173637257 0.3779607740304284 0.9124887341821498
    outer loop
      vertex -86.5 15 215.40191650390625
      vertex -86.5 15.723543167114258 215.1022186279297
      vertex -87.56066131591797 15.439340591430664 215.40191650390625
    endloop
  endfacet
  facet normal 0.7933664609247447 0.6087442428582465 -0.00032475634826581164
    outer loop
      vertex -88.62132263183594 14.378680229187012 299.9680480957031
      vertex -89.09807586669922 15 299.9212646484375
      vertex -88.71440887451172 14.5 299.9717712402344
    endloop
  endfacet
  facet normal 0.7933546929629444 0.6087596661685729 0
    outer loop
      vertex -88.62132263183594 14.378680229187012 218
      vertex -89.09807586669922 15 299.9212646484375
      vertex -88.62132263183594 14.378680229187012 299.9680480957031
    endloop
  endfacet
  facet normal 0.7933546929629444 0.6087596661685729 0
    outer loop
      vertex -89.09807586669922 15 299.9212646484375
      vertex -88.62132263183594 14.378680229187012 218
      vertex -89.09807586669922 15 218
    endloop
  endfacet
  facet normal 0.8925679205809148 0.17754510645041302 0.4144879278403333
    outer loop
      vertex -88.90030670166016 15.505760192871094 216.5
      vertex -89.09807586669922 16.5 216.5
      vertex -89.25595092773438 15.604537963867188 217.22354125976562
    endloop
  endfacet
  facet normal 0.7495554693279941 0.5008315994741367 0.43282133423465674
    outer loop
      vertex -88.84435272216797 14.796730041503906 217.22354125976562
      vertex -88.33712005615234 14.662882804870605 216.5
      vertex -88.90030670166016 15.505760192871094 216.5
    endloop
  endfacet
  facet normal 0.7367480777844494 -0.19741051945036808 0.6467080923347526
    outer loop
      vertex -88.62132263183594 91.5 215.87867736816406
      vertex -88.33712005615234 92.56066131591797 215.87867736816406
      vertex -88.90030670166016 92.4942398071289 216.5
    endloop
  endfacet
  facet normal 0.6008233678068247 -0.16098970151825256 0.7830029353088844
    outer loop
      vertex -88 91.5 215.40191650390625
      vertex -88.33712005615234 92.56066131591797 215.87867736816406
      vertex -88.62132263183594 91.5 215.87867736816406
    endloop
  endfacet
  facet normal 0.9141463621271012 0.14478202884536664 0.37864837611325647
    outer loop
      vertex -89.25595092773438 15.604537963867188 217.22354125976562
      vertex -89.09807586669922 16.5 216.5
      vertex -89.39777374267578 16.5 217.22354125976562
    endloop
  endfacet
  facet normal 0.9914442789083516 -0.13053061640817715 0
    outer loop
      vertex -89.5 91.5 227
      vertex -89.39777374267578 92.27645874023438 218
      vertex -89.39777374267578 92.27645874023438 227
    endloop
  endfacet
  facet normal 0.9914442789083516 -0.13053061640817715 0
    outer loop
      vertex -89.39777374267578 92.27645874023438 218
      vertex -89.5 91.5 227
      vertex -89.5 91.5 218
    endloop
  endfacet
  facet normal 0.9914442789083516 -0.13053061640817712 0
    outer loop
      vertex -89.5 91.5 299.80517578125
      vertex -89.39777374267578 92.27645874023438 232
      vertex -89.39777374267578 92.27645874023438 299.8475341796875
    endloop
  endfacet
  facet normal 0.9914442789083515 -0.13053061640817712 0
    outer loop
      vertex -89.39777374267578 92.27645874023438 232
      vertex -89.5 91.5 299.80517578125
      vertex -89.5 91.5 232
    endloop
  endfacet
  facet normal 0.6087579018137039 -0.7933560467907059 0
    outer loop
      vertex -88.62132263183594 93.62132263183594 218
      vertex -88 94.09807586669922 227
      vertex -88.62132263183594 93.62132263183594 227
    endloop
  endfacet
  facet normal 0.6087579018137039 -0.7933560467907059 0
    outer loop
      vertex -88 94.09807586669922 227
      vertex -88.62132263183594 93.62132263183594 218
      vertex -88 94.09807586669922 218
    endloop
  endfacet
  facet normal 0.6087372873461654 -0.793371745682766 -0.0004337588182242127
    outer loop
      vertex -88.62132263183594 93.62132263183594 299.9680480957031
      vertex -88 94.09807586669922 299.9212646484375
      vertex -88.5 93.71440887451172 299.9717712402344
    endloop
  endfacet
  facet normal 0.6087579018137039 -0.7933560467907058 0
    outer loop
      vertex -88.62132263183594 93.62132263183594 232
      vertex -88 94.09807586669922 299.9212646484375
      vertex -88.62132263183594 93.62132263183594 299.9680480957031
    endloop
  endfacet
  facet normal 0.6087579018137039 -0.7933560467907059 0
    outer loop
      vertex -88 94.09807586669922 299.9212646484375
      vertex -88.62132263183594 93.62132263183594 232
      vertex -88 94.09807586669922 232
    endloop
  endfacet
  facet normal 0.4636201949858314 0.4636207644213889 0.7550576809745245
    outer loop
      vertex -87.56066131591797 14.662882804870605 215.87867736816406
      vertex -87.56066131591797 15.439340591430664 215.40191650390625
      vertex -88.33712005615234 15.439340591430664 215.87867736816406
    endloop
  endfacet
  facet normal 0.5298709714913029 0.5298716222985268 0.6621728002973167
    outer loop
      vertex -87.56066131591797 14.662882804870605 215.87867736816406
      vertex -88.33712005615234 15.439340591430664 215.87867736816406
      vertex -88.33712005615234 14.662882804870605 216.5
    endloop
  endfacet
  facet normal 0.6057463487797 0.7894265409426996 0.09938358715253809
    outer loop
      vertex -88 13.901924133300781 218
      vertex -88.2032699584961 14.155649185180664 217.22354125976562
      vertex -88.62132263183594 14.378680229187012 218
    endloop
  endfacet
  facet normal 0.4473980603901534 0.8780671425564331 0.1698030291894384
    outer loop
      vertex -88 13.901924133300781 218
      vertex -87.39546203613281 13.744050025939941 217.22354125976562
      vertex -88.2032699584961 14.155649185180664 217.22354125976562
    endloop
  endfacet
  facet normal 0.9238752272403196 0.3826937912353057 0.0001632225357024766
    outer loop
      vertex -89.09807586669922 15 299.9212646484375
      vertex -89.39777374267578 15.723543167114258 299.8475341796875
      vertex -89.27645874023438 15.43065071105957 299.89776611328125
    endloop
  endfacet
  facet normal 0.923881120153762 0.3826795994346052 0
    outer loop
      vertex -89.39777374267578 15.723543167114258 299.8475341796875
      vertex -89.09807586669922 15 299.9212646484375
      vertex -89.09807586669922 15 218
    endloop
  endfacet
  facet normal 0.923881120153762 0.3826795994346052 0
    outer loop
      vertex -89.39777374267578 15.723543167114258 299.8475341796875
      vertex -89.09807586669922 15 218
      vertex -89.39777374267578 15.723543167114258 218
    endloop
  endfacet
  facet normal 0.9831044265216845 0.12943293409972856 0.12943261615143703
    outer loop
      vertex -89.39777374267578 15.723543167114258 218
      vertex -89.39777374267578 16.5 217.22354125976562
      vertex -89.5 16.5 218
    endloop
  endfacet
  facet normal 0.9914442789083516 0 0.13053061640817715
    outer loop
      vertex -89.5 16.5 218
      vertex -89.39777374267578 91.5 217.22354125976562
      vertex -89.5 91.5 218
    endloop
  endfacet
  facet normal 0.9914442789083516 0 0.13053061640817715
    outer loop
      vertex -89.39777374267578 91.5 217.22354125976562
      vertex -89.5 16.5 218
      vertex -89.39777374267578 16.5 217.22354125976562
    endloop
  endfacet
  facet normal 0.8780678309222738 0.4473973745093619 0.16980127673719891
    outer loop
      vertex -89.09807586669922 15 218
      vertex -88.84435272216797 14.796730041503906 217.22354125976562
      vertex -89.25595092773438 15.604537963867188 217.22354125976562
    endloop
  endfacet
  facet normal 0.9183320718111304 0.380381135324149 0.10943672954080884
    outer loop
      vertex -89.09807586669922 15 218
      vertex -89.25595092773438 15.604537963867188 217.22354125976562
      vertex -89.39777374267578 15.723543167114258 218
    endloop
  endfacet
endsolid OpenSCAD_Model
